{"type":"FeatureCollection","features":[{"type":"Feature","geometry":{"geodesic":false,"type":"Polygon","coordinates":[[[77.5185004755827,11.159591111559992],[77.51921912780999,11.159591111559992],[77.51885980169634,11.159231785446345],[77.51921912780999,11.15905212238952],[77.52101575837823,11.15905212238952],[77.52101575837823,11.158513133219047],[77.522273399776,11.158333470162225],[77.52281238894646,11.157794480991752],[77.52281238894646,11.157075828764457],[77.52191407366234,11.156536839593985],[77.52191407366234,11.156177513480337],[77.52281238894646,11.156896165707632],[77.52335137811694,11.156536839593985],[77.52317171506012,11.157075828764457],[77.52371070423058,11.157075828764457],[77.52371070423058,11.1581538071054],[77.52317171506012,11.158872459332695],[77.52209373671917,11.15905212238952],[77.522273399776,11.159411448503167],[77.52335137811694,11.159231785446345],[77.52371070423058,11.159591111559992],[77.52407003034423,11.158872459332695],[77.52550733479882,11.157974144048577],[77.5260463239693,11.158513133219047],[77.52622598702612,11.159411448503167],[77.52568699785564,11.159411448503167],[77.52550733479882,11.160669089900935],[77.52514800868518,11.160848752957758],[77.52550733479882,11.161926731298703],[77.5260463239693,11.161567405185055],[77.52550733479882,11.162465720469173],[77.52568699785564,11.16318437269647],[77.52514800868518,11.163004709639646],[77.525327671742,11.164262351037413],[77.52478868257153,11.164621677151061],[77.52496834562835,11.164082687980589],[77.52371070423058,11.164082687980589],[77.52371070423058,11.163543698810118],[77.52335137811694,11.163723361866941],[77.52353104117375,11.164082687980589],[77.52299205200329,11.164082687980589],[77.52317171506012,11.163723361866941],[77.52281238894646,11.163543698810118],[77.522273399776,11.163723361866941],[77.52209373671917,11.163004709639646],[77.52245306283282,11.162825046582821],[77.52209373671917,11.162825046582821],[77.52191407366234,11.162106394355526],[77.52173441060552,11.162465720469173],[77.52119542143505,11.16228605741235],[77.52119542143505,11.161926731298703],[77.52065643226457,11.16228605741235],[77.52011744309411,11.16138774212823],[77.51957845392363,11.161208079071407],[77.51868013863951,11.161208079071407],[77.5185004755827,11.161567405185055],[77.51868013863951,11.16048942684411],[77.51814114946905,11.16048942684411],[77.51814114946905,11.160130100730463],[77.51796148641222,11.16048942684411],[77.51778182335539,11.160130100730463],[77.51742249724175,11.16048942684411],[77.51670384501445,11.160309763787287],[77.51760216029857,11.15995043767364],[77.51760216029857,11.159411448503167],[77.5185004755827,11.159591111559992]],[[77.52335137811694,11.15761481793493],[77.52317171506012,11.157435154878105],[77.52335137811694,11.157435154878105],[77.52335137811694,11.15761481793493]],[[77.52137508449188,11.159231785446345],[77.52119542143505,11.158872459332695],[77.52137508449188,11.158872459332695],[77.52137508449188,11.159231785446345]],[[77.51939879086682,11.159411448503167],[77.51921912780999,11.159231785446345],[77.51939879086682,11.159231785446345],[77.51939879086682,11.159411448503167]],[[77.51975811698046,11.159591111559992],[77.51957845392363,11.159411448503167],[77.51975811698046,11.159411448503167],[77.51975811698046,11.159591111559992]],[[77.51939879086682,11.161028416014583],[77.51903946475316,11.161028416014583],[77.51903946475316,11.160669089900935],[77.51993778003728,11.160130100730463],[77.5208360953214,11.160309763787287],[77.51939879086682,11.161028416014583]],[[77.52299205200329,11.16318437269647],[77.52281238894646,11.163004709639646],[77.52299205200329,11.163004709639646],[77.52299205200329,11.16318437269647]],[[77.5185004755827,11.160309763787287],[77.51832081252587,11.15995043767364],[77.5185004755827,11.15995043767364],[77.5185004755827,11.160309763787287]]]},"properties":{"transition":10,"ndbi_d":0.21753894167038731,"vv_d":-5.318280587159765,"area_ha":36.845644029386804}},{"type":"Feature","geometry":{"geodesic":false,"type":"MultiPolygon","coordinates":[[[[77.47771696168367,11.158872459332697],[77.47825595085415,11.15905212238952],[77.47825595085415,11.159411448503167],[77.4778966247405,11.15905212238952],[77.47753729862684,11.159411448503167],[77.47681864639955,11.159411448503167],[77.4764593202859,11.158872459332697],[77.47735763557002,11.158872459332697],[77.47753729862684,11.159231785446345],[77.47771696168367,11.158872459332697]]],[[[77.47843561391096,11.156177513480339],[77.47807628779732,11.156357176537162],[77.47807628779732,11.155997850423514],[77.47771696168367,11.155997850423514],[77.47825595085415,11.154740209025746],[77.4778966247405,11.154919872082571],[77.4771779725132,11.154560545968923],[77.47681864639955,11.155638524309866],[77.47663898334272,11.155279198196219],[77.47699830945638,11.154740209025746],[77.47627965722909,11.155099535139394],[77.47627965722909,11.154740209025746],[77.47681864639955,11.154740209025746],[77.47663898334272,11.153482567627979],[77.47699830945638,11.153662230684803],[77.47735763557002,11.153302904571156],[77.47699830945638,11.152763915400683],[77.47771696168367,11.152763915400683],[77.4778966247405,11.153482567627979],[77.47735763557002,11.154021556798451],[77.47771696168367,11.154021556798451],[77.4778966247405,11.154560545968923],[77.47843561391096,11.154740209025746],[77.47843561391096,11.153482567627979],[77.47933392919508,11.154021556798451],[77.47915426613827,11.154380882912099],[77.47861527696779,11.154021556798451],[77.47861527696779,11.154380882912099],[77.47915426613827,11.154560545968923],[77.47879494002461,11.154740209025746],[77.47915426613827,11.155638524309866],[77.47843561391096,11.156177513480339]],[[77.47681864639955,11.154380882912099],[77.47699830945638,11.154380882912099],[77.47699830945638,11.154560545968923],[77.47681864639955,11.154380882912099]],[[77.47699830945638,11.154201219855276],[77.47753729862684,11.154201219855276],[77.47753729862684,11.154380882912099],[77.47699830945638,11.154201219855276]],[[77.47843561391096,11.155638524309866],[77.47897460308144,11.155279198196219],[77.47879494002461,11.155818187366691],[77.47843561391096,11.155638524309866]],[[77.47861527696779,11.154919872082571],[77.47879494002461,11.154919872082571],[77.47879494002461,11.155099535139394],[77.47861527696779,11.154919872082571]],[[77.47753729862684,11.153123241514331],[77.47771696168367,11.153123241514331],[77.47771696168367,11.153482567627979],[77.47753729862684,11.153123241514331]],[[77.47753729862684,11.153123241514331],[77.47735763557002,11.152943578457508],[77.47753729862684,11.152943578457508],[77.47753729862684,11.153123241514331]]],[[[77.47843561391096,11.156177513480339],[77.47897460308144,11.156536839593986],[77.4795135922519,11.156357176537162],[77.4795135922519,11.156896165707634],[77.47915426613827,11.157255491821282],[77.47897460308144,11.156896165707634],[77.47933392919508,11.15671650265081],[77.47879494002461,11.15671650265081],[77.47861527696779,11.157075828764457],[77.47843561391096,11.157435154878105],[77.47771696168367,11.157255491821282],[77.47753729862684,11.15761481793493],[77.47771696168367,11.157974144048577],[77.47843561391096,11.157974144048577],[77.47825595085415,11.15761481793493],[77.47861527696779,11.157794480991754],[77.47879494002461,11.157435154878105],[77.47879494002461,11.157794480991754],[77.47933392919508,11.157794480991754],[77.47897460308144,11.158153807105402],[77.48005258142238,11.158153807105402],[77.47987291836556,11.15851313321905],[77.47915426613827,11.158333470162225],[77.47897460308144,11.158692796275872],[77.4795135922519,11.15851313321905],[77.4795135922519,11.15905212238952],[77.48005258142238,11.15905212238952],[77.47987291836556,11.159411448503167],[77.48023224447921,11.159591111559992],[77.4795135922519,11.159770774616817],[77.47969325530873,11.159411448503167],[77.47933392919508,11.159411448503167],[77.47933392919508,11.158872459332697],[77.47879494002461,11.15905212238952],[77.47807628779732,11.158692796275872],[77.47771696168367,11.158872459332697],[77.47681864639955,11.158153807105402],[77.47681864639955,11.157435154878105],[77.47609999417226,11.157435154878105],[77.4764593202859,11.157255491821282],[77.47609999417226,11.157075828764457],[77.47627965722909,11.15671650265081],[77.47592033111543,11.15671650265081],[77.4757406680586,11.158333470162225],[77.4757406680586,11.157794480991754],[77.47538134194495,11.157794480991754],[77.47556100500178,11.157435154878105],[77.47484235277449,11.15761481793493],[77.47502201583131,11.156896165707634],[77.47448302666083,11.156896165707634],[77.47520167888814,11.156536839593986],[77.4757406680586,11.15671650265081],[77.4757406680586,11.156357176537162],[77.47609999417226,11.156357176537162],[77.47609999417226,11.155997850423514],[77.47556100500178,11.155818187366691],[77.47663898334272,11.155818187366691],[77.47627965722909,11.156536839593986],[77.47681864639955,11.157255491821282],[77.47861527696779,11.15671650265081],[77.47843561391096,11.156177513480339]],[[77.47843561391096,11.157974144048577],[77.47861527696779,11.157974144048577],[77.47861527696779,11.158153807105402],[77.47843561391096,11.157974144048577]],[[77.47861527696779,11.157075828764457],[77.47843561391096,11.156896165707634],[77.47861527696779,11.156896165707634],[77.47861527696779,11.157075828764457]],[[77.47520167888814,11.156896165707634],[77.47538134194495,11.156896165707634],[77.47538134194495,11.157255491821282],[77.47520167888814,11.156896165707634]],[[77.47699830945638,11.157435154878105],[77.47735763557002,11.157435154878105],[77.47735763557002,11.15761481793493],[77.47699830945638,11.157435154878105]],[[77.47807628779732,11.158153807105402],[77.47825595085415,11.158153807105402],[77.47825595085415,11.158333470162225],[77.47807628779732,11.158153807105402]],[[77.47807628779732,11.15851313321905],[77.47843561391096,11.15851313321905],[77.47843561391096,11.158692796275872],[77.47807628779732,11.15851313321905]],[[77.47825595085415,11.157075828764457],[77.47843561391096,11.157075828764457],[77.47843561391096,11.157255491821282],[77.47825595085415,11.157075828764457]],[[77.47771696168367,11.158153807105402],[77.4778966247405,11.15851313321905],[77.47753729862684,11.15851313321905],[77.47771696168367,11.158153807105402]],[[77.47771696168367,11.158153807105402],[77.47753729862684,11.157974144048577],[77.47771696168367,11.157974144048577],[77.47771696168367,11.158153807105402]]],[[[77.48023224447921,11.159591111559992],[77.4809508967065,11.15905212238952],[77.48113055976333,11.15995043767364],[77.48077123364968,11.160669089900935],[77.48148988587697,11.161926731298703],[77.4809508967065,11.161926731298703],[77.48077123364968,11.162465720469175],[77.48113055976333,11.163723361866943],[77.4816695489338,11.163723361866943],[77.48184921199062,11.16408268798059],[77.48148988587697,11.164262351037413],[77.48148988587697,11.163903024923766],[77.4809508967065,11.163903024923766],[77.4809508967065,11.16318437269647],[77.48023224447921,11.163723361866943],[77.48059157059285,11.16408268798059],[77.48005258142238,11.16408268798059],[77.48059157059285,11.162825046582823],[77.48023224447921,11.16228605741235],[77.48113055976333,11.161567405185055],[77.48077123364968,11.16138774212823],[77.48077123364968,11.16174706824188],[77.47987291836556,11.16174706824188],[77.4795135922519,11.161028416014583],[77.48023224447921,11.16084875295776],[77.48005258142238,11.161208079071407],[77.48041190753602,11.161208079071407],[77.48005258142238,11.160309763787287],[77.48023224447921,11.159591111559992]],[[77.48077123364968,11.16138774212823],[77.48059157059285,11.161208079071407],[77.48077123364968,11.161208079071407],[77.48077123364968,11.16138774212823]],[[77.48041190753602,11.160309763787287],[77.48059157059285,11.159770774616817],[77.48077123364968,11.160489426844112],[77.48041190753602,11.160309763787287]],[[77.48041190753602,11.160489426844112],[77.48059157059285,11.160489426844112],[77.48059157059285,11.160669089900935],[77.48041190753602,11.160489426844112]]]]},"properties":{"transition":52,"ndbi_d":-0.037484274527139406,"vv_d":0.495320984683677,"area_ha":15.662489708189165}},{"type":"Feature","geometry":{"geodesic":false,"type":"Polygon","coordinates":[[[77.46280492796728,11.21887992031188],[77.46298459102411,11.218700257255056],[77.46208627573999,11.217622278914112],[77.46280492796728,11.217622278914112],[77.46352358019458,11.216364637516346],[77.46298459102411,11.216364637516346],[77.46298459102411,11.215645985289049],[77.46262526491046,11.215825648345874],[77.46280492796728,11.214568006948106],[77.4622659387968,11.214388343891283],[77.46316425408092,11.214029017777634],[77.4637032432514,11.21474767000493],[77.4644218954787,11.21474767000493],[77.4644218954787,11.215286659175401],[77.46460155853552,11.214927333061754],[77.46496088464917,11.215106996118578],[77.46478122159235,11.215645985289049],[77.46514054770599,11.216903626686817],[77.46549987381964,11.216903626686817],[77.46532021076281,11.216184974459521],[77.46603886299012,11.216364637516346],[77.46567953687646,11.216544300573169],[77.46549987381964,11.217981605027761],[77.46460155853552,11.217801941970936],[77.4644218954787,11.218161268084584],[77.46424223242187,11.219598572539175],[77.46460155853552,11.220137561709647],[77.46424223242187,11.220137561709647],[77.46406256936505,11.221035876993767],[77.46298459102411,11.220496887823295],[77.46316425408092,11.219957898652824],[77.46352358019458,11.219957898652824],[77.46334391713775,11.219598572539175],[77.46280492796728,11.219957898652824],[77.46208627573999,11.219778235596],[77.46244560185363,11.219418909482352],[77.4622659387968,11.219059583368704],[77.46262526491046,11.21887992031188],[77.46244560185363,11.219239246425527],[77.46280492796728,11.219239246425527],[77.46280492796728,11.21887992031188]],[[77.4637032432514,11.216184974459521],[77.46352358019458,11.216005311402698],[77.4637032432514,11.216005311402698],[77.4637032432514,11.216184974459521]],[[77.4644218954787,11.216364637516346],[77.46406256936505,11.216364637516346],[77.46424223242187,11.216005311402698],[77.4644218954787,11.216364637516346]],[[77.46424223242187,11.217262952800464],[77.4637032432514,11.217262952800464],[77.46388290630823,11.216723963629994],[77.46424223242187,11.217262952800464]],[[77.46298459102411,11.218161268084584],[77.46262526491046,11.218161268084584],[77.46262526491046,11.217801941970936],[77.46298459102411,11.218161268084584]]]},"properties":{"transition":51,"ndbi_d":-0.30494945356747855,"vv_d":4.955648368582669,"area_ha":14.523972154196507}},{"type":"Feature","geometry":{"geodesic":false,"type":"MultiPolygon","coordinates":[[[[77.7935646155801,11.380037682282923],[77.79392394169375,11.379858019226099],[77.7935646155801,11.381474986737514],[77.79320528946644,11.38129532368069],[77.79320528946644,11.380756334510219],[77.7935646155801,11.380756334510219],[77.7935646155801,11.38039700839657],[77.79320528946644,11.380576671453394],[77.79320528946644,11.380217345339746],[77.7935646155801,11.380037682282923]]],[[[77.79015101750043,11.377342736430565],[77.79015101750043,11.376624084203268],[77.79051034361409,11.376803747260093],[77.79033068055726,11.37716307337374],[77.79069000667091,11.377702062544213],[77.79122899584138,11.377702062544213],[77.79122899584138,11.378420714771508],[77.79176798501186,11.378241051714683],[77.7914086588982,11.377522399487388],[77.79176798501186,11.377702062544213],[77.7921273111255,11.377342736430565],[77.79176798501186,11.378780040885156],[77.79230697418232,11.38039700839657],[77.7928459633528,11.380037682282923],[77.79302562640962,11.380576671453394],[77.79248663723915,11.38039700839657],[77.79194764806869,11.381115660623866],[77.7914086588982,11.380935997567041],[77.79122899584138,11.38039700839657],[77.79069000667091,11.378959703941979],[77.79051034361409,11.379858019226099],[77.79086966972774,11.380037682282923],[77.79015101750043,11.380037682282923],[77.78925270221632,11.378780040885156],[77.78925270221632,11.378241051714683],[77.78871371304585,11.378600377828331],[77.7883543869322,11.378420714771508],[77.78853404998902,11.37806138865786],[77.78943236527314,11.378241051714683],[77.78943236527314,11.377342736430565],[77.78781539776173,11.377342736430565],[77.78709674553443,11.376624084203268],[77.78799506081856,11.376624084203268],[77.78889337610268,11.37716307337374],[77.78925270221632,11.376624084203268],[77.7897916913868,11.376624084203268],[77.79015101750043,11.377342736430565]],[[77.79015101750043,11.377342736430565],[77.79033068055726,11.377342736430565],[77.79033068055726,11.377522399487388],[77.79015101750043,11.377342736430565]],[[77.79069000667091,11.378959703941979],[77.79069000667091,11.378600377828331],[77.79122899584138,11.378959703941979],[77.79069000667091,11.378959703941979]],[[77.78961202832997,11.377702062544213],[77.78997135444362,11.377702062544213],[77.79033068055726,11.378600377828331],[77.78997135444362,11.378959703941979],[77.78961202832997,11.377702062544213]],[[77.79015101750043,11.37949869311245],[77.79033068055726,11.37949869311245],[77.79033068055726,11.379678356169276],[77.79015101750043,11.37949869311245]],[[77.79086966972774,11.378420714771508],[77.79104933278455,11.378420714771508],[77.79104933278455,11.378600377828331],[77.79086966972774,11.378420714771508]],[[77.79158832195503,11.37949869311245],[77.79176798501186,11.37949869311245],[77.79176798501186,11.379678356169276],[77.79158832195503,11.37949869311245]]],[[[77.79374427863692,11.378780040885156],[77.79392394169375,11.378420714771508],[77.79482225697787,11.378780040885156],[77.79500192003468,11.378420714771508],[77.79464259392104,11.378420714771508],[77.79464259392104,11.377881725601036],[77.79500192003468,11.377881725601036],[77.7951815830915,11.378600377828331],[77.79500192003468,11.378600377828331],[77.7951815830915,11.378780040885156],[77.79536124614833,11.37949869311245],[77.79464259392104,11.380037682282923],[77.79374427863692,11.379319030055628],[77.79320528946644,11.37949869311245],[77.7935646155801,11.380037682282923],[77.7928459633528,11.380037682282923],[77.79248663723915,11.379678356169276],[77.79320528946644,11.379319030055628],[77.79302562640962,11.378600377828331],[77.79374427863692,11.378780040885156]],[[77.79374427863692,11.378780040885156],[77.79410360475056,11.378780040885156],[77.79410360475056,11.378959703941979],[77.79374427863692,11.378780040885156]],[[77.79482225697787,11.378780040885156],[77.79500192003468,11.379319030055628],[77.79482225697787,11.379319030055628],[77.79482225697787,11.378780040885156]],[[77.79302562640962,11.379678356169276],[77.79320528946644,11.379858019226099],[77.79302562640962,11.379858019226099],[77.79302562640962,11.379678356169276]],[[77.79428326780739,11.379319030055628],[77.79446293086421,11.379319030055628],[77.79446293086421,11.37949869311245],[77.79428326780739,11.379319030055628]],[[77.79428326780739,11.379319030055628],[77.79392394169375,11.379139366998803],[77.79428326780739,11.379139366998803],[77.79428326780739,11.379319030055628]]],[[[77.7951815830915,11.378600377828331],[77.79554090920516,11.378241051714683],[77.79554090920516,11.379139366998803],[77.7951815830915,11.378780040885156],[77.7951815830915,11.378600377828331]]]]},"properties":{"transition":25,"ndbi_d":0.025597102574157198,"vv_d":0.3903374274767967,"area_ha":13.381139703124372}},{"type":"Feature","geometry":{"geodesic":false,"type":"MultiPolygon","coordinates":[[[[77.79104933278455,11.279785696575184],[77.79086966972774,11.280324685745656],[77.79015101750043,11.279067044347888],[77.79122899584138,11.277989066006946],[77.79086966972774,11.278887381291065],[77.79122899584138,11.278887381291065],[77.79122899584138,11.279426370461536],[77.79248663723915,11.279965359632008],[77.79176798501186,11.280504348802479],[77.79266630029598,11.280684011859304],[77.79302562640962,11.279785696575184],[77.7935646155801,11.279785696575184],[77.79410360475056,11.280504348802479],[77.79482225697787,11.280324685745656],[77.79500192003468,11.281582327143424],[77.79410360475056,11.281582327143424],[77.79446293086421,11.280863674916128],[77.79374427863692,11.280504348802479],[77.7935646155801,11.281582327143424],[77.79194764806869,11.281582327143424],[77.79158832195503,11.282480642427542],[77.79176798501186,11.283019631598014],[77.79069000667091,11.283199294654839],[77.79086966972774,11.283558620768487],[77.79122899584138,11.283378957711662],[77.79176798501186,11.28373828382531],[77.7921273111255,11.284456936052605],[77.7914086588982,11.284097609938957],[77.79051034361409,11.284277272995782],[77.79051034361409,11.283378957711662],[77.7897916913868,11.283917946882134],[77.7897916913868,11.283199294654839],[77.79104933278455,11.283019631598014],[77.79122899584138,11.281761990200247],[77.79176798501186,11.281761990200247],[77.79158832195503,11.281043337972951],[77.7921273111255,11.281043337972951],[77.79158832195503,11.280684011859304],[77.79158832195503,11.27960603351836],[77.79104933278455,11.279785696575184]],[[77.79104933278455,11.279785696575184],[77.79086966972774,11.27960603351836],[77.79104933278455,11.27960603351836],[77.79104933278455,11.279785696575184]],[[77.79122899584138,11.279426370461536],[77.79122899584138,11.27960603351836],[77.79104933278455,11.279426370461536],[77.79122899584138,11.279426370461536]],[[77.79069000667091,11.279246707404713],[77.79086966972774,11.279246707404713],[77.79086966972774,11.279426370461536],[77.79069000667091,11.279246707404713]],[[77.7914086588982,11.282660305484367],[77.79158832195503,11.282660305484367],[77.79158832195503,11.283019631598014],[77.7914086588982,11.282660305484367]],[[77.7928459633528,11.280684011859304],[77.79302562640962,11.280684011859304],[77.79302562640962,11.280863674916128],[77.7928459633528,11.280684011859304]]],[[[77.7921273111255,11.27637209849553],[77.79302562640962,11.275114457097763],[77.79320528946644,11.27547378321141],[77.79248663723915,11.276012772381883],[77.79248663723915,11.276911087666003],[77.79302562640962,11.27727041377965],[77.7928459633528,11.27780940295012],[77.79320528946644,11.27780940295012],[77.79320528946644,11.278528055177416],[77.79122899584138,11.277989066006946],[77.79122899584138,11.276731424609178],[77.7921273111255,11.27637209849553]],[[77.7921273111255,11.27637209849553],[77.79230697418232,11.27637209849553],[77.79230697418232,11.276551761552353],[77.7921273111255,11.27637209849553]],[[77.7928459633528,11.27780940295012],[77.7928459633528,11.277989066006946],[77.79266630029598,11.27780940295012],[77.7928459633528,11.27780940295012]],[[77.7914086588982,11.276731424609178],[77.79194764806869,11.276731424609178],[77.79194764806869,11.277090750722826],[77.7914086588982,11.277090750722826],[77.7914086588982,11.276731424609178]],[[77.7914086588982,11.27727041377965],[77.79158832195503,11.27727041377965],[77.79158832195503,11.277450076836473],[77.7914086588982,11.27727041377965]],[[77.7914086588982,11.277629739893298],[77.79176798501186,11.277629739893298],[77.79176798501186,11.27780940295012],[77.7914086588982,11.277629739893298]],[[77.7921273111255,11.27727041377965],[77.79230697418232,11.27727041377965],[77.79230697418232,11.277450076836473],[77.7921273111255,11.27727041377965]],[[77.79248663723915,11.277090750722826],[77.79266630029598,11.277090750722826],[77.79266630029598,11.277450076836473],[77.79248663723915,11.277090750722826]]]]},"properties":{"transition":1,"ndbi_d":-0.02290693867858687,"vv_d":2.1228115085894204,"area_ha":12.133292888136381}},{"type":"Feature","geometry":{"geodesic":false,"type":"Polygon","coordinates":[[[77.48885607120674,11.161028416014583],[77.48813741897945,11.160848752957758],[77.48813741897945,11.16048942684411],[77.4884967450931,11.160669089900935],[77.48867640814993,11.160309763787287],[77.48795775592262,11.159770774616815],[77.48867640814993,11.159591111559992],[77.48903573426357,11.160130100730463],[77.48975438649087,11.160130100730463],[77.48993404954768,11.159591111559992],[77.48939506037722,11.159411448503167],[77.48939506037722,11.158872459332695],[77.48867640814993,11.158872459332695],[77.48867640814993,11.158513133219047],[77.48795775592262,11.158333470162225],[77.48759842980898,11.158513133219047],[77.48723910369533,11.158333470162225],[77.48723910369533,11.157794480991752],[77.48670011452487,11.15761481793493],[77.48634078841121,11.158333470162225],[77.48687977758168,11.158513133219047],[77.48616112535439,11.158513133219047],[77.48598146229756,11.1581538071054],[77.48454415784298,11.1581538071054],[77.48436449478615,11.158513133219047],[77.4847238208998,11.158692796275872],[77.4832865164452,11.158513133219047],[77.48346617950203,11.1581538071054],[77.48310685338838,11.157794480991752],[77.48364584255886,11.157794480991752],[77.48292719033155,11.15761481793493],[77.48274752727474,11.156896165707632],[77.4832865164452,11.15671650265081],[77.48310685338838,11.157435154878105],[77.4840051686725,11.157435154878105],[77.48436449478615,11.1581538071054],[77.48490348395661,11.157974144048577],[77.4847238208998,11.15761481793493],[77.48580179924075,11.157974144048577],[77.48634078841121,11.157794480991752],[77.48634078841121,11.157075828764457],[77.48777809286581,11.156896165707632],[77.48813741897945,11.15581818736669],[77.48867640814993,11.15581818736669],[77.48831708203627,11.156357176537162],[77.48903573426357,11.156536839593985],[77.48903573426357,11.156896165707632],[77.49011371260451,11.156536839593985],[77.48975438649087,11.157974144048577],[77.49119169094546,11.158333470162225],[77.49119169094546,11.15905212238952],[77.49065270177499,11.15905212238952],[77.49065270177499,11.159411448503167],[77.49011371260451,11.159231785446345],[77.49047303871816,11.15995043767364],[77.49029337566134,11.160848752957758],[77.48903573426357,11.160669089900935],[77.48885607120674,11.161028416014583]],[[77.48867640814993,11.15995043767364],[77.4884967450931,11.159770774616815],[77.48867640814993,11.159770774616815],[77.48867640814993,11.15995043767364]],[[77.48741876675216,11.15725549182128],[77.4870594406385,11.157075828764457],[77.48741876675216,11.157075828764457],[77.48741876675216,11.15725549182128]],[[77.4870594406385,11.157435154878105],[77.48687977758168,11.15725549182128],[77.4870594406385,11.15725549182128],[77.4870594406385,11.157435154878105]],[[77.48759842980898,11.157435154878105],[77.48741876675216,11.15725549182128],[77.48759842980898,11.15725549182128],[77.48759842980898,11.157435154878105]],[[77.48687977758168,11.15761481793493],[77.48670011452487,11.157435154878105],[77.48687977758168,11.157435154878105],[77.48687977758168,11.15761481793493]],[[77.48831708203627,11.157794480991752],[77.48813741897945,11.15761481793493],[77.48831708203627,11.15761481793493],[77.48831708203627,11.157794480991752]],[[77.48885607120674,11.157974144048577],[77.48867640814993,11.157794480991752],[77.48885607120674,11.157794480991752],[77.48885607120674,11.157974144048577]],[[77.4840051686725,11.1581538071054],[77.48382550561568,11.157794480991752],[77.4840051686725,11.157794480991752],[77.4840051686725,11.1581538071054]],[[77.48382550561568,11.158333470162225],[77.48364584255886,11.1581538071054],[77.48382550561568,11.1581538071054],[77.48382550561568,11.158333470162225]],[[77.48831708203627,11.158333470162225],[77.48741876675216,11.157974144048577],[77.48777809286581,11.157435154878105],[77.4884967450931,11.157974144048577],[77.48831708203627,11.158333470162225]],[[77.48957472343405,11.158513133219047],[77.48903573426357,11.158513133219047],[77.48939506037722,11.15761481793493],[77.48903573426357,11.157794480991752],[77.48903573426357,11.157435154878105],[77.48831708203627,11.15761481793493],[77.48831708203627,11.15725549182128],[77.48777809286581,11.15725549182128],[77.48813741897945,11.157075828764457],[77.48813741897945,11.156536839593985],[77.4884967450931,11.157075828764457],[77.48867640814993,11.15671650265081],[77.48903573426357,11.157075828764457],[77.48975438649087,11.156896165707632],[77.48939506037722,11.157075828764457],[77.48975438649087,11.157974144048577],[77.48957472343405,11.158513133219047]],[[77.48993404954768,11.159231785446345],[77.48975438649087,11.158692796275872],[77.48993404954768,11.158692796275872],[77.48993404954768,11.159231785446345]],[[77.48903573426357,11.160669089900935],[77.48885607120674,11.16048942684411],[77.48903573426357,11.16048942684411],[77.48903573426357,11.160669089900935]],[[77.48993404954768,11.160669089900935],[77.48975438649087,11.16048942684411],[77.48993404954768,11.16048942684411],[77.48993404954768,11.160669089900935]]]},"properties":{"transition":52,"ndbi_d":-0.0338518169823025,"vv_d":0.5963323461652481,"area_ha":11.746844777188423}},{"type":"Feature","geometry":{"geodesic":false,"type":"Polygon","coordinates":[[[77.79464259392103,11.271521195961284],[77.79554090920516,11.271700859018107],[77.79554090920516,11.272060185131755],[77.79464259392103,11.271880522074932],[77.79464259392103,11.27223984818858],[77.7951815830915,11.27223984818858],[77.79536124614833,11.272599174302227],[77.79554090920516,11.27223984818858],[77.79554090920516,11.272958500415875],[77.79625956143245,11.2731381634727],[77.79625956143245,11.273497489586347],[77.79661888754609,11.2731381634727],[77.79661888754609,11.273497489586347],[77.7989545072848,11.273856815699995],[77.79931383339846,11.274216141813643],[77.79985282256892,11.274036478756818],[77.79985282256892,11.275833109325058],[77.79823585505751,11.275653446268233],[77.79805619200069,11.27601277238188],[77.79751720283022,11.27601277238188],[77.79679855060292,11.27547378321141],[77.79643922448928,11.275653446268233],[77.79625956143245,11.274755130984115],[77.79643922448928,11.274395804870466],[77.79697821365974,11.274395804870466],[77.79697821365974,11.27367715264317],[77.7959002353188,11.27367715264317],[77.79554090920516,11.274036478756818],[77.79482225697785,11.27367715264317],[77.79464259392103,11.2731381634727],[77.79428326780739,11.273497489586347],[77.7935646155801,11.272958500415875],[77.79320528946644,11.27367715264317],[77.79320528946644,11.272958500415875],[77.79392394169373,11.272599174302227],[77.79392394169373,11.272060185131755],[77.79302562640962,11.271880522074932],[77.79302562640962,11.271521195961284],[77.79374427863691,11.271521195961284],[77.79410360475056,11.272060185131755],[77.79464259392103,11.271521195961284]],[[77.79446293086421,11.27223984818858],[77.79428326780739,11.272060185131755],[77.79446293086421,11.272060185131755],[77.79446293086421,11.27223984818858]],[[77.79428326780739,11.272419511245403],[77.79410360475056,11.27223984818858],[77.79428326780739,11.27223984818858],[77.79428326780739,11.272419511245403]],[[77.79410360475056,11.272778837359052],[77.79392394169373,11.272599174302227],[77.79410360475056,11.272599174302227],[77.79410360475056,11.272778837359052]],[[77.79410360475056,11.2731381634727],[77.79392394169373,11.272958500415875],[77.79410360475056,11.272958500415875],[77.79410360475056,11.2731381634727]],[[77.79877484422798,11.274395804870466],[77.79823585505751,11.274216141813643],[77.79877484422798,11.274216141813643],[77.79877484422798,11.274395804870466]],[[77.79823585505751,11.274755130984115],[77.79805619200069,11.27457546792729],[77.79823585505751,11.27457546792729],[77.79823585505751,11.274755130984115]],[[77.79697821365974,11.274934794040938],[77.79661888754609,11.274934794040938],[77.79661888754609,11.27457546792729],[77.79697821365974,11.274934794040938]],[[77.7973375397734,11.274934794040938],[77.79715787671657,11.274755130984115],[77.7973375397734,11.274755130984115],[77.7973375397734,11.274934794040938]],[[77.79913417034163,11.275114457097763],[77.7989545072848,11.27457546792729],[77.7996731595121,11.274395804870466],[77.79913417034163,11.275114457097763]],[[77.79823585505751,11.275294120154586],[77.79751720283022,11.275114457097763],[77.79751720283022,11.274755130984115],[77.79823585505751,11.275294120154586]],[[77.79931383339846,11.27547378321141],[77.79913417034163,11.275294120154586],[77.79931383339846,11.275294120154586],[77.79931383339846,11.27547378321141]],[[77.79500192003468,11.272599174302227],[77.79482225697785,11.272778837359052],[77.79482225697785,11.272599174302227],[77.79500192003468,11.272599174302227]]]},"properties":{"transition":1,"ndbi_d":0.06259615315016005,"vv_d":4.758059858390584,"area_ha":11.350742273930495}},{"type":"Feature","geometry":{"geodesic":false,"type":"GeometryCollection","geometries":[{"type":"LineString","coordinates":[[77.76445920037462,11.431960305705031],[77.76445920037462,11.432139968761856]]},{"type":"Polygon","coordinates":[[[77.76571684177239,11.434295925443742],[77.76625583094285,11.434116262386919],[77.76643549399968,11.434475588500566],[77.76643549399968,11.435014577671037],[77.76571684177239,11.435014577671037],[77.76571684177239,11.434295925443742]]]},{"type":"Polygon","coordinates":[[[77.76409987426098,11.430882327364088],[77.76463886343144,11.43052300125044],[77.76481852648827,11.430882327364088],[77.76445920037462,11.429984012079968],[77.76463886343144,11.429445022909496],[77.76517785260192,11.429445022909496],[77.76517785260192,11.430163675136791],[77.76553717871556,11.429984012079968],[77.76535751565874,11.43052300125044],[77.76571684177239,11.430702664307264],[77.76553717871556,11.431241653477736],[77.76589650482921,11.431600979591384],[77.76553717871556,11.432499294875504],[77.76589650482921,11.432319631818679],[77.76571684177239,11.433038284045974],[77.76607616788604,11.433217947102799],[77.76571684177239,11.434295925443742],[77.76463886343144,11.434295925443742],[77.76463886343144,11.433936599330094],[77.7649981895451,11.433936599330094],[77.76481852648827,11.433397610159622],[77.76535751565874,11.433217947102799],[77.76535751565874,11.432858620989151],[77.76463886343144,11.432678957932326],[77.7649981895451,11.432139968761856],[77.76481852648827,11.431780642648206],[77.76445920037462,11.431780642648206],[77.76445920037462,11.431960305705031],[77.76427953731779,11.431960305705031],[77.76445920037462,11.432139968761856],[77.76445920037462,11.432499294875504],[77.76392021120415,11.432499294875504],[77.76374054814733,11.432139968761856],[77.76409987426098,11.431600979591384],[77.76374054814733,11.431421316534559],[77.7635608850905,11.432319631818679],[77.76320155897686,11.432499294875504],[77.76338122203367,11.433038284045974],[77.76248290674955,11.432319631818679],[77.7628422328632,11.432319631818679],[77.7628422328632,11.431600979591384],[77.76230324369273,11.431600979591384],[77.76212358063592,11.430343338193616],[77.76248290674955,11.429804349023144],[77.76320155897686,11.430343338193616],[77.76302189592003,11.42962468596632],[77.7635608850905,11.42962468596632],[77.76338122203367,11.429984012079968],[77.76409987426098,11.430163675136791],[77.76409987426098,11.430882327364088]],[[77.76409987426098,11.430882327364088],[77.76409987426098,11.431061990420911],[77.76392021120415,11.430882327364088],[77.76409987426098,11.430882327364088]],[[77.76481852648827,11.431780642648206],[77.76481852648827,11.431241653477736],[77.76553717871556,11.431600979591384],[77.76535751565874,11.431960305705031],[77.76481852648827,11.431780642648206]],[[77.76230324369273,11.430343338193616],[77.76248290674955,11.430343338193616],[77.76248290674955,11.43052300125044],[77.76230324369273,11.430343338193616]],[[77.76248290674955,11.430163675136791],[77.7628422328632,11.430163675136791],[77.7628422328632,11.430343338193616],[77.76248290674955,11.430163675136791]],[[77.76266256980638,11.431061990420911],[77.7628422328632,11.431061990420911],[77.7628422328632,11.431241653477736],[77.76266256980638,11.431061990420911]],[[77.76320155897686,11.430702664307264],[77.7635608850905,11.430702664307264],[77.76338122203367,11.431061990420911],[77.76320155897686,11.430702664307264]],[[77.76445920037462,11.430882327364088],[77.76463886343144,11.430882327364088],[77.76463886343144,11.431061990420911],[77.76445920037462,11.430882327364088]],[[77.7649981895451,11.430343338193616],[77.76517785260192,11.430343338193616],[77.76517785260192,11.43052300125044],[77.7649981895451,11.430343338193616]],[[77.76517785260192,11.431061990420911],[77.7649981895451,11.430882327364088],[77.76517785260192,11.430882327364088],[77.76517785260192,11.431061990420911]],[[77.76517785260192,11.431061990420911],[77.76535751565874,11.431061990420911],[77.76535751565874,11.431241653477736],[77.76517785260192,11.431061990420911]]]}]},"properties":{"transition":25,"ndbi_d":0.025813599211687688,"vv_d":0.5220241262240533,"area_ha":10.483851539120217}},{"type":"Feature","geometry":{"geodesic":false,"type":"GeometryCollection","geometries":[{"type":"LineString","coordinates":[[77.78422213662525,11.394949715999307],[77.78440179968207,11.394949715999307]]},{"type":"LineString","coordinates":[[77.78547977802302,11.394590389885659],[77.7860187671935,11.394590389885659]]},{"type":"Polygon","coordinates":[[[77.78404247356843,11.394949715999307],[77.78368314745478,11.394949715999307],[77.78386281051161,11.395668368226602],[77.78350348439795,11.395668368226602],[77.78332382134113,11.394949715999307],[77.78296449522749,11.395129379056131],[77.7831441582843,11.394770052942484],[77.78404247356843,11.394590389885659],[77.78404247356843,11.394949715999307]]]},{"type":"Polygon","coordinates":[[[77.7845814627389,11.396566683510722],[77.7845814627389,11.395668368226602],[77.78404247356843,11.395668368226602],[77.78404247356843,11.394949715999307],[77.78422213662525,11.394949715999307],[77.78440179968207,11.395129379056131],[77.78440179968207,11.394949715999307],[77.7845814627389,11.394949715999307],[77.78530011496619,11.394051400715187],[77.78547977802302,11.394590389885659],[77.78512045190936,11.394590389885659],[77.78512045190936,11.394949715999307],[77.7860187671935,11.394949715999307],[77.7860187671935,11.395488705169779],[77.78565944107984,11.395488705169779],[77.78619843025031,11.39602769434025],[77.78583910413667,11.396207357397074],[77.78583910413667,11.396746346567546],[77.7860187671935,11.396387020453899],[77.78709674553443,11.396387020453899],[77.78691708247761,11.396746346567546],[77.78781539776173,11.397464998794842],[77.7876357347049,11.398003987965312],[77.78727640859125,11.397285335738017],[77.78673741942079,11.397285335738017],[77.78637809330714,11.396746346567546],[77.78637809330714,11.398003987965312],[77.78673741942079,11.39782432490849],[77.78691708247761,11.398542977135785],[77.78619843025031,11.39872264019261],[77.78619843025031,11.399081966306257],[77.78709674553443,11.398902303249432],[77.78727640859125,11.399620955476728],[77.78637809330714,11.399800618533552],[77.78637809330714,11.4001599446472],[77.78727640859125,11.399980281590377],[77.78637809330714,11.400339607704025],[77.7860187671935,11.399980281590377],[77.78565944107984,11.4001599446472],[77.7860187671935,11.399800618533552],[77.78583910413667,11.399441292419905],[77.78530011496619,11.399441292419905],[77.78530011496619,11.398542977135785],[77.78583910413667,11.398183651022137],[77.78565944107984,11.39782432490849],[77.7860187671935,11.397285335738017],[77.78565944107984,11.39692600962437],[77.78386281051161,11.397285335738017],[77.78404247356843,11.396746346567546],[77.7845814627389,11.396566683510722]],[[77.7845814627389,11.396566683510722],[77.78494078885255,11.39692600962437],[77.7845814627389,11.39692600962437],[77.7845814627389,11.396566683510722]],[[77.7845814627389,11.395488705169779],[77.78476112579573,11.395488705169779],[77.78476112579573,11.395668368226602],[77.7845814627389,11.395488705169779]],[[77.78494078885255,11.396387020453899],[77.78512045190936,11.395488705169779],[77.78547977802302,11.395488705169779],[77.78512045190936,11.395848031283426],[77.78547977802302,11.396387020453899],[77.78494078885255,11.396387020453899]],[[77.78565944107984,11.398902303249432],[77.78583910413667,11.398902303249432],[77.78583910413667,11.399081966306257],[77.78565944107984,11.398902303249432]],[[77.78619843025031,11.398183651022137],[77.78637809330714,11.398183651022137],[77.78637809330714,11.398363314078962],[77.78619843025031,11.398183651022137]]]}]},"properties":{"transition":25,"ndbi_d":0.013375827956808813,"vv_d":0.7934709447251291,"area_ha":10.289516503628569}},{"type":"Feature","geometry":{"geodesic":false,"type":"MultiPolygon","coordinates":[[[[77.4606938870496,11.213714607428193],[77.46082863434222,11.21384935472081],[77.46082863434222,11.213669691663988],[77.46076874665363,11.213669691663988],[77.46226593879682,11.212771376379868],[77.46154728656951,11.212052724152572],[77.46154728656951,11.211154408868452],[77.46208627573999,11.211154408868452],[77.46208627573999,11.211873061095748],[77.46298459102411,11.211154408868452],[77.46280492796728,11.212052724152572],[77.46334391713776,11.21241205026622],[77.46406256936505,11.212232387209395],[77.46388290630823,11.212771376379868],[77.46478122159235,11.212771376379868],[77.46442189547871,11.211873061095748],[77.46478122159235,11.212052724152572],[77.465140547706,11.213130702493515],[77.46496088464917,11.214568006948108],[77.46549987381964,11.214388343891283],[77.46549987381964,11.214029017777635],[77.46585919993329,11.215286659175403],[77.46675751521741,11.21564598528905],[77.46585919993329,11.216723963629994],[77.46603886299012,11.216005311402698],[77.46549987381964,11.215466322232226],[77.46478122159235,11.21564598528905],[77.465140547706,11.215106996118578],[77.46496088464917,11.21474767000493],[77.46442189547871,11.214927333061755],[77.46460155853552,11.214029017777635],[77.46388290630823,11.214029017777635],[77.46388290630823,11.213669691663988],[77.46262526491046,11.213669691663988],[77.46262526491046,11.214029017777635],[77.46046930822858,11.21384935472081],[77.4606938870496,11.213714607428193]],[[77.46172694962634,11.21331036555034],[77.46208627573999,11.21331036555034],[77.46208627573999,11.213490028607163],[77.46172694962634,11.21331036555034]],[[77.46226593879682,11.212232387209395],[77.46244560185364,11.212232387209395],[77.46244560185364,11.21241205026622],[77.46226593879682,11.212232387209395]],[[77.46244560185364,11.213130702493515],[77.46280492796728,11.213130702493515],[77.46262526491046,11.213490028607163],[77.46244560185364,11.213130702493515]],[[77.46280492796728,11.212232387209395],[77.46334391713776,11.212951039436692],[77.46280492796728,11.212951039436692],[77.46280492796728,11.212232387209395]],[[77.46334391713776,11.21331036555034],[77.46352358019458,11.21331036555034],[77.46352358019458,11.213490028607163],[77.46334391713776,11.21331036555034]],[[77.46478122159235,11.213130702493515],[77.46496088464917,11.213130702493515],[77.46496088464917,11.21331036555034],[77.46478122159235,11.213130702493515]],[[77.465140547706,11.214568006948108],[77.46532021076283,11.214568006948108],[77.46532021076283,11.21474767000493],[77.465140547706,11.214568006948108]],[[77.46603886299012,11.21564598528905],[77.46621852604694,11.21564598528905],[77.46621852604694,11.215825648345874],[77.46603886299012,11.21564598528905]]],[[[77.46076874665363,11.213669691663988],[77.4606938870496,11.213714607428193],[77.4606489712854,11.213669691663988],[77.46076874665363,11.213669691663988]]]]},"properties":{"transition":50,"ndbi_d":-0.008760586991962253,"vv_d":1.301237921657547,"area_ha":9.669730085336706}},{"type":"Feature","geometry":{"geodesic":false,"type":"MultiPolygon","coordinates":[[[[77.79428326780739,11.440763795489403],[77.79410360475056,11.440045143262108],[77.79482225697787,11.440404469375755],[77.79536124614833,11.440584132432578],[77.79554090920516,11.441302784659873],[77.79607989837562,11.440763795489403],[77.79590023531881,11.441302784659873],[77.7966188875461,11.441302784659873],[77.79697821365974,11.442380763000818],[77.79715787671657,11.441841773830346],[77.79751720283022,11.442380763000818],[77.79823585505751,11.44202143688717],[77.79841551811434,11.443458741341761],[77.79787652894387,11.443638404398586],[77.79769686588705,11.444177393569056],[77.79805619200069,11.444357056625881],[77.79805619200069,11.445075708853176],[77.79877484422799,11.444716382739529],[77.79877484422799,11.445435034966824],[77.79769686588705,11.44525537191],[77.79787652894387,11.444357056625881],[77.79751720283022,11.444177393569056],[77.79715787671657,11.444446888154292],[77.79715787671657,11.444357056625881],[77.79697821365974,11.444357056625881],[77.79715787671657,11.443997730512233],[77.79679855060293,11.443997730512233],[77.79679855060293,11.443638404398586],[77.79715787671657,11.443279078284936],[77.7966188875461,11.443279078284936],[77.79625956143245,11.443997730512233],[77.79607989837562,11.443458741341761],[77.79554090920516,11.443458741341761],[77.79590023531881,11.443099415228113],[77.79625956143245,11.443458741341761],[77.79679855060293,11.442560426057641],[77.79643922448928,11.44202143688717],[77.79572057226198,11.442380763000818],[77.79625956143245,11.442380763000818],[77.79607989837562,11.442919752171289],[77.79554090920516,11.442560426057641],[77.79536124614833,11.442919752171289],[77.79500192003468,11.443638404398586],[77.79482225697787,11.443279078284936],[77.79446293086421,11.443458741341761],[77.79482225697787,11.442380763000818],[77.79428326780739,11.442380763000818],[77.79410360475056,11.44202143688717],[77.79446293086421,11.44202143688717],[77.79464259392104,11.441482447716698],[77.7951815830915,11.44202143688717],[77.79536124614833,11.441482447716698],[77.79500192003468,11.441482447716698],[77.79500192003468,11.44112312160305],[77.79392394169375,11.44112312160305],[77.79392394169375,11.44202143688717],[77.79320528946644,11.441662110773523],[77.7935646155801,11.441662110773523],[77.7935646155801,11.44112312160305],[77.79428326780739,11.440763795489403]],[[77.79554090920516,11.442560426057641],[77.79536124614833,11.442380763000818],[77.79554090920516,11.442380763000818],[77.79554090920516,11.442560426057641]],[[77.79464259392104,11.44202143688717],[77.79482225697787,11.441841773830346],[77.79482225697787,11.44202143688717],[77.79464259392104,11.44202143688717]],[[77.7951815830915,11.44112312160305],[77.79536124614833,11.44112312160305],[77.79536124614833,11.441302784659873],[77.7951815830915,11.44112312160305]],[[77.79554090920516,11.441482447716698],[77.79572057226198,11.441482447716698],[77.79572057226198,11.441662110773523],[77.79554090920516,11.441482447716698]],[[77.79643922448928,11.441841773830346],[77.7966188875461,11.441841773830346],[77.7966188875461,11.44202143688717],[77.79643922448928,11.441841773830346]],[[77.79697821365974,11.442560426057641],[77.79715787671657,11.442560426057641],[77.79715787671657,11.442740089114466],[77.79697821365974,11.442560426057641]],[[77.79715787671657,11.442380763000818],[77.7973375397734,11.442380763000818],[77.7973375397734,11.442560426057641],[77.79715787671657,11.442380763000818]],[[77.79769686588705,11.442560426057641],[77.79787652894387,11.442560426057641],[77.79787652894387,11.442740089114466],[77.79769686588705,11.442560426057641]],[[77.79590023531881,11.441482447716698],[77.79643922448928,11.441662110773523],[77.79625956143245,11.44202143688717],[77.79572057226198,11.44202143688717],[77.79590023531881,11.441482447716698]],[[77.79554090920516,11.442201099943993],[77.79536124614833,11.44202143688717],[77.79554090920516,11.44202143688717],[77.79554090920516,11.442201099943993]],[[77.7951815830915,11.442560426057641],[77.79500192003468,11.442380763000818],[77.7951815830915,11.442380763000818],[77.7951815830915,11.442560426057641]],[[77.79482225697787,11.440763795489403],[77.79500192003468,11.440943458546226],[77.79482225697787,11.440943458546226],[77.79482225697787,11.440763795489403]],[[77.79446293086421,11.440763795489403],[77.79446293086421,11.440943458546226],[77.79428326780739,11.440763795489403],[77.79446293086421,11.440763795489403]],[[77.79446293086421,11.440763795489403],[77.79482225697787,11.440584132432578],[77.79482225697787,11.440763795489403],[77.79446293086421,11.440763795489403]],[[77.79536124614833,11.442919752171289],[77.7951815830915,11.442560426057641],[77.79536124614833,11.442560426057641],[77.79536124614833,11.442919752171289]],[[77.79572057226198,11.442380763000818],[77.79554090920516,11.442201099943993],[77.79572057226198,11.442201099943993],[77.79572057226198,11.442380763000818]],[[77.79590023531881,11.441482447716698],[77.79572057226198,11.441302784659873],[77.79590023531881,11.441302784659873],[77.79590023531881,11.441482447716698]]],[[[77.79697821365974,11.444357056625881],[77.79710654441206,11.444485387378188],[77.79679855060293,11.444716382739529],[77.79697821365974,11.444357056625881]]],[[[77.79710654441206,11.444485387378188],[77.79715787671657,11.444446888154292],[77.79715787671657,11.444536719682704],[77.79710654441206,11.444485387378188]]]]},"properties":{"transition":25,"ndbi_d":0.024292595863772973,"vv_d":-0.3416697147388292,"area_ha":9.114341495255758}},{"type":"Feature","geometry":{"geodesic":false,"type":"MultiPolygon","coordinates":[[[[77.74667255774905,11.433397610159622],[77.74739120997636,11.433577273216446],[77.74685222080588,11.434116262386919],[77.74631323163541,11.433936599330094],[77.74649289469222,11.433577273216446],[77.74613356857859,11.433577273216446],[77.74595390552176,11.433038284045974],[77.74649289469222,11.432858620989151],[77.74667255774905,11.433397610159622]]],[[[77.74667255774905,11.433397610159622],[77.74667255774905,11.432499294875504],[77.7470318838627,11.432319631818679],[77.74667255774905,11.432319631818679],[77.74685222080588,11.431241653477736],[77.74649289469222,11.431061990420911],[77.74685222080588,11.430882327364088],[77.74631323163541,11.43052300125044],[77.74631323163541,11.429265359852673],[77.74667255774905,11.429445022909496],[77.74649289469222,11.429984012079968],[77.74721154691953,11.43052300125044],[77.74846918831729,11.430163675136791],[77.74810986220365,11.431241653477736],[77.74846918831729,11.431780642648206],[77.74793019914682,11.431600979591384],[77.74793019914682,11.431960305705031],[77.74828952526047,11.431960305705031],[77.74793019914682,11.432499294875504],[77.74846918831729,11.432678957932326],[77.74828952526047,11.433577273216446],[77.74882851443094,11.433577273216446],[77.74954716665823,11.43375693627327],[77.74954716665823,11.434116262386919],[77.74882851443094,11.434475588500566],[77.74900817748777,11.435194240727862],[77.74864885137411,11.435373903784685],[77.74775053609,11.435014577671037],[77.74775053609,11.43465525155739],[77.74864885137411,11.434295925443742],[77.74757087303317,11.43375693627327],[77.74775053609,11.433038284045974],[77.74667255774905,11.433397610159622]],[[77.74739120997636,11.431780642648206],[77.74757087303317,11.431780642648206],[77.74757087303317,11.431960305705031],[77.74739120997636,11.431780642648206]],[[77.74775053609,11.433397610159622],[77.74793019914682,11.433397610159622],[77.74793019914682,11.433577273216446],[77.74775053609,11.433397610159622]],[[77.74828952526047,11.43465525155739],[77.74846918831729,11.43465525155739],[77.74846918831729,11.434834914614214],[77.74828952526047,11.43465525155739]],[[77.74864885137411,11.433936599330094],[77.74882851443094,11.43375693627327],[77.74882851443094,11.433936599330094],[77.74864885137411,11.433936599330094]]]]},"properties":{"transition":54,"ndbi_d":0.02407469907800829,"vv_d":0.5136645524079555,"area_ha":8.997316314650378}},{"type":"Feature","geometry":{"geodesic":false,"type":"Polygon","coordinates":[[[77.48077123364968,11.306016502871474],[77.48041190753602,11.305657176757826],[77.48041190753602,11.302602904791819],[77.48131022282014,11.302782567848643],[77.48148988587697,11.302243578678171],[77.48148988587697,11.302782567848643],[77.48184921199062,11.302962230905466],[77.48274752727474,11.302962230905466],[77.48274752727474,11.302602904791819],[77.48346617950203,11.302782567848643],[77.4832865164452,11.303680883132763],[77.48202887504743,11.304219872303234],[77.48256786421791,11.305657176757826],[77.48077123364968,11.306016502871474]],[[77.48077123364968,11.302962230905466],[77.48059157059285,11.302782567848643],[77.48077123364968,11.302782567848643],[77.48077123364968,11.302962230905466]]]},"properties":{"transition":54,"ndbi_d":0.24600147153041116,"vv_d":-0.2713136981985846,"area_ha":8.68827530321209}},{"type":"Feature","geometry":{"geodesic":false,"type":"GeometryCollection","geometries":[{"type":"LineString","coordinates":[[77.76374054814733,11.436272219068805],[77.76320155897686,11.436631545182452]]},{"type":"Polygon","coordinates":[[[77.76427953731779,11.43465525155739],[77.76427953731779,11.435733229898332],[77.76481852648827,11.435373903784685],[77.76463886343144,11.435912892955157],[77.76553717871556,11.43555356684151],[77.76535751565874,11.435194240727862],[77.76571684177239,11.435194240727862],[77.76589650482921,11.435733229898332],[77.76625583094285,11.435194240727862],[77.76715414622699,11.435194240727862],[77.7666151570565,11.43465525155739],[77.76697448317016,11.434295925443742],[77.76679482011333,11.433577273216446],[77.7673338092838,11.433397610159622],[77.7673338092838,11.434295925443742],[77.76787279845428,11.434116262386919],[77.76751347234062,11.433936599330094],[77.76751347234062,11.433217947102799],[77.76823212456792,11.43375693627327],[77.76823212456792,11.43465525155739],[77.76769313539745,11.434834914614214],[77.76841178762474,11.435014577671037],[77.76841178762474,11.435912892955157],[77.76769313539745,11.436272219068805],[77.76769313539745,11.435912892955157],[77.76715414622699,11.435912892955157],[77.76751347234062,11.436092556011982],[77.7673338092838,11.436811208239277],[77.76625583094285,11.4369908712961],[77.76643549399968,11.436631545182452],[77.76715414622699,11.436811208239277],[77.76715414622699,11.436092556011982],[77.76553717871556,11.436092556011982],[77.76589650482921,11.436811208239277],[77.76553717871556,11.43645188212563],[77.76517785260192,11.436631545182452],[77.76535751565874,11.436092556011982],[77.7649981895451,11.436092556011982],[77.7649981895451,11.436631545182452],[77.76463886343144,11.436092556011982],[77.76409987426098,11.436092556011982],[77.76409987426098,11.43645188212563],[77.76374054814733,11.436272219068805],[77.7635608850905,11.43555356684151],[77.76409987426098,11.435373903784685],[77.76409987426098,11.43465525155739],[77.76374054814733,11.434116262386919],[77.76338122203367,11.43465525155739],[77.76320155897686,11.434295925443742],[77.76374054814733,11.433936599330094],[77.76427953731779,11.43465525155739]],[[77.76374054814733,11.435733229898332],[77.76392021120415,11.435733229898332],[77.76392021120415,11.436092556011982],[77.76374054814733,11.435733229898332]],[[77.76679482011333,11.435733229898332],[77.76697448317016,11.435733229898332],[77.76697448317016,11.435912892955157],[77.76679482011333,11.435733229898332]],[[77.76787279845428,11.435733229898332],[77.7680524615111,11.435733229898332],[77.7680524615111,11.435912892955157],[77.76787279845428,11.435733229898332]]]},{"type":"Polygon","coordinates":[[[77.76427953731779,11.43465525155739],[77.76409987426098,11.433038284045974],[77.76463886343144,11.433577273216446],[77.76427953731779,11.433936599330094],[77.76427953731779,11.43465525155739]]]}]},"properties":{"transition":25,"ndbi_d":0.016733541749040754,"vv_d":0.6884622678091264,"area_ha":8.606041366843376}},{"type":"Feature","geometry":{"geodesic":false,"type":"MultiPolygon","coordinates":[[[[77.71788155289302,11.366203626907483],[77.71738747948676,11.366203626907483],[77.71666882725947,11.366922279134778],[77.71684849031628,11.367820594418898],[77.71648916420264,11.367820594418898],[77.71612983808899,11.367461268305249],[77.71451287057758,11.367461268305249],[77.7139738814071,11.367101942191601],[77.71289590306615,11.367281605248426],[77.71307556612298,11.366023963850658],[77.71271624000934,11.366922279134778],[77.71217725083886,11.366742616077953],[77.71217725083886,11.366023963850658],[77.71127893555474,11.36566463773701],[77.71145859861157,11.364945985509715],[77.71307556612298,11.365484974680186],[77.71307556612298,11.365844300793833],[77.71379421835029,11.36566463773701],[77.71343489223663,11.365844300793833],[77.71343489223663,11.366383289964306],[77.71379421835029,11.366023963850658],[77.71379421835029,11.366383289964306],[77.71595017503216,11.366023963850658],[77.71612983808899,11.36566463773701],[77.71788155289302,11.366203626907483]],[[77.7139738814071,11.36656295302113],[77.71415354446393,11.36656295302113],[77.71415354446393,11.366742616077953],[77.7139738814071,11.36656295302113]],[[77.71433320752075,11.36656295302113],[77.71505185974804,11.366383289964306],[77.71523152280487,11.366742616077953],[77.71612983808899,11.366742616077953],[77.71612983808899,11.367101942191601],[77.71433320752075,11.36656295302113]],[[77.71630950114582,11.36656295302113],[77.71666882725947,11.36656295302113],[77.71666882725947,11.366742616077953],[77.71630950114582,11.36656295302113]],[[77.71630950114582,11.366922279134778],[77.71648916420264,11.366922279134778],[77.71648916420264,11.367101942191601],[77.71630950114582,11.366922279134778]],[[77.71648916420264,11.367281605248426],[77.71666882725947,11.367281605248426],[77.71666882725947,11.367461268305249],[77.71648916420264,11.367281605248426]]],[[[77.71792646865723,11.366217447146768],[77.7184654578277,11.366383289964306],[77.71792646865723,11.36656295302113],[77.71792646865723,11.366217447146768]]],[[[77.71788155289302,11.366203626907483],[77.71792646865723,11.366203626907483],[77.71792646865723,11.366217447146768],[77.71788155289302,11.366203626907483]]]]},"properties":{"transition":1,"ndbi_d":0.0373278509697521,"vv_d":3.658254270848385,"area_ha":8.295102485231117}},{"type":"Feature","geometry":{"geodesic":false,"type":"GeometryCollection","geometries":[{"type":"LineString","coordinates":[[77.56575185952738,11.153123241514331],[77.56593152258421,11.153123241514331]]},{"type":"Polygon","coordinates":[[[77.56629084869786,11.156536839593986],[77.56647051175467,11.157075828764457],[77.56557219647055,11.157075828764457],[77.56629084869786,11.156896165707634],[77.56629084869786,11.156536839593986]]]},{"type":"Polygon","coordinates":[[[77.56413489201597,11.153482567627979],[77.56449421812961,11.153841893741626],[77.56467388118644,11.153482567627979],[77.56521287035692,11.153662230684803],[77.56539253341373,11.153302904571156],[77.56521287035692,11.154021556798451],[77.56557219647055,11.154201219855276],[77.56521287035692,11.154380882912099],[77.56575185952738,11.154740209025746],[77.56539253341373,11.155279198196219],[77.56467388118644,11.154380882912099],[77.56341623978867,11.154560545968923],[77.5643145550728,11.154201219855276],[77.56413489201597,11.153662230684803],[77.56395522895914,11.154201219855276],[77.56341623978867,11.154201219855276],[77.56377556590232,11.153482567627979],[77.56413489201597,11.153482567627979]],[[77.56467388118644,11.154021556798451],[77.56485354424326,11.153841893741626],[77.56485354424326,11.154021556798451],[77.56467388118644,11.154021556798451]],[[77.56485354424326,11.154201219855276],[77.56503320730009,11.154380882912099],[77.56485354424326,11.154380882912099],[77.56485354424326,11.154201219855276]],[[77.56521287035692,11.154560545968923],[77.56539253341373,11.154560545968923],[77.56539253341373,11.154740209025746],[77.56521287035692,11.154560545968923]]]},{"type":"Polygon","coordinates":[[[77.56467388118644,11.153482567627979],[77.56413489201597,11.153482567627979],[77.56377556590232,11.152943578457508],[77.56485354424326,11.152943578457508],[77.56467388118644,11.153482567627979]],[[77.5643145550728,11.153123241514331],[77.56449421812961,11.153123241514331],[77.56449421812961,11.153302904571156],[77.5643145550728,11.153123241514331]]]},{"type":"Polygon","coordinates":[[[77.56539253341373,11.155279198196219],[77.56611118564103,11.155279198196219],[77.56557219647055,11.153123241514331],[77.56575185952738,11.153123241514331],[77.56593152258421,11.153302904571156],[77.56593152258421,11.153123241514331],[77.56718916398198,11.153123241514331],[77.5666501748115,11.153302904571156],[77.5666501748115,11.153662230684803],[77.56736882703879,11.153482567627979],[77.56718916398198,11.154021556798451],[77.56754849009562,11.154201219855276],[77.56700950092515,11.154380882912099],[77.56700950092515,11.155638524309866],[77.5666501748115,11.155782254755325],[77.5666501748115,11.155279198196219],[77.56575185952738,11.155458861253042],[77.56575185952738,11.155818187366691],[77.56656034328309,11.155818187366691],[77.56611118564103,11.155997850423514],[77.56629084869786,11.156536839593986],[77.56485354424326,11.15671650265081],[77.56503320730009,11.155997850423514],[77.5643145550728,11.155458861253042],[77.56521287035692,11.155638524309866],[77.56539253341373,11.155279198196219]],[[77.56593152258421,11.153302904571156],[77.56629084869786,11.153302904571156],[77.56629084869786,11.153482567627979],[77.56593152258421,11.153302904571156]],[[77.56521287035692,11.156357176537162],[77.56557219647055,11.156357176537162],[77.56557219647055,11.156536839593986],[77.56521287035692,11.156357176537162]],[[77.56539253341373,11.155458861253042],[77.56557219647055,11.155458861253042],[77.56557219647055,11.155638524309866],[77.56539253341373,11.155458861253042]],[[77.56539253341373,11.155818187366691],[77.56575185952738,11.156177513480339],[77.56539253341373,11.156177513480339],[77.56539253341373,11.155818187366691]],[[77.56575185952738,11.156357176537162],[77.56593152258421,11.156357176537162],[77.56593152258421,11.156536839593986],[77.56575185952738,11.156357176537162]],[[77.5666501748115,11.154560545968923],[77.56682983786833,11.154560545968923],[77.56682983786833,11.154740209025746],[77.5666501748115,11.154560545968923]],[[77.56611118564103,11.154380882912099],[77.56629084869786,11.154380882912099],[77.56629084869786,11.154560545968923],[77.56611118564103,11.154380882912099]],[[77.56611118564103,11.154380882912099],[77.56593152258421,11.154201219855276],[77.56611118564103,11.154201219855276],[77.56611118564103,11.154380882912099]]]},{"type":"Polygon","coordinates":[[[77.5666501748115,11.155782254755325],[77.5666501748115,11.155818187366691],[77.56656034328309,11.155818187366691],[77.5666501748115,11.155782254755325]]]}]},"properties":{"transition":15,"ndbi_d":-0.06537665516211122,"vv_d":0.34166635495547587,"area_ha":7.98795712515551}},{"type":"Feature","geometry":{"geodesic":false,"type":"GeometryCollection","geometries":[{"type":"LineString","coordinates":[[77.79194764806869,11.431960305705031],[77.79194764806869,11.432319631818679]]},{"type":"Polygon","coordinates":[[[77.78907303915949,11.435733229898332],[77.78925270221632,11.435014577671037],[77.78997135444362,11.434834914614214],[77.7897916913868,11.433577273216446],[77.79015101750043,11.433397610159622],[77.79069000667091,11.431421316534559],[77.78997135444362,11.431600979591384],[77.78961202832997,11.431061990420911],[77.79015101750043,11.431241653477736],[77.79086966972774,11.430882327364088],[77.79194764806869,11.431241653477736],[77.79194764806869,11.431960305705031],[77.79176798501186,11.431960305705031],[77.79194764806869,11.432319631818679],[77.79194764806869,11.433038284045974],[77.79230697418232,11.433397610159622],[77.7921273111255,11.43375693627327],[77.79069000667091,11.433577273216446],[77.79051034361409,11.434116262386919],[77.79122899584138,11.434116262386919],[77.79158832195503,11.43465525155739],[77.79033068055726,11.434475588500566],[77.79051034361409,11.436092556011982],[77.79015101750043,11.436272219068805],[77.79015101750043,11.435194240727862],[77.78997135444362,11.43555356684151],[77.78943236527314,11.43555356684151],[77.78943236527314,11.435912892955157],[77.78907303915949,11.435733229898332]],[[77.79033068055726,11.433397610159622],[77.79051034361409,11.433397610159622],[77.79051034361409,11.433577273216446],[77.79033068055726,11.433397610159622]],[[77.79069000667091,11.432499294875504],[77.79104933278455,11.432499294875504],[77.79104933278455,11.432678957932326],[77.79069000667091,11.432499294875504]]]}]},"properties":{"transition":34,"ndbi_d":0.06131702785516871,"vv_d":-2.7528025953111555,"area_ha":7.862852190770596}},{"type":"Feature","geometry":{"geodesic":false,"type":"GeometryCollection","geometries":[{"type":"LineString","coordinates":[[77.51113429025291,11.167855612173891],[77.51113429025291,11.168035275230716]]},{"type":"Polygon","coordinates":[[[77.51275125776434,11.168035275230716],[77.51257159470751,11.167675949117069],[77.51311058387797,11.167855612173891],[77.5132902469348,11.167496286060244],[77.5132902469348,11.168035275230716],[77.51275125776434,11.168035275230716]]]},{"type":"Polygon","coordinates":[[[77.51275125776434,11.168035275230716],[77.51221226859386,11.168574264401187],[77.51185294248022,11.168394601344364],[77.51131395330974,11.169113253571659],[77.51131395330974,11.169831905798954],[77.51185294248022,11.170011568855779],[77.51131395330974,11.170011568855779],[77.51167327942339,11.170730221083074],[77.51131395330974,11.170730221083074],[77.51131395330974,11.171269210253547],[77.50987664885515,11.171628536367194],[77.51059530108245,11.172167525537665],[77.51059530108245,11.172526851651313],[77.51005631191197,11.172706514708137],[77.51005631191197,11.17234718859449],[77.51005631191197,11.171987862480842],[77.50969698579833,11.172167525537665],[77.5095173227415,11.171628536367194],[77.50879867051421,11.171808199424017],[77.50915799662785,11.171628536367194],[77.50915799662785,11.170730221083074],[77.5080800182869,11.170370894969427],[77.5080800182869,11.169831905798954],[77.50754102911644,11.169652242742131],[77.5080800182869,11.169652242742131],[77.50861900745738,11.170370894969427],[77.50843934440056,11.169113253571659],[77.50879867051421,11.169113253571659],[77.50879867051421,11.169472579685307],[77.50933765968468,11.169292916628484],[77.5095173227415,11.169652242742131],[77.5102359749688,11.169652242742131],[77.50987664885515,11.169113253571659],[77.51059530108245,11.168933590514834],[77.51077496413927,11.169472579685307],[77.51113429025291,11.169292916628484],[77.51077496413927,11.168933590514834],[77.51113429025291,11.168394601344364],[77.5102359749688,11.168214938287539],[77.51113429025291,11.167675949117069],[77.51113429025291,11.167855612173891],[77.51095462719609,11.167855612173891],[77.51113429025291,11.168035275230716],[77.51113429025291,11.168214938287539],[77.51221226859386,11.168394601344364],[77.51275125776434,11.168035275230716]],[[77.50987664885515,11.171628536367194],[77.5095173227415,11.171269210253547],[77.50987664885515,11.171269210253547],[77.50987664885515,11.171628536367194]],[[77.51005631191197,11.17234718859449],[77.5102359749688,11.17234718859449],[77.5102359749688,11.172526851651313],[77.51005631191197,11.17234718859449]],[[77.51131395330974,11.169113253571659],[77.51113429025291,11.168574264401187],[77.51149361636656,11.168394601344364],[77.51131395330974,11.169113253571659]],[[77.50879867051421,11.169831905798954],[77.50933765968468,11.169472579685307],[77.50969698579833,11.170011568855779],[77.51059530108245,11.170011568855779],[77.51077496413927,11.169652242742131],[77.51113429025291,11.170909884139899],[77.51095462719609,11.17055055802625],[77.50987664885515,11.17055055802625],[77.51005631191197,11.170191231912602],[77.50879867051421,11.17055055802625],[77.50879867051421,11.169831905798954]],[[77.50987664885515,11.170730221083074],[77.5102359749688,11.170730221083074],[77.5102359749688,11.170909884139899],[77.50987664885515,11.170730221083074]],[[77.51077496413927,11.171089547196722],[77.51095462719609,11.171089547196722],[77.51095462719609,11.171269210253547],[77.51077496413927,11.171089547196722]]]}]},"properties":{"transition":52,"ndbi_d":-0.052407933768639246,"vv_d":1.026184363023838,"area_ha":7.517677934811071}},{"type":"Feature","geometry":{"geodesic":false,"type":"Polygon","coordinates":[[[77.47609999417224,11.23594791071015],[77.47466268971766,11.23540892153968],[77.47484235277449,11.234869932369207],[77.47520167888813,11.234869932369207],[77.47520167888813,11.23361229097144],[77.4757406680586,11.233971617085087],[77.47556100500178,11.233252964857792],[77.47592033111543,11.233252964857792],[77.4764593202859,11.233971617085087],[77.4764593202859,11.233252964857792],[77.47807628779731,11.233252964857792],[77.47807628779731,11.233791954028264],[77.47771696168367,11.233791954028264],[77.47807628779731,11.233971617085087],[77.47771696168367,11.235229258482855],[77.47717797251319,11.234869932369207],[77.47735763557002,11.23540892153968],[77.47627965722907,11.235588584596503],[77.47609999417224,11.23594791071015]],[[77.47663898334272,11.234690269312383],[77.47609999417224,11.234690269312383],[77.47609999417224,11.234330943198735],[77.47663898334272,11.234690269312383]],[[77.47520167888813,11.235229258482855],[77.4750220158313,11.235049595426032],[77.47520167888813,11.235049595426032],[77.47520167888813,11.235229258482855]]]},"properties":{"transition":40,"ndbi_d":0.04035273446384559,"vv_d":0.6851398043188938,"area_ha":7.046254461886769}},{"type":"Feature","geometry":{"geodesic":false,"type":"MultiPolygon","coordinates":[[[[77.72475366481653,11.193906755413359],[77.72457400175972,11.193906755413359],[77.72475366481653,11.194086418470182],[77.7243943387029,11.194266081527006],[77.7243943387029,11.194625407640654],[77.72511299093019,11.194625407640654],[77.72511299093019,11.195164396811125],[77.72421467564607,11.19534405986795],[77.7243943387029,11.19354742929971],[77.72403501258924,11.19354742929971],[77.72403501258924,11.193188103186062],[77.72349602341878,11.193188103186062],[77.72277737119147,11.194086418470182],[77.72259770813466,11.192828777072414],[77.72169939285054,11.192828777072414],[77.7206214145096,11.19354742929971],[77.72044175145277,11.192649114015591],[77.72134006673689,11.192828777072414],[77.72331636036195,11.192110124845119],[77.72403501258924,11.192649114015591],[77.72385534953241,11.192110124845119],[77.72421467564607,11.192110124845119],[77.72421467564607,11.190852483447351],[77.72475366481653,11.190852483447351],[77.72457400175972,11.191391472617823],[77.72511299093019,11.190852483447351],[77.72511299093019,11.191930461788296],[77.72493332787336,11.192289787901943],[77.72421467564607,11.192289787901943],[77.72421467564607,11.192649114015591],[77.72529265398701,11.192828777072414],[77.72457400175972,11.193008440129239],[77.72475366481653,11.193906755413359]],[[77.72098074062323,11.192828777072414],[77.72116040368006,11.192828777072414],[77.72116040368006,11.193008440129239],[77.72098074062323,11.192828777072414]],[[77.72313669730512,11.192649114015591],[77.72349602341878,11.193008440129239],[77.72313669730512,11.193008440129239],[77.72313669730512,11.192649114015591]],[[77.72331636036195,11.192289787901943],[77.72349602341878,11.192289787901943],[77.72349602341878,11.192469450958766],[77.72331636036195,11.192289787901943]],[[77.72403501258924,11.192828777072414],[77.7243943387029,11.192828777072414],[77.7243943387029,11.193008440129239],[77.72403501258924,11.192828777072414]],[[77.72421467564607,11.193188103186062],[77.72457400175972,11.193188103186062],[77.72457400175972,11.193367766242886],[77.72421467564607,11.193188103186062]],[[77.7243943387029,11.191750798731471],[77.72475366481653,11.192110124845119],[77.7243943387029,11.192110124845119],[77.7243943387029,11.191750798731471]],[[77.72475366481653,11.191750798731471],[77.72493332787336,11.191750798731471],[77.72493332787336,11.191930461788296],[77.72475366481653,11.191750798731471]]],[[[77.72475366481653,11.193906755413359],[77.72550226088364,11.193757036196343],[77.72565198010066,11.193906755413359],[77.72565198010066,11.193727092356534],[77.72655029538478,11.193367766242886],[77.72655029538478,11.19444574458383],[77.7260113062143,11.194625407640654],[77.72511299093019,11.193906755413359],[77.72475366481653,11.194086418470182],[77.72475366481653,11.193906755413359]]],[[[77.72565198010066,11.193727092356534],[77.72550226088364,11.193757036196343],[77.72547231704384,11.193727092356534],[77.72565198010066,11.193727092356534]]]]},"properties":{"transition":21,"ndbi_d":-0.23894288697586963,"vv_d":1.6060863912477192,"area_ha":7.008112151044497}},{"type":"Feature","geometry":{"geodesic":false,"type":"GeometryCollection","geometries":[{"type":"LineString","coordinates":[[77.69978049991802,11.406807477749684],[77.69978049991802,11.406987140806509]]},{"type":"Polygon","coordinates":[[[77.69963676947256,11.406807477749684],[77.69978049991802,11.406627814692861],[77.69978049991802,11.406807477749684],[77.69963676947256,11.406807477749684]]]},{"type":"Polygon","coordinates":[[[77.70031948908849,11.405010847181446],[77.70157713048626,11.405909162465566],[77.70085847825897,11.405729499408741],[77.70103814131578,11.406268488579213],[77.70067881520214,11.406448151636036],[77.70103814131578,11.406627814692861],[77.69996016297483,11.406627814692861],[77.69978049991802,11.405909162465566],[77.70031948908849,11.405549836351916],[77.69978049991802,11.405370173295093],[77.69924151074754,11.405909162465566],[77.6996008368612,11.406448151636036],[77.6988821846339,11.406627814692861],[77.69870252157708,11.407346466920156],[77.69906184769071,11.407526129976981],[77.69962079942107,11.406827440309558],[77.69978049991802,11.406987140806509],[77.69978049991802,11.407166803863332],[77.70013982603166,11.407166803863332],[77.69996016297483,11.407885456090629],[77.70103814131578,11.408065119147452],[77.70139746742943,11.408604108317924],[77.70049915214531,11.408244782204276],[77.70103814131578,11.408963434431572],[77.70067881520214,11.408783771374747],[77.69978049991802,11.409861749715692],[77.69924151074754,11.409861749715692],[77.69942117380437,11.40932276054522],[77.69906184769071,11.408783771374747],[77.6996008368612,11.408604108317924],[77.70013982603166,11.409143097488395],[77.70013982603166,11.408783771374747],[77.70049915214531,11.408783771374747],[77.70031948908849,11.408065119147452],[77.69852285852025,11.407705793033804],[77.69834319546342,11.4084244452611],[77.6988821846339,11.408783771374747],[77.69834319546342,11.409143097488395],[77.69780420629296,11.408604108317924],[77.69834319546342,11.408783771374747],[77.69798386934977,11.408244782204276],[77.69852285852025,11.406627814692861],[77.6996008368612,11.404831184124621],[77.70013982603166,11.404831184124621],[77.69996016297483,11.404471858010973],[77.70031948908849,11.404471858010973],[77.70031948908849,11.405010847181446]],[[77.69942117380437,11.40932276054522],[77.6996008368612,11.408963434431572],[77.69978049991802,11.40932276054522],[77.69942117380437,11.40932276054522]],[[77.70031948908849,11.405010847181446],[77.70031948908849,11.405190510238269],[77.70013982603166,11.405010847181446],[77.70031948908849,11.405010847181446]],[[77.69978049991802,11.405010847181446],[77.69996016297483,11.405010847181446],[77.69996016297483,11.405190510238269],[77.69978049991802,11.405010847181446]],[[77.70031948908849,11.405370173295093],[77.70049915214531,11.405370173295093],[77.70049915214531,11.405549836351916],[77.70031948908849,11.405370173295093]],[[77.70031948908849,11.406268488579213],[77.70049915214531,11.406268488579213],[77.70049915214531,11.406448151636036],[77.70031948908849,11.406268488579213]],[[77.70049915214531,11.406088825522389],[77.70067881520214,11.406088825522389],[77.70067881520214,11.406268488579213],[77.70049915214531,11.406088825522389]]]},{"type":"Polygon","coordinates":[[[77.69963676947256,11.406807477749684],[77.69962079942107,11.406827440309558],[77.6996008368612,11.406807477749684],[77.69963676947256,11.406807477749684]]]}]},"properties":{"transition":21,"ndbi_d":-0.15420740955377857,"vv_d":2.4089678156629737,"area_ha":6.768149027600385}},{"type":"Feature","geometry":{"geodesic":false,"type":"Polygon","coordinates":[[[77.54778555384499,11.225707116471188],[77.54670757550404,11.225707116471188],[77.54652791244722,11.224808801187068],[77.54598892327675,11.224629138130245],[77.54616858633358,11.223730822846125],[77.54580926021993,11.223730822846125],[77.5456295971631,11.222293518391535],[77.54616858633358,11.221395203107415],[77.54760589078816,11.221395203107415],[77.54760589078816,11.22211385533471],[77.54796521690182,11.222293518391535],[77.54724656467451,11.222473181448358],[77.54778555384499,11.222652844505182],[77.54778555384499,11.22301217061883],[77.54724656467451,11.22301217061883],[77.54652791244722,11.22211385533471],[77.54652791244722,11.222832507562005],[77.54598892327675,11.223371496732478],[77.54652791244722,11.223730822846125],[77.54778555384499,11.223191833675653],[77.54778555384499,11.224269812016598],[77.54724656467451,11.224269812016598],[77.54724656467451,11.224629138130245],[77.54796521690182,11.224808801187068],[77.54796521690182,11.225168127300716],[77.54760589078816,11.225168127300716],[77.54778555384499,11.225707116471188]],[[77.54670757550404,11.221934192277887],[77.54634824939039,11.221934192277887],[77.54634824939039,11.221574866164238],[77.54670757550404,11.221574866164238],[77.54670757550404,11.221934192277887]],[[77.54724656467451,11.221934192277887],[77.54688723856087,11.221754529221062],[77.54724656467451,11.221754529221062],[77.54724656467451,11.221934192277887]],[[77.5470669016177,11.222293518391535],[77.54688723856087,11.22211385533471],[77.5470669016177,11.22211385533471],[77.5470669016177,11.222293518391535]],[[77.5470669016177,11.22444947507342],[77.54688723856087,11.224269812016598],[77.5470669016177,11.224269812016598],[77.5470669016177,11.22444947507342]],[[77.54670757550404,11.224629138130245],[77.54634824939039,11.224090148959773],[77.54670757550404,11.224090148959773],[77.54670757550404,11.224629138130245]],[[77.54742622773134,11.225168127300716],[77.54724656467451,11.224988464243893],[77.54742622773134,11.224988464243893],[77.54742622773134,11.225168127300716]],[[77.54724656467451,11.22534779035754],[77.5470669016177,11.225168127300716],[77.54724656467451,11.225168127300716],[77.54724656467451,11.22534779035754]]]},"properties":{"transition":13,"ndbi_d":0.26756508599900636,"vv_d":6.230046312639194,"area_ha":6.6159021905330055}},{"type":"Feature","geometry":{"geodesic":false,"type":"MultiPolygon","coordinates":[[[[77.76859145068157,11.427468729284433],[77.76823212456792,11.428007718454905],[77.7680524615111,11.427468729284433],[77.76859145068157,11.427468729284433]]],[[[77.76823212456792,11.422977152863837],[77.76841178762474,11.423516142034307],[77.7680524615111,11.423516142034307],[77.76787279845428,11.422797489807012],[77.76823212456792,11.422617826750187],[77.76859145068157,11.422438163693364],[77.76913043985205,11.42315681592066],[77.76913043985205,11.421899174522892],[77.76966942902251,11.421719511466069],[77.76966942902251,11.422078837579717],[77.76931010290886,11.422078837579717],[77.76966942902251,11.42225850063654],[77.76948976596569,11.423695805091132],[77.76913043985205,11.423875468147955],[77.76931010290886,11.424594120375252],[77.7687711137384,11.424594120375252],[77.7687711137384,11.42549243565937],[77.76948976596569,11.425672098716195],[77.76895077679522,11.426570414000315],[77.76948976596569,11.427109403170785],[77.76948976596569,11.427648392341258],[77.76859145068157,11.427468729284433],[77.76859145068157,11.426750077057138],[77.76841178762474,11.427109403170785],[77.76787279845428,11.427109403170785],[77.7680524615111,11.426570414000315],[77.76751347234062,11.426211087886665],[77.76769313539745,11.426031424829842],[77.7680524615111,11.425312772602547],[77.76769313539745,11.4249534464889],[77.76841178762474,11.424773783432075],[77.76823212456792,11.42405513120478],[77.76859145068157,11.424234794261602],[77.76859145068157,11.423695805091132],[77.76895077679522,11.423695805091132],[77.76859145068157,11.423516142034307],[77.7687711137384,11.422977152863837],[77.76823212456792,11.422977152863837]],[[77.76823212456792,11.422617826750187],[77.76841178762474,11.422617826750187],[77.76841178762474,11.422797489807012],[77.76823212456792,11.422617826750187]],[[77.76823212456792,11.422977152863837],[77.7680524615111,11.422797489807012],[77.76823212456792,11.422797489807012],[77.76823212456792,11.422977152863837]],[[77.76823212456792,11.425851761773018],[77.76841178762474,11.425851761773018],[77.76841178762474,11.426031424829842],[77.76823212456792,11.425851761773018]],[[77.76823212456792,11.426211087886665],[77.76841178762474,11.426211087886665],[77.76841178762474,11.42639075094349],[77.76823212456792,11.426211087886665]],[[77.76859145068157,11.425851761773018],[77.7687711137384,11.425672098716195],[77.7687711137384,11.425851761773018],[77.76859145068157,11.425851761773018]],[[77.76859145068157,11.426570414000315],[77.7687711137384,11.426570414000315],[77.7687711137384,11.426750077057138],[77.76859145068157,11.426570414000315]],[[77.7687711137384,11.42405513120478],[77.76895077679522,11.42405513120478],[77.76895077679522,11.424234794261602],[77.7687711137384,11.42405513120478]],[[77.76913043985205,11.423516142034307],[77.76931010290886,11.423516142034307],[77.76931010290886,11.423695805091132],[77.76913043985205,11.423516142034307]],[[77.76913043985205,11.425851761773018],[77.76931010290886,11.425672098716195],[77.76931010290886,11.425851761773018],[77.76913043985205,11.425851761773018]],[[77.76913043985205,11.427109403170785],[77.76931010290886,11.427109403170785],[77.76931010290886,11.42728906622761],[77.76913043985205,11.427109403170785]]]]},"properties":{"transition":25,"ndbi_d":0.014940115062618685,"vv_d":0.5206848943644097,"area_ha":6.4547621988309}},{"type":"Feature","geometry":{"geodesic":false,"type":"MultiPolygon","coordinates":[[[[77.5012528221276,11.16318437269647],[77.50071383295713,11.16228605741235],[77.50161214824125,11.162645383525998],[77.5012528221276,11.16318437269647]]],[[[77.5043070940936,11.16228605741235],[77.50484608326408,11.16138774212823],[77.50520540937772,11.161567405185055],[77.5057443985482,11.161208079071407],[77.5057443985482,11.16174706824188],[77.50466642020726,11.16174706824188],[77.5043070940936,11.16228605741235]]],[[[77.5012528221276,11.16318437269647],[77.50161214824125,11.163004709639646],[77.50179181129808,11.163364035753295],[77.50215113741172,11.162825046582823],[77.50179181129808,11.162645383525998],[77.50233080046854,11.162645383525998],[77.5026901265822,11.161926731298703],[77.5019714743549,11.159770774616817],[77.50251046352537,11.159591111559992],[77.50233080046854,11.160309763787287],[77.50322911575266,11.160309763787287],[77.50304945269583,11.160669089900935],[77.50358844186631,11.161208079071407],[77.50286978963902,11.16174706824188],[77.50286978963902,11.162645383525998],[77.50304945269583,11.16228605741235],[77.50322911575266,11.162645383525998],[77.50286978963902,11.162825046582823],[77.50251046352537,11.162465720469175],[77.50233080046854,11.162825046582823],[77.50322911575266,11.163364035753295],[77.50394776797997,11.162645383525998],[77.50412743103678,11.16318437269647],[77.50358844186631,11.16408268798059],[77.50251046352537,11.163543698810118],[77.50233080046854,11.164262351037413],[77.50107315907077,11.164262351037413],[77.5012528221276,11.164801340207886],[77.50089349601396,11.164801340207886],[77.50089349601396,11.164262351037413],[77.50179181129808,11.163543698810118],[77.50107315907077,11.163543698810118],[77.5012528221276,11.16318437269647]],[[77.50215113741172,11.163364035753295],[77.50233080046854,11.163364035753295],[77.50233080046854,11.163543698810118],[77.50215113741172,11.163364035753295]],[[77.50251046352537,11.160489426844112],[77.50286978963902,11.160489426844112],[77.50286978963902,11.160669089900935],[77.50251046352537,11.160489426844112]],[[77.5026901265822,11.161567405185055],[77.50286978963902,11.16084875295776],[77.50340877880949,11.161208079071407],[77.50304945269583,11.161567405185055],[77.5026901265822,11.161567405185055]],[[77.50340877880949,11.163364035753295],[77.50376810492314,11.163364035753295],[77.50376810492314,11.163543698810118],[77.50340877880949,11.163364035753295]]],[[[77.5043070940936,11.16228605741235],[77.50466642020726,11.162645383525998],[77.5050257463209,11.162465720469175],[77.50448675715043,11.16318437269647],[77.50448675715043,11.162645383525998],[77.50394776797997,11.162645383525998],[77.50376810492314,11.161926731298703],[77.5043070940936,11.16228605741235]]]]},"properties":{"transition":52,"ndbi_d":-0.026660385905770675,"vv_d":0.668851680361902,"area_ha":6.421517115610682}},{"type":"Feature","geometry":{"geodesic":false,"type":"Polygon","coordinates":[[[77.53341250929907,11.210076430527508],[77.53089722650354,11.209896767470685],[77.53107688956037,11.20827979995927],[77.53071756344671,11.208639126072917],[77.53071756344671,11.208100136902445],[77.53215486790131,11.208100136902445],[77.53161587873083,11.20827979995927],[77.53161587873083,11.208639126072917],[77.53251419401495,11.20917811524339],[77.53323284624226,11.208100136902445],[77.5343108245832,11.208100136902445],[77.53377183541272,11.208459463016094],[77.5343108245832,11.208998452186565],[77.53538880292413,11.208818789129742],[77.53556846598096,11.209357778300213],[77.53449048764001,11.20971710441386],[77.53377183541272,11.20971710441386],[77.53341250929907,11.20917811524339],[77.53341250929907,11.210076430527508]],[[77.53179554178766,11.208998452186565],[77.53161587873083,11.208818789129742],[77.53179554178766,11.208818789129742],[77.53179554178766,11.208998452186565]],[[77.5335921723559,11.208639126072917],[77.53341250929907,11.208459463016094],[77.5335921723559,11.208459463016094],[77.5335921723559,11.208639126072917]],[[77.53413116152637,11.20917811524339],[77.53395149846955,11.208998452186565],[77.53413116152637,11.208998452186565],[77.53413116152637,11.20917811524339]],[[77.53305318318543,11.209537441357037],[77.5328735201286,11.209357778300213],[77.53305318318543,11.209357778300213],[77.53305318318543,11.209537441357037]],[[77.53179554178766,11.20971710441386],[77.53107688956037,11.209537441357037],[77.53179554178766,11.209537441357037],[77.53179554178766,11.20971710441386]],[[77.53251419401495,11.209896767470685],[77.53233453095814,11.20971710441386],[77.53251419401495,11.20971710441386],[77.53251419401495,11.209896767470685]],[[77.53323284624226,11.209896767470685],[77.53305318318543,11.20971710441386],[77.53323284624226,11.20971710441386],[77.53323284624226,11.209896767470685]]]},"properties":{"transition":54,"ndbi_d":0.03338523085055547,"vv_d":0.9356480601549331,"area_ha":6.38133582766758}},{"type":"Feature","geometry":{"geodesic":false,"type":"MultiPolygon","coordinates":[[[[77.79392394169375,11.391176791806005],[77.79392394169375,11.390637802635533],[77.79482225697787,11.39099712874918],[77.79536124614833,11.391715780976476],[77.79715787671657,11.392254770146948],[77.7973375397734,11.392614096260596],[77.79697821365974,11.392434433203773],[77.79643922448928,11.39279375931742],[77.7973375397734,11.393153085431068],[77.79751720283022,11.393332748487891],[77.79769686588705,11.393871737658364],[77.7973375397734,11.393332748487891],[77.79697821365974,11.393512411544716],[77.7966188875461,11.393153085431068],[77.7966188875461,11.393692074601539],[77.79625956143245,11.393153085431068],[77.79590023531881,11.393871737658364],[77.79607989837562,11.393332748487891],[77.79572057226198,11.392434433203773],[77.79554090920516,11.393332748487891],[77.79482225697787,11.393153085431068],[77.7951815830915,11.392973422374244],[77.7951815830915,11.392254770146948],[77.79554090920516,11.392254770146948],[77.79536124614833,11.3918954440333],[77.79482225697787,11.392614096260596],[77.79428326780739,11.392254770146948],[77.7935646155801,11.392434433203773],[77.79320528946644,11.391536117919653],[77.79248663723915,11.391715780976476],[77.79230697418232,11.391356454862828],[77.79230697418232,11.39099712874918],[77.79266630029598,11.39099712874918],[77.79266630029598,11.391356454862828],[77.79392394169375,11.391176791806005]],[[77.79392394169375,11.391176791806005],[77.79446293086421,11.391176791806005],[77.79410360475056,11.391536117919653],[77.79392394169375,11.391176791806005]],[[77.79428326780739,11.391715780976476],[77.79464259392104,11.391715780976476],[77.79464259392104,11.3918954440333],[77.79428326780739,11.391715780976476]],[[77.79590023531881,11.392434433203773],[77.79607989837562,11.392434433203773],[77.79607989837562,11.39279375931742],[77.79590023531881,11.392434433203773]],[[77.7935646155801,11.391715780976476],[77.79374427863692,11.391715780976476],[77.79374427863692,11.3918954440333],[77.7935646155801,11.391715780976476]],[[77.7935646155801,11.391715780976476],[77.79338495252327,11.391536117919653],[77.7935646155801,11.391536117919653],[77.7935646155801,11.391715780976476]]],[[[77.79745731514161,11.393153085431068],[77.7973375397734,11.393153085431068],[77.7973375397734,11.39279375931742],[77.79745731514161,11.393153085431068]]],[[[77.79745731514161,11.393153085431068],[77.79751720283022,11.393153085431068],[77.79751720283022,11.393332748487891],[77.79745731514161,11.393153085431068]]]]},"properties":{"transition":25,"ndbi_d":0.024356926383354873,"vv_d":-0.40983302404363137,"area_ha":6.338137730119771}},{"type":"Feature","geometry":{"geodesic":false,"type":"Polygon","coordinates":[[[77.79464259392103,11.39782432490849],[77.7951815830915,11.39746499879484],[77.79554090920516,11.397644661851665],[77.79536124614833,11.397105672681192],[77.79607989837562,11.396387020453897],[77.79643922448928,11.396387020453897],[77.79625956143245,11.397105672681192],[77.7973375397734,11.397105672681192],[77.79697821365974,11.396566683510722],[77.79751720283022,11.39602769434025],[77.79679855060292,11.395309042112954],[77.79769686588703,11.395668368226602],[77.79823585505751,11.395488705169777],[77.79805619200069,11.396746346567545],[77.79769686588703,11.396746346567545],[77.79751720283022,11.397285335738017],[77.79697821365974,11.397285335738017],[77.79679855060292,11.398003987965312],[77.79625956143245,11.397644661851665],[77.79607989837562,11.398183651022137],[77.7959002353188,11.39782432490849],[77.79554090920516,11.398542977135785],[77.79482225697785,11.398722640192608],[77.79428326780739,11.399441292419903],[77.79374427863691,11.399441292419903],[77.79374427863691,11.400339607704023],[77.79284596335279,11.40069893381767],[77.79320528946644,11.4001599446472],[77.79284596335279,11.399620955476728],[77.79320528946644,11.39926162936308],[77.79410360475056,11.39926162936308],[77.79464259392103,11.39782432490849]],[[77.79751720283022,11.396746346567545],[77.7973375397734,11.396566683510722],[77.79751720283022,11.396566683510722],[77.79751720283022,11.396746346567545]],[[77.79625956143245,11.397644661851665],[77.79607989837562,11.39746499879484],[77.79625956143245,11.39746499879484],[77.79625956143245,11.397644661851665]],[[77.79572057226197,11.398003987965312],[77.79554090920516,11.39782432490849],[77.79572057226197,11.39782432490849],[77.79572057226197,11.398003987965312]],[[77.79338495252327,11.399620955476728],[77.79320528946644,11.399441292419903],[77.79338495252327,11.399441292419903],[77.79338495252327,11.399620955476728]],[[77.79320528946644,11.399800618533552],[77.79302562640962,11.399620955476728],[77.79320528946644,11.399620955476728],[77.79320528946644,11.399800618533552]],[[77.79338495252327,11.4001599446472],[77.79320528946644,11.399980281590375],[77.79338495252327,11.399980281590375],[77.79338495252327,11.4001599446472]]]},"properties":{"transition":24,"ndbi_d":0.30333506345014255,"vv_d":-4.407428711493939,"area_ha":6.298891053315236}},{"type":"Feature","geometry":{"geodesic":false,"type":"MultiPolygon","coordinates":[[[[77.45346244901245,11.3099690901216],[77.45382177512609,11.3099690901216],[77.45382177512609,11.310328416235247],[77.45346244901245,11.3099690901216]]],[[[77.45076750316008,11.30763347038289],[77.45112682927373,11.307094481212417],[77.45148615538739,11.30763347038289],[77.45148615538739,11.30673515509877],[77.4509471662169,11.306555492041946],[77.45292345984197,11.306555492041946],[77.45256413372833,11.30673515509877],[77.45292345984197,11.306914818155594],[77.45292345984197,11.307992796496537],[77.45328278595562,11.307274144269241],[77.4531031228988,11.30673515509877],[77.45400143818291,11.306555492041946],[77.45328278595562,11.306914818155594],[77.45382177512609,11.30763347038289],[77.45364211206926,11.308172459553361],[77.4531031228988,11.308352122610184],[77.45364211206926,11.30853178566701],[77.45346244901245,11.3099690901216],[77.45256413372833,11.3099690901216],[77.45292345984197,11.309609764007952],[77.45328278595562,11.309789427064777],[77.45328278595562,11.309430100951129],[77.4523844706715,11.309609764007952],[77.4523844706715,11.309250437894304],[77.4516658184442,11.308891111780657],[77.45220480761468,11.30853178566701],[77.4523844706715,11.309070774837481],[77.45274379678514,11.309070774837481],[77.45256413372833,11.30853178566701],[77.45292345984197,11.308352122610184],[77.45112682927373,11.308352122610184],[77.4509471662169,11.307992796496537],[77.45058784010327,11.308352122610184],[77.45022851398961,11.307992796496537],[77.45022851398961,11.30763347038289],[77.45076750316008,11.30763347038289]],[[77.45076750316008,11.30763347038289],[77.45112682927373,11.30763347038289],[77.45112682927373,11.307813133439714],[77.45076750316008,11.30763347038289]],[[77.45148615538739,11.307813133439714],[77.4516658184442,11.307813133439714],[77.4516658184442,11.307992796496537],[77.45148615538739,11.307813133439714]],[[77.45184548150102,11.30673515509877],[77.45274379678514,11.307094481212417],[77.45274379678514,11.307992796496537],[77.45202514455785,11.307813133439714],[77.45220480761468,11.307274144269241],[77.45184548150102,11.30673515509877]],[[77.45202514455785,11.308711448723832],[77.45220480761468,11.308711448723832],[77.45220480761468,11.308891111780657],[77.45202514455785,11.308711448723832]],[[77.45292345984197,11.309070774837481],[77.45328278595562,11.309070774837481],[77.45328278595562,11.309250437894304],[77.45292345984197,11.309070774837481]]]]},"properties":{"transition":52,"ndbi_d":0.021833788658252067,"vv_d":0.5162856933269497,"area_ha":6.18346344805346}},{"type":"Feature","geometry":{"geodesic":false,"type":"Polygon","coordinates":[[[77.79482225697785,11.399800618533552],[77.79482225697785,11.4001599446472],[77.7951815830915,11.399980281590375],[77.79536124614833,11.400339607704023],[77.79482225697785,11.400519270760848],[77.79500192003468,11.400878596874495],[77.79428326780739,11.40069893381767],[77.79428326780739,11.401058259931318],[77.79464259392103,11.401058259931318],[77.79464259392103,11.401417586044966],[77.79500192003468,11.401237922988143],[77.7951815830915,11.401956575215438],[77.79446293086421,11.401956575215438],[77.79464259392103,11.402675227442733],[77.79410360475056,11.402675227442733],[77.79410360475056,11.403214216613206],[77.79338495252327,11.403034553556381],[77.79320528946644,11.403573542726853],[77.79302562640962,11.402675227442733],[77.79230697418232,11.40249556438591],[77.79284596335279,11.402136238272263],[77.79266630029596,11.401776912158615],[77.79230697418232,11.401956575215438],[77.79248663723915,11.401058259931318],[77.79410360475056,11.400339607704023],[77.79410360475056,11.399441292419903],[77.79464259392103,11.399441292419903],[77.79446293086421,11.399800618533552],[77.79482225697785,11.399800618533552]],[[77.79392394169373,11.401417586044966],[77.79374427863691,11.401058259931318],[77.79410360475056,11.40069893381767],[77.79392394169373,11.401417586044966]],[[77.79320528946644,11.40159724910179],[77.79302562640962,11.401417586044966],[77.79320528946644,11.401417586044966],[77.79320528946644,11.40159724910179]],[[77.79302562640962,11.401776912158615],[77.79266630029596,11.40159724910179],[77.79302562640962,11.40159724910179],[77.79302562640962,11.401776912158615]],[[77.79374427863691,11.401776912158615],[77.7935646155801,11.40159724910179],[77.79374427863691,11.40159724910179],[77.79374427863691,11.401776912158615]],[[77.79446293086421,11.401776912158615],[77.79392394169373,11.40159724910179],[77.79446293086421,11.401417586044966],[77.79446293086421,11.401776912158615]],[[77.79392394169373,11.401956575215438],[77.79374427863691,11.401776912158615],[77.79392394169373,11.401776912158615],[77.79392394169373,11.401956575215438]],[[77.79338495252327,11.402136238272263],[77.79302562640962,11.402136238272263],[77.79302562640962,11.401776912158615],[77.79338495252327,11.401776912158615],[77.79338495252327,11.402136238272263]],[[77.79284596335279,11.40249556438591],[77.79266630029596,11.402315901329086],[77.79284596335279,11.402315901329086],[77.79284596335279,11.40249556438591]],[[77.79320528946644,11.40249556438591],[77.79302562640962,11.402315901329086],[77.79320528946644,11.402315901329086],[77.79320528946644,11.40249556438591]],[[77.79464259392103,11.400519270760848],[77.79482225697785,11.400339607704023],[77.79482225697785,11.400519270760848],[77.79464259392103,11.400519270760848]],[[77.79374427863691,11.402854890499558],[77.79392394169373,11.402675227442733],[77.79392394169373,11.402854890499558],[77.79374427863691,11.402854890499558]],[[77.79500192003468,11.401776912158615],[77.79482225697785,11.401956575215438],[77.79482225697785,11.401776912158615],[77.79500192003468,11.401776912158615]],[[77.79500192003468,11.401417586044966],[77.79482225697785,11.40159724910179],[77.79482225697785,11.401417586044966],[77.79500192003468,11.401417586044966]],[[77.79320528946644,11.402854890499558],[77.79374427863691,11.402136238272263],[77.79392394169373,11.40249556438591],[77.79320528946644,11.402854890499558]]]},"properties":{"transition":25,"ndbi_d":0.022170991785089106,"vv_d":0.0013956809428918972,"area_ha":6.18143963346135}},{"type":"Feature","geometry":{"geodesic":false,"type":"MultiPolygon","coordinates":[[[[77.47556100500178,11.172886177764962],[77.47520167888814,11.172886177764962],[77.47556100500178,11.173065840821785],[77.4757406680586,11.17324550387861],[77.4757406680586,11.173065840821785],[77.47627965722909,11.173065840821785],[77.4764593202859,11.172167525537665],[77.47807628779732,11.172167525537665],[77.47807628779732,11.172706514708137],[77.47861527696779,11.172706514708137],[77.47861527696779,11.17378449304908],[77.47915426613827,11.173964156105905],[77.47915426613827,11.174862471390025],[77.47825595085415,11.173964156105905],[77.47843561391096,11.173425166935433],[77.47753729862684,11.173425166935433],[77.47771696168367,11.172886177764962],[77.47699830945638,11.172526851651313],[77.47699830945638,11.172886177764962],[77.47663898334272,11.172886177764962],[77.47699830945638,11.1746828083332],[77.4764593202859,11.175042134446848],[77.47609999417226,11.17612011278779],[77.47627965722909,11.175401460560495],[77.4757406680586,11.175042134446848],[77.47556100500178,11.17612011278779],[77.47520167888814,11.175940449730968],[77.47538134194495,11.175401460560495],[77.47502201583131,11.175042134446848],[77.47538134194495,11.175042134446848],[77.47520167888814,11.174503145276375],[77.47556100500178,11.174503145276375],[77.4757406680586,11.173425166935433],[77.47484235277449,11.17324550387861],[77.47502201583131,11.173065840821785],[77.47502201583131,11.17234718859449],[77.47556100500178,11.172886177764962]],[[77.47538134194495,11.175042134446848],[77.47556100500178,11.175042134446848],[77.47556100500178,11.175221797503673],[77.47538134194495,11.175042134446848]],[[77.4757406680586,11.17324550387861],[77.47609999417226,11.17324550387861],[77.47609999417226,11.173425166935433],[77.4757406680586,11.17324550387861]],[[77.4757406680586,11.175042134446848],[77.47538134194495,11.1746828083332],[77.47592033111543,11.174323482219553],[77.47592033111543,11.17378449304908],[77.47627965722909,11.17378449304908],[77.47609999417226,11.174323482219553],[77.4764593202859,11.1746828083332],[77.4757406680586,11.175042134446848]],[[77.47699830945638,11.172526851651313],[77.47681864639955,11.17234718859449],[77.47699830945638,11.17234718859449],[77.47699830945638,11.172526851651313]],[[77.4764593202859,11.173964156105905],[77.47663898334272,11.173964156105905],[77.47663898334272,11.174143819162728],[77.4764593202859,11.173964156105905]],[[77.47771696168367,11.172526851651313],[77.4778966247405,11.172526851651313],[77.4778966247405,11.172706514708137],[77.47771696168367,11.172526851651313]],[[77.47861527696779,11.173964156105905],[77.47897460308144,11.173964156105905],[77.47879494002461,11.174323482219553],[77.47861527696779,11.173964156105905]],[[77.47807628779732,11.172886177764962],[77.47825595085415,11.172886177764962],[77.47825595085415,11.173065840821785],[77.47807628779732,11.172886177764962]],[[77.47807628779732,11.172886177764962],[77.4778966247405,11.172886177764962],[77.47807628779732,11.172706514708137],[77.47807628779732,11.172886177764962]]],[[[77.47556100500178,11.172886177764962],[77.4757406680586,11.173065840821785],[77.47556100500178,11.173065840821785],[77.47556100500178,11.172886177764962]]]]},"properties":{"transition":52,"ndbi_d":0.0024022606253550436,"vv_d":0.7518876329588761,"area_ha":5.951418675903218}},{"type":"Feature","geometry":{"geodesic":false,"type":"GeometryCollection","geometries":[{"type":"LineString","coordinates":[[77.68253284646292,11.214568006948108],[77.68253284646292,11.215106996118578]]},{"type":"Polygon","coordinates":[[[77.6816345311788,11.21654430057317],[77.68181419423563,11.216005311402698],[77.68199385729245,11.21654430057317],[77.6823531834061,11.216364637516346],[77.68217352034927,11.21474767000493],[77.68253284646292,11.215106996118578],[77.68253284646292,11.216364637516346],[77.6830718356334,11.21654430057317],[77.68289217257657,11.217262952800466],[77.6823531834061,11.217262952800466],[77.6823531834061,11.217622278914114],[77.68109554200834,11.217981605027761],[77.68127520506515,11.21654430057317],[77.68091587895151,11.216364637516346],[77.6816345311788,11.21654430057317]],[[77.6816345311788,11.21654430057317],[77.68181419423563,11.21654430057317],[77.68181419423563,11.216723963629994],[77.6816345311788,11.21654430057317]],[[77.68217352034927,11.216723963629994],[77.6823531834061,11.216723963629994],[77.6823531834061,11.216903626686818],[77.68217352034927,11.216723963629994]],[[77.6816345311788,11.217083289743641],[77.68145486812197,11.216723963629994],[77.6816345311788,11.216723963629994],[77.6816345311788,11.217083289743641]],[[77.68181419423563,11.217262952800466],[77.68217352034927,11.217262952800466],[77.68217352034927,11.217442615857289],[77.68181419423563,11.217262952800466]],[[77.68181419423563,11.217262952800466],[77.6816345311788,11.217083289743641],[77.68181419423563,11.217083289743641],[77.68181419423563,11.217262952800466]]]},{"type":"Polygon","coordinates":[[[77.68199385729245,11.21384935472081],[77.68289217257657,11.214208680834458],[77.68253284646292,11.214388343891283],[77.68253284646292,11.214568006948108],[77.68199385729245,11.214208680834458],[77.68181419423563,11.214568006948108],[77.68073621589468,11.21474767000493],[77.68001756366739,11.213669691663988],[77.67965823755374,11.213669691663988],[77.67947857449691,11.213130702493515],[77.67983790061056,11.213490028607163],[77.68073621589468,11.21331036555034],[77.68073621589468,11.213669691663988],[77.68091587895151,11.21331036555034],[77.68181419423563,11.213130702493515],[77.68199385729245,11.21384935472081]],[[77.68199385729245,11.21384935472081],[77.6816345311788,11.214388343891283],[77.68091587895151,11.214388343891283],[77.68091587895151,11.214029017777635],[77.68199385729245,11.21384935472081]]]}]},"properties":{"transition":21,"ndbi_d":-0.20741763085932594,"vv_d":2.15334799280539,"area_ha":5.950564863050085}},{"type":"Feature","geometry":{"geodesic":false,"type":"MultiPolygon","coordinates":[[[[77.45921166683081,11.162645383525998],[77.45939132988764,11.16228605741235],[77.45975065600128,11.16228605741235],[77.4599303190581,11.163004709639646],[77.46028964517176,11.162825046582823],[77.46010998211493,11.16318437269647],[77.45939132988764,11.16318437269647],[77.45939132988764,11.162645383525998],[77.45921166683081,11.162645383525998]]],[[[77.45921166683081,11.162645383525998],[77.45885234071716,11.162645383525998],[77.45867267766033,11.16318437269647],[77.45849301460352,11.163723361866943],[77.45903200377398,11.163543698810118],[77.45903200377398,11.163004709639646],[77.45921166683081,11.163364035753295],[77.4606489712854,11.163364035753295],[77.46046930822858,11.162106394355527],[77.46172694962634,11.162825046582823],[77.46172694962634,11.163364035753295],[77.4613676235127,11.162825046582823],[77.46118796045587,11.16318437269647],[77.46100829739905,11.163543698810118],[77.46010998211493,11.163543698810118],[77.46010998211493,11.16408268798059],[77.45975065600128,11.16408268798059],[77.45975065600128,11.163903024923766],[77.45939132988764,11.163903024923766],[77.45939132988764,11.163723361866943],[77.45867267766033,11.163903024923766],[77.45885234071716,11.164621677151061],[77.45849301460352,11.164621677151061],[77.45831335154669,11.16408268798059],[77.45777436237621,11.164442014094238],[77.45813368848987,11.163903024923766],[77.45777436237621,11.163903024923766],[77.45777436237621,11.163364035753295],[77.45741503626257,11.163723361866943],[77.45759469931939,11.164262351037413],[77.45723537320575,11.16408268798059],[77.45723537320575,11.163004709639646],[77.45723537320575,11.162106394355527],[77.45777436237621,11.163004709639646],[77.45831335154669,11.162465720469175],[77.45921166683081,11.162645383525998]],[[77.45723537320575,11.163004709639646],[77.45741503626257,11.163004709639646],[77.45741503626257,11.16318437269647],[77.45723537320575,11.163004709639646]],[[77.45867267766033,11.16318437269647],[77.45849301460352,11.163004709639646],[77.45867267766033,11.163004709639646],[77.45867267766033,11.16318437269647]],[[77.46118796045587,11.16318437269647],[77.46100829739905,11.163004709639646],[77.46118796045587,11.163004709639646],[77.46118796045587,11.16318437269647]],[[77.45795402543304,11.163004709639646],[77.45813368848987,11.163004709639646],[77.45813368848987,11.16318437269647],[77.45795402543304,11.163004709639646]],[[77.45831335154669,11.162645383525998],[77.45849301460352,11.162645383525998],[77.45849301460352,11.162825046582823],[77.45831335154669,11.162645383525998]],[[77.45831335154669,11.16318437269647],[77.45849301460352,11.16318437269647],[77.45849301460352,11.163364035753295],[77.45831335154669,11.16318437269647]],[[77.45975065600128,11.163543698810118],[77.4599303190581,11.163543698810118],[77.4599303190581,11.163723361866943],[77.45975065600128,11.163543698810118]],[[77.4606489712854,11.162465720469175],[77.46100829739905,11.162825046582823],[77.4606489712854,11.162825046582823],[77.4606489712854,11.162465720469175]]],[[[77.45939132988764,11.163903024923766],[77.45975065600128,11.16408268798059],[77.4599303190581,11.164442014094238],[77.45957099294445,11.164981003264709],[77.45921166683081,11.164801340207886],[77.45921166683081,11.165340329378358],[77.45903200377398,11.164442014094238],[77.45939132988764,11.164442014094238],[77.45939132988764,11.163903024923766]],[[77.45957099294445,11.164262351037413],[77.45975065600128,11.164262351037413],[77.45975065600128,11.164442014094238],[77.45957099294445,11.164262351037413]]]]},"properties":{"transition":52,"ndbi_d":-0.0374086271035776,"vv_d":0.9890733797657557,"area_ha":5.8733200699866135}},{"type":"Feature","geometry":{"geodesic":false,"type":"GeometryCollection","geometries":[{"type":"LineString","coordinates":[[77.53215486790131,11.217442615857289],[77.53215486790131,11.217801941970936]]},{"type":"Polygon","coordinates":[[[77.53269385707179,11.218340931141409],[77.5328735201286,11.217622278914114],[77.5328735201286,11.217981605027761],[77.53359217235591,11.218340931141409],[77.53359217235591,11.218700257255056],[77.53413116152637,11.218700257255056],[77.53413116152637,11.219059583368704],[77.53484981375367,11.218520594198234],[77.53467015069685,11.219059583368704],[77.53395149846955,11.219418909482352],[77.53377183541272,11.218879920311881],[77.5328735201286,11.218879920311881],[77.53305318318543,11.218340931141409],[77.53269385707179,11.218340931141409]]]},{"type":"Polygon","coordinates":[[[77.53355133983891,11.217091456247042],[77.53377183541272,11.216723963629994],[77.53359217235591,11.217083289743641],[77.53355133983891,11.217091456247042]]]},{"type":"Polygon","coordinates":[[[77.53355133983891,11.217091456247042],[77.53323284624226,11.217622278914114],[77.53215486790131,11.217262952800466],[77.53215486790131,11.217442615857289],[77.53179554178766,11.217442615857289],[77.53179554178766,11.218161268084584],[77.53161587873085,11.218161268084584],[77.53179554178766,11.218700257255056],[77.53143621567402,11.219239246425529],[77.53107688956037,11.217801941970936],[77.5305379003899,11.217981605027761],[77.53075349605808,11.217334818023195],[77.53089722650354,11.217622278914114],[77.53089722650354,11.217262952800466],[77.53077745113532,11.217262952800466],[77.53089722650354,11.216903626686818],[77.5305379003899,11.216364637516346],[77.5312565526172,11.216903626686818],[77.5312565526172,11.216364637516346],[77.53179554178766,11.216364637516346],[77.53179554178766,11.216903626686818],[77.53269385707179,11.216903626686818],[77.53269385707179,11.217262952800466],[77.53355133983891,11.217091456247042]],[[77.53089722650354,11.217083289743641],[77.5312565526172,11.217083289743641],[77.5312565526172,11.217262952800466],[77.53089722650354,11.217083289743641]],[[77.53107688956037,11.217442615857289],[77.5312565526172,11.217442615857289],[77.5312565526172,11.217622278914114],[77.53107688956037,11.217442615857289]],[[77.5312565526172,11.217801941970936],[77.53161587873085,11.217622278914114],[77.53143621567402,11.218340931141409],[77.5312565526172,11.217801941970936]],[[77.53161587873085,11.217083289743641],[77.53179554178766,11.217083289743641],[77.53179554178766,11.217262952800466],[77.53161587873085,11.217083289743641]],[[77.53161587873085,11.217083289743641],[77.53143621567402,11.21654430057317],[77.53161587873085,11.21654430057317],[77.53161587873085,11.217083289743641]]]},{"type":"Polygon","coordinates":[[[77.53077745113532,11.217262952800466],[77.53075349605808,11.217334818023195],[77.53071756344673,11.217262952800466],[77.53077745113532,11.217262952800466]]]},{"type":"Polygon","coordinates":[[[77.53179554178766,11.218161268084584],[77.53215486790131,11.218340931141409],[77.53215486790131,11.217981605027761],[77.53251419401496,11.217981605027761],[77.53269385707179,11.218340931141409],[77.53233453095814,11.219239246425529],[77.53269385707179,11.220496887823296],[77.53179554178766,11.219778235596],[77.53215486790131,11.219059583368704],[77.53179554178766,11.218700257255056],[77.53179554178766,11.218161268084584]],[[77.53197520484449,11.218520594198234],[77.53215486790131,11.218520594198234],[77.53215486790131,11.218700257255056],[77.53197520484449,11.218520594198234]]]}]},"properties":{"transition":52,"ndbi_d":-0.03204521855789337,"vv_d":0.9727771245063072,"area_ha":5.793915525157415}},{"type":"Feature","geometry":{"geodesic":false,"type":"MultiPolygon","coordinates":[[[[77.69025835790634,11.421180522295597],[77.69097701013365,11.421539848409244],[77.69025835790634,11.421719511466069],[77.69025835790634,11.421180522295597]]],[[[77.69025835790634,11.421180522295597],[77.68936004262223,11.421000859238774],[77.68936004262223,11.421539848409244],[77.68900071650859,11.421539848409244],[77.68900071650859,11.422078837579717],[77.68936004262223,11.42225850063654],[77.68846172733811,11.42225850063654],[77.68810240122446,11.421539848409244],[77.68792273816764,11.42225850063654],[77.68828206428128,11.422797489807012],[77.68756341205399,11.422797489807012],[77.68792273816764,11.423336478977484],[77.68720408594034,11.423516142034307],[77.6868447598267,11.42225850063654],[77.68738374899716,11.42225850063654],[77.68738374899716,11.421899174522892],[77.68702442288352,11.421539848409244],[77.68666509676987,11.422078837579717],[77.68666509676987,11.421360185352421],[77.68756341205399,11.421539848409244],[77.68738374899716,11.421000859238774],[77.68828206428128,11.421000859238774],[77.68828206428128,11.420641533125124],[77.68864139039493,11.420821196181949],[77.68882105345176,11.420461870068301],[77.68953970567905,11.420641533125124],[77.6898990317927,11.419922880897829],[77.69025835790634,11.419922880897829],[77.6898990317927,11.420461870068301],[77.69079734707682,11.420461870068301],[77.69025835790634,11.421180522295597]],[[77.68738374899716,11.42225850063654],[77.68756341205399,11.42225850063654],[77.68756341205399,11.422438163693364],[77.68738374899716,11.42225850063654]],[[77.68756341205399,11.421719511466069],[77.68774307511082,11.421719511466069],[77.68774307511082,11.422078837579717],[77.68756341205399,11.421719511466069]],[[77.68864139039493,11.421719511466069],[77.68882105345176,11.421719511466069],[77.68882105345176,11.421899174522892],[77.68864139039493,11.421719511466069]],[[77.68882105345176,11.420821196181949],[77.68900071650859,11.420821196181949],[77.68900071650859,11.421000859238774],[77.68882105345176,11.420821196181949]],[[77.68882105345176,11.421180522295597],[77.68900071650859,11.421180522295597],[77.68900071650859,11.421360185352421],[77.68882105345176,11.421180522295597]],[[77.68882105345176,11.421180522295597],[77.68846172733811,11.421000859238774],[77.68882105345176,11.421000859238774],[77.68882105345176,11.421180522295597]]]]},"properties":{"transition":21,"ndbi_d":-0.09738931057069425,"vv_d":1.9016894511258142,"area_ha":5.594197214501098}},{"type":"Feature","geometry":{"geodesic":false,"type":"MultiPolygon","coordinates":[[[[77.79176798501186,11.292231446507447],[77.79176798501186,11.293080762780153],[77.79104933278455,11.293080762780153],[77.7914086588982,11.293440088893801],[77.79104933278455,11.294158741121096],[77.78961202832997,11.29523671946204],[77.78889337610268,11.294877393348392],[77.78907303915949,11.295596045575687],[77.7883543869322,11.29613503474616],[77.78853404998902,11.296494360859807],[77.78781539776173,11.296494360859807],[77.7876357347049,11.29703335003028],[77.78709674553443,11.297213013087102],[77.78907303915949,11.294158741121096],[77.7897916913868,11.294158741121096],[77.79069000667091,11.292721436666506],[77.79176798501186,11.292231446507447]],[[77.79051034361409,11.293799415007449],[77.79069000667091,11.293799415007449],[77.79069000667091,11.293979078064273],[77.79051034361409,11.293799415007449]],[[77.79069000667091,11.293619751950624],[77.79086966972774,11.293619751950624],[77.79086966972774,11.293799415007449],[77.79069000667091,11.293619751950624]],[[77.7914086588982,11.292721436666506],[77.79158832195503,11.292721436666506],[77.79158832195503,11.292901099723329],[77.7914086588982,11.292721436666506]]],[[[77.79176798501186,11.292231446507447],[77.79176798501186,11.292182447496034],[77.79266630029598,11.291823121382386],[77.79176798501186,11.292231446507447]]]]},"properties":{"transition":40,"ndbi_d":-0.12687560187685967,"vv_d":-3.901848539715835,"area_ha":5.479278654509234}},{"type":"Feature","geometry":{"geodesic":false,"type":"MultiPolygon","coordinates":[[[[77.6778616069855,11.446692676364592],[77.67768194392868,11.446692676364592],[77.6778616069855,11.44705200247824],[77.67804127004233,11.447411328591887],[77.67804127004233,11.44795031776236],[77.67840059615597,11.448129980819182],[77.67840059615597,11.447770654705534],[77.67875992226962,11.447770654705534],[77.67911924838327,11.448309643876007],[77.67893958532645,11.449207959160127],[77.67929891144009,11.449207959160127],[77.67929891144009,11.449567285273774],[77.67840059615597,11.449926611387422],[77.6778616069855,11.449207959160127],[77.67822093309914,11.448309643876007],[77.67768194392868,11.448129980819182],[77.67750228087185,11.448668969989654],[77.67750228087185,11.447590991648712],[77.67696329170138,11.447411328591887],[77.67732261781502,11.445075708853176],[77.6778616069855,11.445075708853176],[77.6778616069855,11.446692676364592]],[[77.67768194392868,11.447590991648712],[77.6778616069855,11.447590991648712],[77.6778616069855,11.44795031776236],[77.67768194392868,11.447590991648712]],[[77.6785802592128,11.449028296103302],[77.67875992226962,11.449028296103302],[77.67875992226962,11.44938762221695],[77.6785802592128,11.449028296103302]],[[77.6785802592128,11.44848930693283],[77.67893958532645,11.44848930693283],[77.67893958532645,11.448668969989654],[77.6785802592128,11.44848930693283]],[[77.6785802592128,11.44848930693283],[77.67840059615597,11.448129980819182],[77.6785802592128,11.448129980819182],[77.6785802592128,11.44848930693283]]],[[[77.6778616069855,11.446692676364592],[77.67804127004233,11.445974024137296],[77.67840059615597,11.446513013307767],[77.67822093309914,11.447231665535062],[77.6785802592128,11.447231665535062],[77.6785802592128,11.447590991648712],[77.67804127004233,11.447411328591887],[77.67804127004233,11.44705200247824],[77.6778616069855,11.44705200247824],[77.6778616069855,11.446692676364592]]]]},"properties":{"transition":31,"ndbi_d":-0.21801575275201043,"vv_d":0.9077855348330062,"area_ha":5.202516033719906}},{"type":"Feature","geometry":{"geodesic":false,"type":"Polygon","coordinates":[[[77.49173068011594,11.152224926230211],[77.49155101705911,11.151146947889268],[77.49065270177499,11.151326610946091],[77.49029337566134,11.152045263173388],[77.48993404954768,11.15168593705974],[77.48903573426357,11.151865600116563],[77.4892153973204,11.151506274002916],[77.4884967450931,11.151506274002916],[77.48831708203627,11.150967284832443],[77.4892153973204,11.151146947889268],[77.4892153973204,11.15078762177562],[77.48957472343405,11.151146947889268],[77.48975438649087,11.150607958718796],[77.48885607120674,11.150428295661973],[77.4884967450931,11.15078762177562],[77.48777809286581,11.150248632605148],[77.4892153973204,11.150068969548325],[77.49011371260451,11.150607958718796],[77.49065270177499,11.150428295661973],[77.49065270177499,11.150068969548325],[77.49173068011594,11.150068969548325],[77.49173068011594,11.151146947889268],[77.49244933234323,11.150967284832443],[77.49244933234323,11.15168593705974],[77.49173068011594,11.152224926230211]],[[77.4884967450931,11.150428295661973],[77.48831708203627,11.150248632605148],[77.4884967450931,11.150248632605148],[77.4884967450931,11.150428295661973]],[[77.48993404954768,11.150967284832443],[77.48975438649087,11.15078762177562],[77.48993404954768,11.15078762177562],[77.48993404954768,11.150967284832443]],[[77.49137135400228,11.151146947889268],[77.4908323648318,11.150967284832443],[77.49137135400228,11.150967284832443],[77.49137135400228,11.151146947889268]],[[77.49029337566134,11.151326610946091],[77.48993404954768,11.151146947889268],[77.49011371260451,11.150607958718796],[77.4908323648318,11.150607958718796],[77.49029337566134,11.151326610946091]],[[77.49029337566134,11.151865600116563],[77.49011371260451,11.151506274002916],[77.49047303871816,11.151506274002916],[77.49029337566134,11.151865600116563]]]},"properties":{"transition":52,"ndbi_d":-0.02442708068757446,"vv_d":-0.2651698794611153,"area_ha":5.129586173075084}},{"type":"Feature","geometry":{"geodesic":false,"type":"Polygon","coordinates":[[[77.52586666091247,11.167675949117067],[77.52568699785564,11.166957296889771],[77.5260463239693,11.166777633832949],[77.5260463239693,11.165160666321533],[77.52568699785564,11.163723361866941],[77.52586666091247,11.16318437269647],[77.52622598702612,11.16318437269647],[77.52694463925341,11.164262351037413],[77.52694463925341,11.165160666321533],[77.52730396536707,11.165160666321533],[77.52730396536707,11.165699655492004],[77.52784295453753,11.166058981605651],[77.52784295453753,11.166777633832949],[77.52748362842388,11.166777633832949],[77.52730396536707,11.166058981605651],[77.52676497619659,11.165879318548829],[77.52640565008295,11.167496286060244],[77.52586666091247,11.167675949117067]],[[77.52622598702612,11.164621677151061],[77.5260463239693,11.164442014094236],[77.52622598702612,11.164442014094236],[77.52622598702612,11.164621677151061]],[[77.52676497619659,11.164801340207884],[77.52658531313976,11.164621677151061],[77.52676497619659,11.164621677151061],[77.52676497619659,11.164801340207884]],[[77.52676497619659,11.165879318548829],[77.52658531313976,11.165699655492004],[77.52676497619659,11.165699655492004],[77.52676497619659,11.165879318548829]]]},"properties":{"transition":10,"ndbi_d":0.1588270548812846,"vv_d":-1.2354743605346452,"area_ha":5.129331863127336}},{"type":"Feature","geometry":{"geodesic":false,"type":"Polygon","coordinates":[[[77.79769686588703,11.272599174302227],[77.79697821365974,11.272419511245403],[77.79661888754609,11.271161869847637],[77.79500192003468,11.270802543733987],[77.79554090920516,11.269724565393044],[77.79697821365974,11.270083891506692],[77.79679855060292,11.270622880677164],[77.7973375397734,11.270802543733987],[77.7973375397734,11.271161869847637],[77.79769686588703,11.270982206790812],[77.79769686588703,11.27044321762034],[77.7989545072848,11.270802543733987],[77.79913417034163,11.27134153290446],[77.79859518117115,11.271700859018107],[77.79769686588703,11.271521195961284],[77.79787652894386,11.272419511245403],[77.79841551811434,11.272060185131755],[77.79841551811434,11.272599174302227],[77.79769686588703,11.272599174302227]],[[77.79607989837562,11.27044321762034],[77.7959002353188,11.270263554563517],[77.79607989837562,11.270263554563517],[77.79607989837562,11.27044321762034]],[[77.79877484422798,11.271161869847637],[77.79823585505751,11.270982206790812],[77.79877484422798,11.270982206790812],[77.79877484422798,11.271161869847637]],[[77.79769686588703,11.27134153290446],[77.79751720283022,11.271161869847637],[77.79769686588703,11.271161869847637],[77.79769686588703,11.27134153290446]],[[77.79751720283022,11.271880522074932],[77.79715787671657,11.27134153290446],[77.79751720283022,11.271521195961284],[77.79751720283022,11.271880522074932]]]},"properties":{"transition":1,"ndbi_d":0.034055106332730005,"vv_d":2.7246688444748166,"area_ha":5.127456186031159}},{"type":"Feature","geometry":{"geodesic":false,"type":"GeometryCollection","geometries":[{"type":"LineString","coordinates":[[77.46657785216058,11.170011568855779],[77.46657785216058,11.169652242742131]]},{"type":"LineString","coordinates":[[77.46783549355835,11.168753927458011],[77.46801515661518,11.168753927458011]]},{"type":"Polygon","coordinates":[[[77.46650598693786,11.167136959946596],[77.46639818910377,11.167136959946596],[77.46657785216058,11.16731662300342],[77.46657785216058,11.167226791475008],[77.46693717827424,11.167675949117069],[77.4674761674447,11.167496286060244],[77.46837448272883,11.167855612173891],[77.46837448272883,11.167496286060244],[77.46873380884247,11.167496286060244],[77.46873380884247,11.168574264401187],[77.46855414578565,11.168035275230716],[77.46765583050153,11.168035275230716],[77.4674761674447,11.168394601344364],[77.46765583050153,11.168753927458011],[77.46783549355835,11.168753927458011],[77.46801515661518,11.168933590514834],[77.46801515661518,11.168753927458011],[77.46819481967201,11.168753927458011],[77.46819481967201,11.169472579685307],[77.46801515661518,11.169113253571659],[77.4674761674447,11.169472579685307],[77.46693717827424,11.169292916628484],[77.46657785216058,11.169472579685307],[77.46657785216058,11.169652242742131],[77.46585919993329,11.169292916628484],[77.46639818910377,11.169113253571659],[77.46657785216058,11.168394601344364],[77.46675751521741,11.168753927458011],[77.46693717827424,11.168394601344364],[77.46729650438789,11.168574264401187],[77.46729650438789,11.168214938287539],[77.46639818910377,11.167855612173891],[77.46621852604694,11.168214938287539],[77.46549987381964,11.168035275230716],[77.46549987381964,11.168574264401187],[77.46532021076283,11.168214938287539],[77.46478122159235,11.168214938287539],[77.46496088464917,11.167675949117069],[77.46567953687646,11.167496286060244],[77.46549987381964,11.166957296889771],[77.46603886299012,11.167136959946596],[77.46621852604694,11.166777633832949],[77.46650598693786,11.167136959946596]],[[77.46585919993329,11.167675949117069],[77.46621852604694,11.167675949117069],[77.46621852604694,11.168035275230716],[77.46585919993329,11.167675949117069]],[[77.46657785216058,11.168933590514834],[77.46675751521741,11.168933590514834],[77.46675751521741,11.169113253571659],[77.46657785216058,11.168933590514834]],[[77.46675751521741,11.167855612173891],[77.46657785216058,11.167675949117069],[77.46675751521741,11.167675949117069],[77.46675751521741,11.167855612173891]],[[77.46675751521741,11.167855612173891],[77.46711684133106,11.167855612173891],[77.46711684133106,11.168035275230716],[77.46675751521741,11.167855612173891]]]},{"type":"Polygon","coordinates":[[[77.46650598693786,11.167136959946596],[77.46657785216058,11.167136959946596],[77.46657785216058,11.167226791475008],[77.46650598693786,11.167136959946596]]]}]},"properties":{"transition":52,"ndbi_d":-0.03303340633596795,"vv_d":0.8650352628550166,"area_ha":5.090125803607329}},{"type":"Feature","geometry":{"geodesic":false,"type":"MultiPolygon","coordinates":[[[[77.62845426635893,11.24780567246053],[77.62809494024528,11.247266683290057],[77.6289932555294,11.247087020233234],[77.62953224469987,11.24780567246053],[77.62845426635893,11.24780567246053]],[[77.6289932555294,11.247446346346882],[77.62917291858622,11.247446346346882],[77.62917291858622,11.247626009403705],[77.6289932555294,11.247446346346882]]],[[[77.62845426635893,11.24780567246053],[77.62845426635893,11.248344661631],[77.6289932555294,11.248524324687825],[77.62935258164305,11.247985335517352],[77.63114921221128,11.248164998574177],[77.63007123387034,11.24870398774465],[77.63007123387034,11.249063313858297],[77.63078988609763,11.249063313858297],[77.63043055998399,11.249422639971945],[77.63096954915446,11.249602303028768],[77.63096954915446,11.249961629142415],[77.63043055998399,11.25014129219924],[77.63025089692717,11.24924297691512],[77.62953224469987,11.249602303028768],[77.63007123387034,11.24924297691512],[77.62971190775669,11.248883650801472],[77.63007123387034,11.248344661631],[77.62971190775669,11.248524324687825],[77.62935258164305,11.248164998574177],[77.62935258164305,11.24924297691512],[77.62881359247257,11.249063313858297],[77.62881359247257,11.249422639971945],[77.62845426635893,11.249422639971945],[77.62809494024528,11.248524324687825],[77.6268372988475,11.249063313858297],[77.62665763579069,11.248344661631],[77.62845426635893,11.24780567246053]],[[77.62701696190433,11.24870398774465],[77.62719662496116,11.24870398774465],[77.62719662496116,11.248883650801472],[77.62701696190433,11.24870398774465]],[[77.62845426635893,11.248883650801472],[77.62863392941576,11.248883650801472],[77.62863392941576,11.249063313858297],[77.62845426635893,11.248883650801472]]]]},"properties":{"transition":54,"ndbi_d":0.022848547618979444,"vv_d":0.15315225794016152,"area_ha":5.088711999317553}},{"type":"Feature","geometry":{"geodesic":false,"type":"Polygon","coordinates":[[[77.76068627618132,11.319491232133267],[77.76050661312449,11.318952242962794],[77.7597879608972,11.318772579905971],[77.76014728701084,11.318233590735499],[77.75960829784037,11.318233590735499],[77.75924897172672,11.318592916849147],[77.75960829784037,11.318952242962794],[77.75924897172672,11.319131906019619],[77.75870998255625,11.319131906019619],[77.75924897172672,11.318952242962794],[77.7590693086699,11.318592916849147],[77.7583506564426,11.318772579905971],[77.75853031949943,11.317874264621851],[77.75960829784037,11.317874264621851],[77.75870998255625,11.317155612394556],[77.75870998255625,11.316796286280908],[77.75924897172672,11.316616623224084],[77.75870998255625,11.31643696016726],[77.75870998255625,11.316077634053611],[77.75960829784037,11.316616623224084],[77.75942863478355,11.317514938508204],[77.75996762395401,11.317155612394556],[77.75996762395401,11.31643696016726],[77.76050661312449,11.316616623224084],[77.76050661312449,11.317155612394556],[77.76086593923814,11.317335275451379],[77.76086593923814,11.318772579905971],[77.76194391757907,11.318952242962794],[77.76068627618132,11.319491232133267]],[[77.75924897172672,11.317335275451379],[77.7590693086699,11.317155612394556],[77.75924897172672,11.317155612394556],[77.75924897172672,11.317335275451379]],[[77.76014728701084,11.317874264621851],[77.7597879608972,11.317694601565027],[77.76014728701084,11.317694601565027],[77.76014728701084,11.317874264621851]],[[77.7597879608972,11.318053927678674],[77.75960829784037,11.317874264621851],[77.7597879608972,11.317874264621851],[77.7597879608972,11.318053927678674]],[[77.75924897172672,11.318413253792324],[77.7590693086699,11.318233590735499],[77.75924897172672,11.318233590735499],[77.75924897172672,11.318413253792324]]]},"properties":{"transition":34,"ndbi_d":0.002681792167892966,"vv_d":0.04861551904507351,"area_ha":5.0874836323079835}},{"type":"Feature","geometry":{"geodesic":false,"type":"Polygon","coordinates":[[[77.45795402543304,11.216184974459521],[77.45795402543304,11.215825648345874],[77.45723537320573,11.215825648345874],[77.45705571014892,11.215466322232226],[77.45813368848987,11.215466322232226],[77.45867267766033,11.214568006948106],[77.4592116668308,11.21474767000493],[77.45957099294445,11.213669691663986],[77.4592116668308,11.214029017777634],[77.45885234071716,11.213310365550338],[77.4592116668308,11.213669691663986],[77.46028964517174,11.213490028607163],[77.4599303190581,11.213130702493515],[77.4606489712854,11.21295103943669],[77.4606489712854,11.213490028607163],[77.4599303190581,11.214029017777634],[77.46046930822857,11.214029017777634],[77.46028964517174,11.214568006948106],[77.46100829739905,11.214388343891283],[77.46136762351269,11.215286659175401],[77.46082863434222,11.215106996118578],[77.4606489712854,11.214568006948106],[77.46046930822857,11.214927333061754],[77.46010998211493,11.21474767000493],[77.46028964517174,11.215286659175401],[77.45939132988762,11.215466322232226],[77.45957099294445,11.216005311402698],[77.45885234071716,11.216005311402698],[77.45885234071716,11.215645985289049],[77.4584930146035,11.215645985289049],[77.45831335154668,11.216184974459521],[77.45795402543304,11.216184974459521]],[[77.45903200377398,11.215106996118578],[77.45885234071716,11.214927333061754],[77.45903200377398,11.214927333061754],[77.45903200377398,11.215106996118578]],[[77.45903200377398,11.215466322232226],[77.45885234071716,11.215286659175401],[77.45903200377398,11.215286659175401],[77.45903200377398,11.215466322232226]]]},"properties":{"transition":51,"ndbi_d":-0.2769467002362944,"vv_d":4.9953911167221685,"area_ha":5.011011460692021}},{"type":"Feature","geometry":{"geodesic":false,"type":"Polygon","coordinates":[[[77.79086966972773,11.391176791806004],[77.7906900066709,11.390458139578708],[77.79122899584138,11.390817465692356],[77.7914086588982,11.390458139578708],[77.79033068055726,11.39009881346506],[77.79033068055726,11.389559824294588],[77.79051034361409,11.389919150408236],[77.79122899584138,11.389919150408236],[77.79051034361409,11.389380161237765],[77.79104933278455,11.38866150901047],[77.7906900066709,11.38866150901047],[77.79086966972773,11.388302182896823],[77.79051034361409,11.388302182896823],[77.79051034361409,11.387942856783173],[77.79158832195503,11.388122519839998],[77.79194764806867,11.388841172067293],[77.79158832195503,11.38866150901047],[77.79104933278455,11.389020835124118],[77.79194764806867,11.389020835124118],[77.79230697418232,11.389919150408236],[77.79302562640962,11.389919150408236],[77.79302562640962,11.39099712874918],[77.7921273111255,11.390817465692356],[77.7921273111255,11.391176791806004],[77.79086966972773,11.391176791806004]],[[77.79158832195503,11.389380161237765],[77.7914086588982,11.38920049818094],[77.79158832195503,11.38920049818094],[77.79158832195503,11.389380161237765]],[[77.7914086588982,11.389559824294588],[77.79104933278455,11.389380161237765],[77.7914086588982,11.389380161237765],[77.7914086588982,11.389559824294588]],[[77.79194764806867,11.389919150408236],[77.79158832195503,11.389380161237765],[77.79194764806867,11.389559824294588],[77.79194764806867,11.389919150408236]],[[77.7914086588982,11.39009881346506],[77.79122899584138,11.389919150408236],[77.7914086588982,11.389919150408236],[77.7914086588982,11.39009881346506]],[[77.79176798501184,11.390278476521885],[77.79158832195503,11.39009881346506],[77.79176798501184,11.39009881346506],[77.79176798501184,11.390278476521885]]]},"properties":{"transition":25,"ndbi_d":0.03146107791621944,"vv_d":0.700182273688079,"area_ha":5.007953307845919}},{"type":"Feature","geometry":{"geodesic":false,"type":"Polygon","coordinates":[[[77.77739494046594,11.406987140806507],[77.77649662518182,11.40662781469286],[77.77649662518182,11.405549836351916],[77.77613729906817,11.405370173295093],[77.7779339296364,11.405729499408741],[77.7779339296364,11.405370173295093],[77.77847291880688,11.405370173295093],[77.77865258186371,11.404651521067796],[77.77919157103418,11.405010847181444],[77.77919157103418,11.404651521067796],[77.77973056020465,11.404651521067796],[77.78062887548877,11.405729499408741],[77.78116786465924,11.405729499408741],[77.78098820160241,11.406268488579212],[77.77883224492052,11.406088825522389],[77.77883224492052,11.406448151636036],[77.77811359269323,11.405909162465564],[77.77739494046594,11.406987140806507]],[[77.77901190797735,11.405190510238269],[77.77865258186371,11.405190510238269],[77.77865258186371,11.404831184124621],[77.77901190797735,11.405190510238269]],[[77.779371234091,11.405549836351916],[77.77919157103418,11.405370173295093],[77.779371234091,11.405370173295093],[77.779371234091,11.405549836351916]],[[77.77919157103418,11.405909162465564],[77.77901190797735,11.405549836351916],[77.77919157103418,11.405549836351916],[77.77919157103418,11.405909162465564]],[[77.77685595129546,11.406088825522389],[77.77667628823865,11.405909162465564],[77.77685595129546,11.405909162465564],[77.77685595129546,11.406088825522389]],[[77.78044921243195,11.406088825522389],[77.78026954937512,11.405729499408741],[77.779371234091,11.406088825522389],[77.77955089714783,11.405190510238269],[77.7800898863183,11.405190510238269],[77.77991022326147,11.405549836351916],[77.78026954937512,11.405370173295093],[77.78044921243195,11.406088825522389]],[[77.77739494046594,11.406268488579212],[77.77703561435229,11.406088825522389],[77.77721527740911,11.405729499408741],[77.77739494046594,11.406268488579212]],[[77.77721527740911,11.406448151636036],[77.77703561435229,11.406268488579212],[77.77721527740911,11.406268488579212],[77.77721527740911,11.406448151636036]]]},"properties":{"transition":25,"ndbi_d":0.03554546673760743,"vv_d":-1.05622143493564,"area_ha":4.968548429433706}},{"type":"Feature","geometry":{"geodesic":false,"type":"Polygon","coordinates":[[[77.52335137811694,11.249422639971943],[77.52281238894646,11.24924297691512],[77.52263272588964,11.248703987744648],[77.52209373671917,11.24924297691512],[77.522273399776,11.248524324687825],[77.52173441060552,11.248524324687825],[77.52155474754869,11.249063313858295],[77.5208360953214,11.248883650801472],[77.52137508449188,11.248524324687825],[77.52137508449188,11.247626009403705],[77.52209373671917,11.247985335517352],[77.522273399776,11.247087020233232],[77.52281238894646,11.24690735717641],[77.52407003034423,11.247266683290057],[77.52407003034423,11.248164998574177],[77.52335137811694,11.249422639971943]],[[77.52245306283282,11.247805672460528],[77.522273399776,11.24744634634688],[77.52263272588964,11.24744634634688],[77.52245306283282,11.247805672460528]],[[77.52335137811694,11.247805672460528],[77.52281238894646,11.247626009403705],[77.52335137811694,11.247626009403705],[77.52335137811694,11.247805672460528]],[[77.52389036728741,11.247985335517352],[77.52371070423058,11.247805672460528],[77.52389036728741,11.247805672460528],[77.52389036728741,11.247985335517352]]]},"properties":{"transition":54,"ndbi_d":0.029048308975891106,"vv_d":-0.9154898287047415,"area_ha":4.932143817179479}},{"type":"Feature","geometry":{"geodesic":false,"type":"MultiPolygon","coordinates":[[[[77.49550360430923,11.166238644662476],[77.49568326736606,11.166597970776124],[77.49478495208194,11.166238644662476],[77.49496461513877,11.165879318548829],[77.49550360430923,11.166238644662476]]],[[[77.49550360430923,11.166238644662476],[77.49550360430923,11.165160666321533],[77.49568326736606,11.165699655492006],[77.49622225653653,11.165699655492006],[77.49604259347971,11.164442014094238],[77.49550360430923,11.164621677151061],[77.49532394125241,11.16318437269647],[77.49496461513877,11.16318437269647],[77.49514427819558,11.162465720469175],[77.49568326736606,11.163364035753295],[77.49640191959335,11.162825046582823],[77.49586293042289,11.163723361866943],[77.49640191959335,11.16408268798059],[77.496761245707,11.163903024923766],[77.496761245707,11.16318437269647],[77.49712057182064,11.16318437269647],[77.49730023487747,11.164262351037413],[77.49801888710478,11.164621677151061],[77.49765956099112,11.164621677151061],[77.49765956099112,11.165160666321533],[77.49730023487747,11.164981003264709],[77.49694090876383,11.165699655492006],[77.49658158265018,11.165340329378358],[77.49658158265018,11.165879318548829],[77.49604259347971,11.166058981605653],[77.49658158265018,11.1664183077193],[77.49640191959335,11.166777633832949],[77.49586293042289,11.165879318548829],[77.49550360430923,11.166238644662476]],[[77.49640191959335,11.164621677151061],[77.49712057182064,11.164801340207886],[77.496761245707,11.165160666321533],[77.49640191959335,11.165160666321533],[77.49640191959335,11.164621677151061]],[[77.49568326736606,11.16408268798059],[77.49550360430923,11.163903024923766],[77.49568326736606,11.163903024923766],[77.49568326736606,11.16408268798059]],[[77.49568326736606,11.16408268798059],[77.49586293042289,11.16408268798059],[77.49586293042289,11.164262351037413],[77.49568326736606,11.16408268798059]],[[77.49640191959335,11.164621677151061],[77.49622225653653,11.164262351037413],[77.49658158265018,11.164262351037413],[77.49640191959335,11.164621677151061]]]]},"properties":{"transition":52,"ndbi_d":-0.06608748308414161,"vv_d":1.3354408483974682,"area_ha":4.816103779799053}},{"type":"Feature","geometry":{"geodesic":false,"type":"Polygon","coordinates":[[[77.59413862250555,11.334223602792827],[77.59395895944873,11.333325287508707],[77.59557592696015,11.333325287508707],[77.59557592696015,11.333684613622355],[77.5952166008465,11.333504950565532],[77.59539626390333,11.334043939736002],[77.59503693778967,11.33440326584965],[77.59467761167603,11.334223602792827],[77.59467761167603,11.334762591963297],[77.59503693778967,11.334942255020122],[77.5937792963919,11.335121918076945],[77.59395895944873,11.335840570304242],[77.59306064416461,11.335660907247417],[77.59324030722144,11.336020233361065],[77.59270131805097,11.335840570304242],[77.59234199193732,11.33619989641789],[77.59126401359637,11.33619989641789],[77.59270131805097,11.33530158113377],[77.59234199193732,11.335121918076945],[77.59252165499414,11.334582928906475],[77.59306064416461,11.335481244190595],[77.59306064416461,11.334582928906475],[77.59413862250555,11.334223602792827]],[[77.59431828556238,11.334942255020122],[77.59413862250555,11.334762591963297],[77.59431828556238,11.334762591963297],[77.59431828556238,11.334942255020122]],[[77.59288098110778,11.335660907247417],[77.59252165499414,11.335481244190595],[77.59288098110778,11.335481244190595],[77.59288098110778,11.335660907247417]]]},"properties":{"transition":21,"ndbi_d":-0.14270226493084093,"vv_d":1.0862575663059628,"area_ha":4.813259705896152}},{"type":"Feature","geometry":{"geodesic":false,"type":"MultiPolygon","coordinates":[[[[77.60258278617628,11.37392913835091],[77.60258278617628,11.374468127521382],[77.60222346006263,11.374468127521382],[77.60240312311946,11.374108801407735],[77.6020437970058,11.373749475294087],[77.60258278617628,11.37392913835091]]],[[[77.60258278617628,11.374468127521382],[77.60294211228994,11.374468127521382],[77.60258278617628,11.37392913835091],[77.60330143840358,11.373390149180437],[77.60276244923311,11.372671496953142],[77.6034811014604,11.372851160009967],[77.60330143840358,11.37249183389632],[77.60384042757406,11.37249183389632],[77.6041997536877,11.37303082306679],[77.6041997536877,11.37249183389632],[77.60455907980135,11.37249183389632],[77.60473874285817,11.374288464464557],[77.60509806897181,11.374647790578205],[77.60455907980135,11.375007116691853],[77.604918405915,11.375366442805502],[77.60402009063087,11.37482745363503],[77.6034811014604,11.375186779748677],[77.60366076451723,11.374288464464557],[77.60330143840358,11.373749475294087],[77.60294211228994,11.375546105862325],[77.60276244923311,11.375007116691853],[77.60240312311946,11.375186779748677],[77.60258278617628,11.374468127521382]],[[77.60294211228994,11.373749475294087],[77.60312177534675,11.373749475294087],[77.60312177534675,11.37392913835091],[77.60294211228994,11.373749475294087]],[[77.6034811014604,11.373210486123615],[77.6041997536877,11.373210486123615],[77.60455907980135,11.373569812237262],[77.60455907980135,11.37392913835091],[77.6041997536877,11.37392913835091],[77.60402009063087,11.373569812237262],[77.6041997536877,11.374108801407735],[77.60366076451723,11.374108801407735],[77.60384042757406,11.373569812237262],[77.6034811014604,11.373210486123615]],[[77.60366076451723,11.372671496953142],[77.60384042757406,11.372671496953142],[77.60384042757406,11.372851160009967],[77.60366076451723,11.372671496953142]],[[77.60366076451723,11.374468127521382],[77.60384042757406,11.374468127521382],[77.60384042757406,11.37482745363503],[77.60366076451723,11.374468127521382]],[[77.60402009063087,11.374647790578205],[77.6041997536877,11.374647790578205],[77.6041997536877,11.37482745363503],[77.60402009063087,11.374647790578205]]]]},"properties":{"transition":21,"ndbi_d":-0.1749251487369581,"vv_d":1.8428505547033276,"area_ha":4.8125976005286075}},{"type":"Feature","geometry":{"geodesic":false,"type":"MultiPolygon","coordinates":[[[[77.46172694962634,11.17791674335603],[77.46262526491046,11.178096406412854],[77.46262526491046,11.178994721696974],[77.46172694962634,11.179354047810621],[77.46208627573999,11.178276069469678],[77.46172694962634,11.17791674335603]],[[77.46226593879682,11.178455732526501],[77.46244560185364,11.178455732526501],[77.46244560185364,11.17881505864015],[77.46226593879682,11.178455732526501]]],[[[77.46298459102411,11.177377754185558],[77.46262526491046,11.177198091128735],[77.46316425408094,11.17701842807191],[77.46280492796728,11.17612011278779],[77.46334391713776,11.176299775844615],[77.46352358019458,11.175401460560495],[77.4637032432514,11.176479438901438],[77.46424223242188,11.17612011278779],[77.46388290630823,11.176659101958263],[77.46424223242188,11.17701842807191],[77.46352358019458,11.176838765015088],[77.4637032432514,11.177377754185558],[77.46298459102411,11.177377754185558]],[[77.46298459102411,11.176479438901438],[77.46334391713776,11.176479438901438],[77.46334391713776,11.176838765015088],[77.46298459102411,11.176479438901438]]],[[[77.46298459102411,11.177377754185558],[77.46334391713776,11.177737080299206],[77.46190661268317,11.177557417242383],[77.46172694962634,11.17791674335603],[77.46118796045587,11.178096406412854],[77.46100829739905,11.176838765015088],[77.46046930822858,11.176479438901438],[77.4613676235127,11.17701842807191],[77.46190661268317,11.176299775844615],[77.46154728656951,11.175940449730968],[77.46244560185364,11.17558112361732],[77.46190661268317,11.175940449730968],[77.46226593879682,11.17612011278779],[77.46190661268317,11.17701842807191],[77.46298459102411,11.177377754185558]]]]},"properties":{"transition":52,"ndbi_d":-0.05762459069090195,"vv_d":0.6575141266303927,"area_ha":4.737586427140577}},{"type":"Feature","geometry":{"geodesic":false,"type":"MultiPolygon","coordinates":[[[[77.58192153464154,11.216184974459521],[77.58174187158471,11.215825648345874],[77.58066389324377,11.216005311402698],[77.58120288241425,11.21564598528905],[77.5808435563006,11.215106996118578],[77.58120288241425,11.215106996118578],[77.58138254547106,11.214568006948108],[77.58120288241425,11.21331036555034],[77.58156220852788,11.212951039436692],[77.58120288241425,11.212591713323045],[77.58174187158471,11.21241205026622],[77.58138254547106,11.214029017777635],[77.58192153464154,11.214029017777635],[77.58174187158471,11.213490028607163],[77.58210119769836,11.213669691663988],[77.58210119769836,11.21331036555034],[77.58299951298248,11.214029017777635],[77.58353850215295,11.213669691663988],[77.58335883909612,11.214208680834458],[77.58264018686883,11.214388343891283],[77.58281984992566,11.214029017777635],[77.582460523812,11.214029017777635],[77.58228086075518,11.214388343891283],[77.582460523812,11.21474767000493],[77.58281984992566,11.214568006948108],[77.58353850215295,11.214927333061755],[77.58264018686883,11.214927333061755],[77.582460523812,11.215825648345874],[77.58228086075518,11.215466322232226],[77.58174187158471,11.215466322232226],[77.58228086075518,11.216184974459521],[77.58192153464154,11.216184974459521]],[[77.58156220852788,11.214388343891283],[77.58174187158471,11.214388343891283],[77.58174187158471,11.214568006948108],[77.58156220852788,11.214388343891283]],[[77.58174187158471,11.21474767000493],[77.58192153464154,11.21474767000493],[77.58192153464154,11.214927333061755],[77.58174187158471,11.21474767000493]],[[77.58228086075518,11.215286659175403],[77.582460523812,11.215286659175403],[77.582460523812,11.215466322232226],[77.58228086075518,11.215286659175403]],[[77.58228086075518,11.214927333061755],[77.582460523812,11.214927333061755],[77.582460523812,11.215106996118578],[77.58228086075518,11.214927333061755]],[[77.58210119769836,11.21474767000493],[77.58192153464154,11.214568006948108],[77.58210119769836,11.214568006948108],[77.58210119769836,11.21474767000493]],[[77.58228086075518,11.214927333061755],[77.58210119769836,11.21474767000493],[77.58228086075518,11.21474767000493],[77.58228086075518,11.214927333061755]]],[[[77.58192153464154,11.216184974459521],[77.58210119769836,11.21654430057317],[77.58156220852788,11.216903626686818],[77.58192153464154,11.216184974459521]]]]},"properties":{"transition":52,"ndbi_d":0.023936985058287612,"vv_d":0.80078043799669,"area_ha":4.736973937818592}},{"type":"Feature","geometry":{"geodesic":false,"type":"Polygon","coordinates":[[[77.48795775592262,11.287870534132258],[77.48867640814993,11.287690871075435],[77.4884967450931,11.28697221884814],[77.48903573426357,11.28751120801861],[77.48957472343405,11.287331544961788],[77.48903573426357,11.287690871075435],[77.4892153973204,11.28840952330273],[77.48885607120674,11.28840952330273],[77.4892153973204,11.288589186359555],[77.4892153973204,11.289667164700498],[77.48975438649087,11.289128175530026],[77.49047303871816,11.289128175530026],[77.49047303871816,11.288589186359555],[77.49101202788863,11.29020615387097],[77.48867640814993,11.290565479984618],[77.48885607120674,11.288589186359555],[77.48831708203627,11.28840952330273],[77.48795775592262,11.288768849416378],[77.48795775592262,11.287870534132258]],[[77.49047303871816,11.290026490814146],[77.48993404954768,11.289846827757323],[77.48993404954768,11.289487501643674],[77.49029337566134,11.289487501643674],[77.49047303871816,11.290026490814146]]]},"properties":{"transition":54,"ndbi_d":0.04028340018607391,"vv_d":4.004043907900619,"area_ha":4.735750281892844}},{"type":"Feature","geometry":{"geodesic":false,"type":"MultiPolygon","coordinates":[[[[77.50915799662785,11.153662230684803],[77.50861900745738,11.153841893741626],[77.50843934440056,11.153123241514331],[77.50754102911644,11.153482567627979],[77.50754102911644,11.154021556798451],[77.50700203994596,11.154021556798451],[77.50754102911644,11.152763915400683],[77.5080800182869,11.152763915400683],[77.5080800182869,11.153123241514331],[77.50843934440056,11.152763915400683],[77.50825968134373,11.152224926230213],[77.50790035523009,11.152404589287036],[77.5080800182869,11.151865600116563],[77.50754102911644,11.151326610946093],[77.50843934440056,11.151506274002916],[77.50825968134373,11.152045263173388],[77.50861900745738,11.152045263173388],[77.50861900745738,11.152404589287036],[77.50933765968468,11.152404589287036],[77.50897833357102,11.152763915400683],[77.50915799662785,11.153662230684803]],[[77.50772069217327,11.153123241514331],[77.50790035523009,11.153123241514331],[77.50790035523009,11.153302904571156],[77.50772069217327,11.153123241514331]]],[[[77.50915799662785,11.153662230684803],[77.51005631191197,11.153302904571156],[77.5102359749688,11.153841893741626],[77.51077496413927,11.153662230684803],[77.51131395330974,11.154021556798451],[77.51113429025291,11.154560545968923],[77.51149361636656,11.154740209025746],[77.51095462719609,11.155099535139394],[77.51095462719609,11.154740209025746],[77.51041563802562,11.154919872082571],[77.51077496413927,11.154560545968923],[77.51005631191197,11.154380882912099],[77.50987664885515,11.153662230684803],[77.50933765968468,11.154021556798451],[77.50915799662785,11.153662230684803]],[[77.5102359749688,11.153841893741626],[77.5102359749688,11.154021556798451],[77.51005631191197,11.153841893741626],[77.5102359749688,11.153841893741626]],[[77.51059530108245,11.153841893741626],[77.51077496413927,11.153841893741626],[77.51077496413927,11.154021556798451],[77.51059530108245,11.153841893741626]],[[77.51077496413927,11.154380882912099],[77.51095462719609,11.154380882912099],[77.51095462719609,11.154560545968923],[77.51077496413927,11.154380882912099]]],[[[77.51167327942339,11.154021556798451],[77.51185294248022,11.154560545968923],[77.51131395330974,11.154021556798451],[77.51131395330974,11.153482567627979],[77.51203260553703,11.153302904571156],[77.51167327942339,11.154021556798451]],[[77.51167327942339,11.154021556798451],[77.51149361636656,11.153841893741626],[77.51167327942339,11.153841893741626],[77.51167327942339,11.154021556798451]]]]},"properties":{"transition":52,"ndbi_d":-0.010771034182410707,"vv_d":-0.29753549874730345,"area_ha":4.698817801061062}},{"type":"Feature","geometry":{"geodesic":false,"type":"MultiPolygon","coordinates":[[[[77.68073621589468,11.266490630370216],[77.68109554200834,11.266670293427039],[77.68181419423563,11.266131304256568],[77.68109554200834,11.266849956483863],[77.68181419423563,11.267029619540686],[77.68271250951975,11.268287260938454],[77.68271250951975,11.269365239279399],[77.68055655283786,11.269365239279399],[77.68127520506515,11.268287260938454],[77.68217352034927,11.268646587052102],[77.68253284646292,11.268466923995279],[77.68199385729245,11.268287260938454],[77.68217352034927,11.267748271767983],[77.68181419423563,11.267388945654334],[77.68073621589468,11.267568608711159],[77.68127520506515,11.267029619540686],[77.68091587895151,11.267029619540686],[77.68073621589468,11.266490630370216]],[[77.6816345311788,11.268646587052102],[77.68199385729245,11.268646587052102],[77.68181419423563,11.26900591316575],[77.6816345311788,11.268646587052102]]],[[[77.68073621589468,11.266490630370216],[77.6801972267242,11.266490630370216],[77.68037688978103,11.265951641199743],[77.67965823755374,11.26577197814292],[77.67893958532645,11.266490630370216],[77.67893958532645,11.26577197814292],[77.67947857449691,11.26577197814292],[77.67965823755374,11.265412652029271],[77.68055655283786,11.2648736628588],[77.68055655283786,11.265412652029271],[77.68109554200834,11.265592315086096],[77.68073621589468,11.26577197814292],[77.68109554200834,11.266131304256568],[77.68073621589468,11.266490630370216]],[[77.67983790061056,11.265592315086096],[77.68001756366739,11.26577197814292],[77.67983790061056,11.26577197814292],[77.67983790061056,11.265592315086096]],[[77.68037688978103,11.26577197814292],[77.68055655283786,11.26577197814292],[77.68055655283786,11.265951641199743],[77.68037688978103,11.26577197814292]],[[77.68037688978103,11.266131304256568],[77.68073621589468,11.266131304256568],[77.68073621589468,11.266310967313391],[77.68037688978103,11.266131304256568]]]]},"properties":{"transition":21,"ndbi_d":-0.11385955925807993,"vv_d":2.232948643118865,"area_ha":4.579542490656947}},{"type":"Feature","geometry":{"geodesic":false,"type":"Polygon","coordinates":[[[77.78601876719348,11.284097609938957],[77.78601876719348,11.283558620768485],[77.7869170824776,11.28283996854119],[77.78547977802302,11.283199294654837],[77.78530011496619,11.282660305484367],[77.78530011496619,11.283199294654837],[77.78476112579571,11.283558620768485],[77.78440179968207,11.282480642427542],[77.78476112579571,11.282121316313894],[77.78422213662525,11.282121316313894],[77.78350348439795,11.280684011859304],[77.78296449522747,11.280504348802479],[77.78350348439795,11.280145022688831],[77.78368314745478,11.280504348802479],[77.78494078885254,11.280504348802479],[77.78494078885254,11.280863674916127],[77.7838628105116,11.280863674916127],[77.7838628105116,11.281223001029774],[77.78547977802302,11.281223001029774],[77.78530011496619,11.282480642427542],[77.78583910413666,11.282300979370719],[77.78709674553443,11.28283996854119],[77.78709674553443,11.283378957711662],[77.78673741942077,11.283199294654837],[77.78601876719348,11.284097609938957]],[[77.7838628105116,11.280863674916127],[77.78368314745478,11.280684011859304],[77.7838628105116,11.280684011859304],[77.7838628105116,11.280863674916127]],[[77.78512045190936,11.28194165325707],[77.78494078885254,11.281761990200247],[77.78512045190936,11.281761990200247],[77.78512045190936,11.28194165325707]],[[77.78494078885254,11.283019631598014],[77.78476112579571,11.282300979370719],[77.78494078885254,11.282300979370719],[77.78494078885254,11.283019631598014]],[[77.78512045190936,11.283199294654837],[77.78494078885254,11.283019631598014],[77.78512045190936,11.283019631598014],[77.78512045190936,11.283199294654837]],[[77.78494078885254,11.283378957711662],[77.78476112579571,11.283199294654837],[77.78494078885254,11.283199294654837],[77.78494078885254,11.283378957711662]]]},"properties":{"transition":1,"ndbi_d":0.02331310171799627,"vv_d":2.4388270437254516,"area_ha":4.579308584672346}},{"type":"Feature","geometry":{"geodesic":false,"type":"Polygon","coordinates":[[[77.78512045190936,11.431241653477734],[77.78512045190936,11.430882327364086],[77.78440179968207,11.431061990420911],[77.78494078885254,11.430343338193616],[77.78422213662525,11.430343338193616],[77.7838628105116,11.429445022909496],[77.78332382134113,11.429445022909496],[77.78404247356842,11.429265359852671],[77.78404247356842,11.428546707625376],[77.78296449522747,11.4287263706822],[77.78350348439795,11.428546707625376],[77.78368314745478,11.42782805539808],[77.78404247356842,11.42782805539808],[77.78368314745478,11.428367044568553],[77.78422213662525,11.428187381511728],[77.7845814627389,11.4287263706822],[77.78440179968207,11.428187381511728],[77.78512045190936,11.428007718454905],[77.78476112579571,11.427289066227608],[77.78512045190936,11.427289066227608],[77.78512045190936,11.42782805539808],[77.78547977802302,11.427648392341256],[77.78512045190936,11.428367044568553],[77.78565944107984,11.428546707625376],[77.78547977802302,11.428906033739024],[77.78583910413666,11.429265359852671],[77.78512045190936,11.429265359852671],[77.78494078885254,11.429624685966319],[77.78494078885254,11.429984012079968],[77.78547977802302,11.430163675136791],[77.78512045190936,11.431241653477734]],[[77.78422213662525,11.428906033739024],[77.78404247356842,11.4287263706822],[77.78422213662525,11.4287263706822],[77.78422213662525,11.428906033739024]],[[77.78530011496619,11.428906033739024],[77.78512045190936,11.4287263706822],[77.78530011496619,11.4287263706822],[77.78530011496619,11.428906033739024]],[[77.7845814627389,11.429265359852671],[77.78422213662525,11.429085696795848],[77.7845814627389,11.429085696795848],[77.7845814627389,11.429265359852671]],[[77.78494078885254,11.429624685966319],[77.78476112579571,11.429445022909496],[77.78494078885254,11.429445022909496],[77.78494078885254,11.429624685966319]],[[77.78440179968207,11.429804349023144],[77.78422213662525,11.429624685966319],[77.78440179968207,11.429624685966319],[77.78440179968207,11.429804349023144]],[[77.78494078885254,11.430163675136791],[77.7845814627389,11.429984012079968],[77.78494078885254,11.429984012079968],[77.78494078885254,11.430163675136791]]]},"properties":{"transition":25,"ndbi_d":0.010110528599084475,"vv_d":-0.4300663783257995,"area_ha":4.537827773915435}},{"type":"Feature","geometry":{"geodesic":false,"type":"MultiPolygon","coordinates":[[[[77.74990649277188,11.17378449304908],[77.74954716665823,11.172886177764962],[77.75026581888554,11.173425166935433],[77.75008615582871,11.172526851651313],[77.75044548194235,11.172886177764962],[77.75062514499918,11.17234718859449],[77.75098447111283,11.17234718859449],[77.75098447111283,11.172886177764962],[77.75170312334012,11.172886177764962],[77.7522421125106,11.172706514708137],[77.75206244945377,11.172167525537665],[77.75260143862424,11.172526851651313],[77.75206244945377,11.171808199424017],[77.75278110168107,11.171987862480842],[77.75314042779472,11.171628536367194],[77.75296076473789,11.170730221083074],[77.75367941696518,11.170730221083074],[77.75349975390836,11.171089547196722],[77.75314042779472,11.170909884139899],[77.75314042779472,11.17144887331037],[77.75332009085155,11.171808199424017],[77.75403874307884,11.171628536367194],[77.75439806919248,11.172526851651313],[77.75421840613566,11.173065840821785],[77.75296076473789,11.17324550387861],[77.75278110168107,11.172706514708137],[77.7522421125106,11.172886177764962],[77.750804808056,11.173065840821785],[77.75044548194235,11.17378449304908],[77.74990649277188,11.17378449304908]],[[77.75349975390836,11.172167525537665],[77.75403874307884,11.172167525537665],[77.75403874307884,11.17234718859449],[77.75349975390836,11.172167525537665]],[[77.75385908002201,11.172886177764962],[77.75385908002201,11.173065840821785],[77.75278110168107,11.172526851651313],[77.75278110168107,11.172167525537665],[77.75385908002201,11.172526851651313],[77.75385908002201,11.172886177764962]],[[77.75385908002201,11.172886177764962],[77.75403874307884,11.172706514708137],[77.75403874307884,11.172886177764962],[77.75385908002201,11.172886177764962]]],[[[77.74990649277188,11.17378449304908],[77.74972682971506,11.174503145276375],[77.74900817748777,11.174323482219553],[77.74990649277188,11.17378449304908]]]]},"properties":{"transition":21,"ndbi_d":-0.1770636226384617,"vv_d":0.8832672581793247,"area_ha":4.502736060486352}},{"type":"Feature","geometry":{"geodesic":false,"type":"Polygon","coordinates":[[[77.49334764762735,11.166597970776124],[77.49262899540005,11.165879318548829],[77.49209000622957,11.165879318548829],[77.49209000622957,11.165340329378356],[77.49101202788863,11.165340329378356],[77.49101202788863,11.164801340207884],[77.49155101705911,11.164801340207884],[77.49137135400228,11.164262351037413],[77.49155101705911,11.164621677151061],[77.49191034317275,11.164442014094236],[77.49280865845687,11.164801340207884],[77.49298832151369,11.165340329378356],[77.49406629985464,11.164801340207884],[77.49406629985464,11.165519992435181],[77.49460528902512,11.165160666321533],[77.49424596291146,11.164801340207884],[77.49460528902512,11.164442014094236],[77.49514427819558,11.165519992435181],[77.49460528902512,11.165340329378356],[77.49460528902512,11.165879318548829],[77.49424596291146,11.165699655492004],[77.49424596291146,11.166238644662476],[77.49334764762735,11.166597970776124]],[[77.49388663679781,11.165160666321533],[77.493706973741,11.164981003264709],[77.49388663679781,11.164981003264709],[77.49388663679781,11.165160666321533]],[[77.4922696692864,11.165340329378356],[77.49209000622957,11.164981003264709],[77.4922696692864,11.164981003264709],[77.4922696692864,11.165340329378356]],[[77.49262899540005,11.165519992435181],[77.49244933234323,11.165160666321533],[77.49262899540005,11.165160666321533],[77.49262899540005,11.165519992435181]],[[77.49406629985464,11.165879318548829],[77.49388663679781,11.165699655492004],[77.49406629985464,11.165699655492004],[77.49406629985464,11.165879318548829]],[[77.49388663679781,11.166058981605651],[77.493706973741,11.165879318548829],[77.49388663679781,11.165879318548829],[77.49388663679781,11.166058981605651]],[[77.49406629985464,11.166238644662476],[77.49388663679781,11.166058981605651],[77.49406629985464,11.166058981605651],[77.49406629985464,11.166238644662476]]]},"properties":{"transition":52,"ndbi_d":-0.03383055418689445,"vv_d":0.8410533676894467,"area_ha":4.463693433403939}},{"type":"Feature","geometry":{"geodesic":false,"type":"MultiPolygon","coordinates":[[[[77.64911551789368,11.435912892955157],[77.6492951809505,11.436092556011982],[77.6492951809505,11.435912892955157],[77.64965450706414,11.435912892955157],[77.64839686566638,11.436631545182452],[77.64821720260956,11.436272219068805],[77.64749855038227,11.43645188212563],[77.64713922426861,11.435912892955157],[77.64767821343908,11.435912892955157],[77.64767821343908,11.435014577671037],[77.64875619178002,11.436272219068805],[77.64911551789368,11.435912892955157]],[[77.6478578764959,11.435912892955157],[77.64803753955273,11.435912892955157],[77.64803753955273,11.436092556011982],[77.6478578764959,11.435912892955157]]],[[[77.64965450706414,11.435912892955157],[77.64947484400733,11.43555356684151],[77.6492951809505,11.435912892955157],[77.64911551789368,11.435912892955157],[77.6485765287232,11.435194240727862],[77.64803753955273,11.435194240727862],[77.64839686566638,11.43465525155739],[77.6478578764959,11.43465525155739],[77.6478578764959,11.43375693627327],[77.64749855038227,11.433577273216446],[77.6485765287232,11.433577273216446],[77.64965450706414,11.43555356684151],[77.65055282234826,11.435373903784685],[77.65055282234826,11.43645188212563],[77.65037315929145,11.435912892955157],[77.64965450706414,11.435912892955157]],[[77.64875619178002,11.435014577671037],[77.64839686566638,11.435014577671037],[77.6485765287232,11.43465525155739],[77.64875619178002,11.435014577671037]],[[77.64875619178002,11.435014577671037],[77.64911551789368,11.435373903784685],[77.64875619178002,11.435373903784685],[77.64875619178002,11.435014577671037]]]]},"properties":{"transition":25,"ndbi_d":0.07038426816497467,"vv_d":0.20918246850776523,"area_ha":4.42037580277657}},{"type":"Feature","geometry":{"geodesic":false,"type":"MultiPolygon","coordinates":[[[[77.47376437443354,11.168394601344364],[77.47376437443354,11.168933590514834],[77.47340504831989,11.168933590514834],[77.47358471137672,11.169292916628484],[77.47286605914942,11.169472579685307],[77.47322538526308,11.170191231912602],[77.4726863960926,11.170191231912602],[77.47286605914942,11.169652242742131],[77.47250673303577,11.169113253571659],[77.47304572220625,11.169292916628484],[77.47304572220625,11.168753927458011],[77.47358471137672,11.168753927458011],[77.47376437443354,11.168394601344364]]],[[[77.47322538526308,11.166957296889771],[77.47322538526308,11.1664183077193],[77.47376437443354,11.166058981605653],[77.47340504831989,11.166957296889771],[77.47376437443354,11.167136959946596],[77.47394403749037,11.166597970776124],[77.47466268971766,11.166597970776124],[77.47448302666083,11.167496286060244],[77.47538134194495,11.167675949117069],[77.47538134194495,11.168035275230716],[77.47466268971766,11.168035275230716],[77.47466268971766,11.168394601344364],[77.47376437443354,11.168394601344364],[77.47394403749037,11.168035275230716],[77.47448302666083,11.168214938287539],[77.47466268971766,11.167675949117069],[77.47358471137672,11.167855612173891],[77.47340504831989,11.167496286060244],[77.47322538526308,11.167855612173891],[77.4719677438653,11.16731662300342],[77.47124909163801,11.167496286060244],[77.47160841775165,11.16731662300342],[77.47142875469483,11.1664183077193],[77.47232706997896,11.166238644662476],[77.47250673303577,11.166957296889771],[77.47322538526308,11.166957296889771]],[[77.47214740692213,11.166597970776124],[77.47232706997896,11.166597970776124],[77.47232706997896,11.166777633832949],[77.47214740692213,11.166597970776124]],[[77.47214740692213,11.167136959946596],[77.4726863960926,11.167136959946596],[77.4726863960926,11.16731662300342],[77.47214740692213,11.167136959946596]],[[77.4719677438653,11.166777633832949],[77.47178808080848,11.166597970776124],[77.4719677438653,11.166597970776124],[77.4719677438653,11.166777633832949]],[[77.47358471137672,11.16731662300342],[77.47394403749037,11.167136959946596],[77.4741237005472,11.167496286060244],[77.47358471137672,11.16731662300342]],[[77.4719677438653,11.166777633832949],[77.47214740692213,11.166777633832949],[77.47214740692213,11.166957296889771],[77.4719677438653,11.166777633832949]],[[77.47358471137672,11.16731662300342],[77.47322538526308,11.16731662300342],[77.47322538526308,11.166957296889771],[77.47358471137672,11.16731662300342]]]]},"properties":{"transition":52,"ndbi_d":-0.01761576873234714,"vv_d":-0.1073576998075022,"area_ha":4.38534965234272}},{"type":"Feature","geometry":{"geodesic":false,"type":"Polygon","coordinates":[[[77.73553344822597,11.252297248881126],[77.73481479599867,11.251937922767478],[77.73481479599867,11.251219270540183],[77.73373681765773,11.251039607483358],[77.73319782848726,11.24978196608559],[77.73301816543044,11.250320955256063],[77.73247917625996,11.250320955256063],[77.73265883931678,11.249961629142415],[77.73229951320313,11.24978196608559],[77.73301816543044,11.24978196608559],[77.73319782848726,11.249063313858295],[77.73391648071456,11.24924297691512],[77.73391648071456,11.248883650801472],[77.73481479599867,11.248883650801472],[77.73463513294185,11.249422639971943],[77.73391648071456,11.249602303028768],[77.73391648071456,11.25014129219924],[77.73481479599867,11.24978196608559],[77.73571311128279,11.25014129219924],[77.73517412211233,11.251758259710654],[77.73607243739644,11.252297248881126],[77.73553344822597,11.252297248881126]],[[77.73337749154408,11.24978196608559],[77.73319782848726,11.249602303028768],[77.73337749154408,11.249602303028768],[77.73337749154408,11.24978196608559]],[[77.73553344822597,11.250320955256063],[77.73535378516914,11.25014129219924],[77.73553344822597,11.25014129219924],[77.73553344822597,11.250320955256063]],[[77.7342758068282,11.25068028136971],[77.73409614377138,11.250500618312888],[77.7342758068282,11.250500618312888],[77.7342758068282,11.25068028136971]],[[77.73481479599867,11.25068028136971],[77.7342758068282,11.250500618312888],[77.73463513294185,11.249961629142415],[77.73481479599867,11.25068028136971]],[[77.73409614377138,11.250859944426535],[77.73391648071456,11.25068028136971],[77.73409614377138,11.25068028136971],[77.73409614377138,11.250859944426535]],[[77.7349944590555,11.251039607483358],[77.73481479599867,11.250859944426535],[77.7349944590555,11.250859944426535],[77.7349944590555,11.251039607483358]]]},"properties":{"transition":21,"ndbi_d":-0.18635291928824568,"vv_d":2.721022217033384,"area_ha":4.384094911321621}},{"type":"Feature","geometry":{"geodesic":false,"type":"GeometryCollection","geometries":[{"type":"LineString","coordinates":[[77.57796894739141,11.387044541499055],[77.57796894739141,11.386685215385407]]},{"type":"Polygon","coordinates":[[[77.579406251846,11.38632588927176],[77.57922658878917,11.385247910930817],[77.57994524101647,11.384888584817169],[77.5801249040733,11.384349595646697],[77.58048423018694,11.38452925870352],[77.5801249040733,11.384708921760344],[77.58030456713011,11.385068247873992],[77.58120288241425,11.38452925870352],[77.58120288241425,11.385068247873992],[77.57976557795965,11.38542757398764],[77.57976557795965,11.38632588927176],[77.579406251846,11.38632588927176]]]},{"type":"Polygon","coordinates":[[[77.579406251846,11.38632588927176],[77.57976557795965,11.386864878442232],[77.579406251846,11.38722420455588],[77.57976557795965,11.38722420455588],[77.57976557795965,11.387583530669527],[77.57886726267553,11.387942856783175],[77.57886726267553,11.388841172067295],[77.57814861044824,11.388481845953645],[77.57814861044824,11.389020835124118],[77.57778928433459,11.389020835124118],[77.57796894739141,11.38866150901047],[77.57760962127776,11.387942856783175],[77.57832827350505,11.388122519839998],[77.5786875996187,11.38866150901047],[77.5786875996187,11.387583530669527],[77.57778928433459,11.38776319372635],[77.57742995822093,11.387044541499055],[77.57796894739141,11.387044541499055],[77.57796894739141,11.38722420455588],[77.57886726267553,11.387403867612703],[77.57922658878917,11.386685215385407],[77.5786875996187,11.387044541499055],[77.5786875996187,11.386685215385407],[77.579406251846,11.38632588927176]]]}]},"properties":{"transition":21,"ndbi_d":-0.17025648571767046,"vv_d":2.739162495361201,"area_ha":4.382006992995036}},{"type":"Feature","geometry":{"geodesic":false,"type":"Polygon","coordinates":[[[77.78745607164808,11.391895444033299],[77.78709674553443,11.390278476521885],[77.78709674553443,11.391536117919651],[77.78619843025031,11.39099712874918],[77.78637809330714,11.390637802635533],[77.78601876719348,11.390637802635533],[77.78673741942077,11.390458139578708],[77.78673741942077,11.389739487351413],[77.78619843025031,11.389559824294588],[77.78619843025031,11.38920049818094],[77.78673741942077,11.38920049818094],[77.78673741942077,11.388841172067293],[77.78637809330714,11.388841172067293],[77.78655775636396,11.388481845953645],[77.78619843025031,11.388302182896823],[77.78727640859125,11.38866150901047],[77.7876357347049,11.39009881346506],[77.7883543869322,11.389739487351413],[77.78925270221632,11.389919150408236],[77.78871371304584,11.389919150408236],[77.78781539776172,11.390637802635533],[77.78817472387537,11.390817465692356],[77.78817472387537,11.391536117919651],[77.7876357347049,11.391536117919651],[77.78745607164808,11.391895444033299]],[[77.78727640859125,11.38920049818094],[77.7869170824776,11.38920049818094],[77.7869170824776,11.388841172067293],[77.78727640859125,11.38920049818094]],[[77.78727640859125,11.389559824294588],[77.78709674553443,11.389380161237765],[77.78727640859125,11.389380161237765],[77.78727640859125,11.389559824294588]],[[77.78727640859125,11.389919150408236],[77.78709674553443,11.389739487351413],[77.78727640859125,11.389739487351413],[77.78727640859125,11.389919150408236]],[[77.78709674553443,11.39009881346506],[77.7869170824776,11.389919150408236],[77.78709674553443,11.389919150408236],[77.78709674553443,11.39009881346506]],[[77.7876357347049,11.390637802635533],[77.78745607164808,11.390278476521885],[77.78781539776172,11.390278476521885],[77.7876357347049,11.390637802635533]],[[77.7869170824776,11.390817465692356],[77.78673741942077,11.390637802635533],[77.7869170824776,11.390637802635533],[77.7869170824776,11.390817465692356]],[[77.7876357347049,11.391356454862828],[77.78745607164808,11.391176791806004],[77.7876357347049,11.391176791806004],[77.7876357347049,11.391356454862828]]]},"properties":{"transition":25,"ndbi_d":-0.0020226756278134417,"vv_d":0.28117876993703567,"area_ha":4.381953235544897}},{"type":"Feature","geometry":{"geodesic":false,"type":"GeometryCollection","geometries":[{"type":"LineString","coordinates":[[77.49173068011594,11.162825046582823],[77.49191034317276,11.162825046582823]]},{"type":"Polygon","coordinates":[[[77.49244933234323,11.163723361866943],[77.49262899540005,11.164262351037413],[77.4922696692864,11.164442014094238],[77.4922696692864,11.163903024923766],[77.49191034317276,11.163723361866943],[77.49244933234323,11.163723361866943]]]},{"type":"Polygon","coordinates":[[[77.49244933234323,11.16084875295776],[77.4929883215137,11.160489426844112],[77.49280865845688,11.16084875295776],[77.49334764762735,11.161028416014583],[77.49334764762735,11.162465720469175],[77.49280865845688,11.162645383525998],[77.49280865845688,11.163723361866943],[77.49244933234323,11.163723361866943],[77.49262899540005,11.163364035753295],[77.49209000622959,11.163004709639646],[77.4922696692864,11.163364035753295],[77.49173068011594,11.163543698810118],[77.49155101705911,11.162825046582823],[77.49173068011594,11.162825046582823],[77.49191034317276,11.163004709639646],[77.49191034317276,11.162825046582823],[77.4922696692864,11.162825046582823],[77.49262899540005,11.16174706824188],[77.4922696692864,11.161567405185055],[77.49191034317276,11.161926731298703],[77.49173068011594,11.161208079071407],[77.49155101705911,11.161567405185055],[77.49101202788864,11.16138774212823],[77.49101202788864,11.162106394355527],[77.49047303871816,11.16138774212823],[77.49101202788864,11.161028416014583],[77.49137135400228,11.16138774212823],[77.49119169094546,11.160669089900935],[77.4922696692864,11.161028416014583],[77.49191034317276,11.160489426844112],[77.49244933234323,11.16084875295776]],[[77.49244933234323,11.16084875295776],[77.49262899540005,11.16138774212823],[77.4922696692864,11.16138774212823],[77.49244933234323,11.16084875295776]],[[77.49244933234323,11.162645383525998],[77.49262899540005,11.162645383525998],[77.49262899540005,11.163004709639646],[77.49244933234323,11.162645383525998]],[[77.49262899540005,11.161567405185055],[77.4929883215137,11.161028416014583],[77.49316798457052,11.161567405185055],[77.49262899540005,11.161567405185055]]]}]},"properties":{"transition":52,"ndbi_d":-0.031006927337961038,"vv_d":0.8671481351836415,"area_ha":4.346277475057081}},{"type":"Feature","geometry":{"geodesic":false,"type":"GeometryCollection","geometries":[{"type":"LineString","coordinates":[[77.51903946475316,11.165699655492006],[77.51939879086682,11.165699655492006]]},{"type":"Polygon","coordinates":[[[77.51939879086682,11.164262351037413],[77.51975811698047,11.16408268798059],[77.51993778003728,11.164621677151061],[77.51993778003728,11.164262351037413],[77.52065643226459,11.16408268798059],[77.52083609532141,11.164442014094238],[77.52011744309411,11.164442014094238],[77.52029710615093,11.164981003264709],[77.52083609532141,11.164981003264709],[77.52083609532141,11.164621677151061],[77.52101575837823,11.164981003264709],[77.5215547475487,11.164981003264709],[77.5215547475487,11.164621677151061],[77.52191407366234,11.164621677151061],[77.52191407366234,11.165340329378358],[77.52065643226459,11.165160666321533],[77.52047676920776,11.165699655492006],[77.51993778003728,11.165699655492006],[77.52047676920776,11.165160666321533],[77.51975811698047,11.165160666321533],[77.51975811698047,11.164621677151061],[77.51939879086682,11.164801340207886],[77.51939879086682,11.164262351037413]]]},{"type":"Polygon","coordinates":[[[77.51939879086682,11.164262351037413],[77.51903946475316,11.164262351037413],[77.51921912780999,11.164981003264709],[77.51885980169635,11.164621677151061],[77.51868013863952,11.165340329378358],[77.51885980169635,11.165699655492006],[77.51903946475316,11.165699655492006],[77.51939879086682,11.165879318548829],[77.51939879086682,11.165699655492006],[77.51957845392364,11.165699655492006],[77.51939879086682,11.166058981605653],[77.51903946475316,11.165879318548829],[77.51796148641222,11.165879318548829],[77.51832081252587,11.166238644662476],[77.5177818233554,11.166238644662476],[77.51796148641222,11.165519992435181],[77.51742249724175,11.165699655492006],[77.51760216029858,11.165340329378358],[77.51724283418493,11.164981003264709],[77.51760216029858,11.164981003264709],[77.5177818233554,11.164262351037413],[77.51832081252587,11.164442014094238],[77.51903946475316,11.163903024923766],[77.51939879086682,11.164262351037413]],[[77.5177818233554,11.164981003264709],[77.51796148641222,11.164981003264709],[77.51796148641222,11.165340329378358],[77.5177818233554,11.164981003264709]],[[77.51885980169635,11.164262351037413],[77.51885980169635,11.164442014094238],[77.51868013863952,11.164262351037413],[77.51885980169635,11.164262351037413]],[[77.5185004755827,11.165519992435181],[77.51868013863952,11.165519992435181],[77.51868013863952,11.165699655492006],[77.5185004755827,11.165519992435181]],[[77.5185004755827,11.165519992435181],[77.51814114946905,11.165519992435181],[77.51814114946905,11.164801340207886],[77.51868013863952,11.164981003264709],[77.5185004755827,11.165519992435181]],[[77.51885980169635,11.164262351037413],[77.51885980169635,11.16408268798059],[77.51903946475316,11.16408268798059],[77.51885980169635,11.164262351037413]]]}]},"properties":{"transition":52,"ndbi_d":-0.07604208412403995,"vv_d":0.9350106550239538,"area_ha":4.346233999525558}},{"type":"Feature","geometry":{"geodesic":false,"type":"MultiPolygon","coordinates":[[[[77.57581299070952,11.345183049259086],[77.57635197987999,11.344823723145437],[77.57635197987999,11.345901701486381],[77.5756333276527,11.345542375372734],[77.57581299070952,11.345183049259086]],[[77.57581299070952,11.345362712315909],[77.57617231682318,11.345362712315909],[77.57617231682318,11.345542375372734],[77.57581299070952,11.345362712315909]]],[[[77.57581299070952,11.345183049259086],[77.57545366459587,11.345003386202261],[77.57527400153904,11.345901701486381],[77.57509433848223,11.345542375372734],[77.57455534931175,11.345722038429557],[77.57473501236858,11.3468000167705],[77.57455534931175,11.347159342884149],[77.57419602319811,11.346979679827324],[77.57419602319811,11.34769833205462],[77.57365703402763,11.347877995111444],[77.5734773709708,11.347159342884149],[77.57383669708446,11.347339005940972],[77.57401636014129,11.346261027600029],[77.57455534931175,11.346261027600029],[77.57419602319811,11.346081364543204],[77.57437568625492,11.345542375372734],[77.57473501236858,11.345183049259086],[77.57509433848223,11.345362712315909],[77.57509433848223,11.344823723145437],[77.57419602319811,11.344823723145437],[77.57419602319811,11.344464397031789],[77.57473501236858,11.344284733974966],[77.57455534931175,11.343745744804494],[77.57599265376635,11.343386418690846],[77.57581299070952,11.343745744804494],[77.57617231682318,11.344464397031789],[77.5756333276527,11.344823723145437],[77.57581299070952,11.345183049259086]],[[77.57419602319811,11.346620353713677],[77.57437568625492,11.346620353713677],[77.57437568625492,11.3468000167705],[77.57419602319811,11.346620353713677]],[[77.57509433848223,11.343745744804494],[77.57545366459587,11.343745744804494],[77.57527400153904,11.344105070918141],[77.57509433848223,11.343745744804494]],[[77.5749146754254,11.344105070918141],[77.57509433848223,11.344105070918141],[77.57509433848223,11.344284733974966],[77.5749146754254,11.344105070918141]],[[77.5749146754254,11.344105070918141],[77.57473501236858,11.343925407861319],[77.5749146754254,11.343925407861319],[77.5749146754254,11.344105070918141]]]]},"properties":{"transition":21,"ndbi_d":-0.1684519265157481,"vv_d":2.0832287030162915,"area_ha":4.3435137984423715}},{"type":"Feature","geometry":{"geodesic":false,"type":"Polygon","coordinates":[[[77.77739494046594,11.343027092577199],[77.77649662518182,11.343027092577199],[77.77649662518182,11.34266776646355],[77.77541864684088,11.342847429520374],[77.77541864684088,11.342308440349901],[77.77613729906817,11.342308440349901],[77.7755983098977,11.341230462008959],[77.77595763601134,11.341050798952136],[77.77595763601134,11.340511809781663],[77.77685595129546,11.340332146724839],[77.77721527740911,11.340691472838486],[77.77757460352277,11.340511809781663],[77.77739494046594,11.340152483668016],[77.7779339296364,11.339972820611191],[77.77811359269323,11.341050798952136],[77.77775426657959,11.341949114236254],[77.77721527740911,11.341589788122606],[77.77757460352277,11.340871135895311],[77.77685595129546,11.340691472838486],[77.77667628823865,11.341050798952136],[77.77667628823865,11.341769451179431],[77.77721527740911,11.341769451179431],[77.77703561435229,11.342308440349901],[77.77757460352277,11.342488103406726],[77.77739494046594,11.343027092577199]],[[77.77649662518182,11.341589788122606],[77.77613729906817,11.341589788122606],[77.77595763601134,11.341050798952136],[77.77649662518182,11.341050798952136],[77.77649662518182,11.341589788122606]],[[77.77685595129546,11.342488103406726],[77.776316962125,11.342308440349901],[77.77685595129546,11.342308440349901],[77.77685595129546,11.342488103406726]]]},"properties":{"transition":31,"ndbi_d":-0.24573514405467095,"vv_d":1.2147267002190547,"area_ha":4.265306403090834}},{"type":"Feature","geometry":{"geodesic":false,"type":"GeometryCollection","geometries":[{"type":"LineString","coordinates":[[77.6726513783376,11.186720233140402],[77.67283104139443,11.186720233140402]]},{"type":"Polygon","coordinates":[[[77.67031575859889,11.185103265628987],[77.67067508471254,11.184025287288042],[77.67139373693983,11.184204950344867],[77.67139373693983,11.18474393951534],[77.67085474776937,11.184923602572162],[77.67229205222395,11.184923602572162],[77.67283104139443,11.18528292868581],[77.67247171528078,11.186720233140402],[77.6726513783376,11.186720233140402],[77.67283104139443,11.186899896197225],[77.67283104139443,11.186720233140402],[77.67301070445126,11.186720233140402],[77.67301070445126,11.187438885367698],[77.67229205222395,11.186899896197225],[77.67229205222395,11.18761854842452],[77.67139373693983,11.18761854842452],[77.67139373693983,11.186540570083578],[77.67211238916714,11.186540570083578],[77.67121407388302,11.185103265628987],[77.67031575859889,11.185103265628987]],[[77.67175306305349,11.185462591742635],[77.67193272611031,11.185462591742635],[77.67193272611031,11.185642254799458],[77.67175306305349,11.185462591742635]]]}]},"properties":{"transition":21,"ndbi_d":-0.32343434556214895,"vv_d":3.385167175722966,"area_ha":4.228463092403104}},{"type":"Feature","geometry":{"geodesic":false,"type":"GeometryCollection","geometries":[{"type":"LineString","coordinates":[[77.51185294248022,11.240439487130748],[77.51221226859386,11.240439487130748]]},{"type":"LineString","coordinates":[[77.51239193165068,11.240439487130748],[77.51257159470751,11.240439487130748]]},{"type":"Polygon","coordinates":[[[77.51167327942339,11.240439487130748],[77.51185294248022,11.240439487130748],[77.51221226859386,11.240619150187573],[77.51221226859386,11.240439487130748],[77.51239193165068,11.240439487130748],[77.51257159470751,11.240619150187573],[77.51257159470751,11.240439487130748],[77.51311058387797,11.240439487130748],[77.51346990999163,11.23954117184663],[77.51293092082115,11.239361508789806],[77.51346990999163,11.239002182676158],[77.51346990999163,11.238283530448863],[77.51293092082115,11.238103867392038],[77.51364957304845,11.237924204335215],[77.51257159470751,11.23774454127839],[77.51382923610528,11.23774454127839],[77.51400889916209,11.23720555210792],[77.51418856221892,11.23864285656251],[77.51382923610528,11.238822519619333],[77.51436822527575,11.239002182676158],[77.51400889916209,11.239361508789806],[77.5147275513894,11.239720834903453],[77.5147275513894,11.240439487130748],[77.5132902469348,11.240259824073926],[77.51382923610528,11.240798813244396],[77.51311058387797,11.240619150187573],[77.51311058387797,11.241158139358046],[77.51239193165068,11.240619150187573],[77.51221226859386,11.241158139358046],[77.51167327942339,11.240439487130748]],[[77.51346990999163,11.239900497960278],[77.51400889916209,11.239900497960278],[77.51382923610528,11.240259824073926],[77.51346990999163,11.239900497960278]],[[77.51382923610528,11.238283530448863],[77.51364957304845,11.238103867392038],[77.51382923610528,11.238103867392038],[77.51382923610528,11.238283530448863]],[[77.51382923610528,11.238283530448863],[77.51400889916209,11.238283530448863],[77.51400889916209,11.238463193505686],[77.51382923610528,11.238283530448863]]]}]},"properties":{"transition":52,"ndbi_d":-0.0635269661873247,"vv_d":1.1504369828297412,"area_ha":4.227680054785161}},{"type":"Feature","geometry":{"geodesic":false,"type":"Polygon","coordinates":[[[77.79931383339846,11.3753664428055],[77.79877484422798,11.375186779748677],[77.79877484422798,11.374827453635028],[77.79787652894386,11.375007116691853],[77.79769686588703,11.37446812752138],[77.79841551811434,11.374827453635028],[77.79931383339846,11.37446812752138],[77.79931383339846,11.374108801407733],[77.79805619200069,11.37392913835091],[77.79787652894386,11.373210486123615],[77.79715787671657,11.373749475294085],[77.79715787671657,11.373210486123615],[77.79751720283022,11.373390149180437],[77.79787652894386,11.37303082306679],[77.79823585505751,11.373390149180437],[77.79913417034163,11.373390149180437],[77.79841551811434,11.373210486123615],[77.79823585505751,11.372671496953142],[77.79985282256892,11.372671496953142],[77.79985282256892,11.3753664428055],[77.79931383339846,11.3753664428055]],[[77.79823585505751,11.373749475294085],[77.79805619200069,11.373569812237262],[77.79823585505751,11.373569812237262],[77.79823585505751,11.373749475294085]],[[77.79949349645528,11.37392913835091],[77.79931383339846,11.373749475294085],[77.79949349645528,11.373749475294085],[77.79949349645528,11.37392913835091]],[[77.79949349645528,11.374647790578205],[77.79931383339846,11.37446812752138],[77.79949349645528,11.37446812752138],[77.79949349645528,11.374647790578205]],[[77.7996731595121,11.374827453635028],[77.79949349645528,11.374647790578205],[77.7996731595121,11.374647790578205],[77.7996731595121,11.374827453635028]]]},"properties":{"transition":25,"ndbi_d":0.015075090344261953,"vv_d":-0.8398879016829919,"area_ha":4.186570604733677}},{"type":"Feature","geometry":{"geodesic":false,"type":"MultiPolygon","coordinates":[[[[77.77056774430663,11.357040811009464],[77.7703880812498,11.356681484895816],[77.77074740736346,11.356861147952639],[77.77110673347711,11.356501821838991],[77.77092707042029,11.356142495725344],[77.7703880812498,11.356501821838991],[77.7703880812498,11.355603506554871],[77.77092707042029,11.355244180441224],[77.77056774430663,11.355244180441224],[77.77056774430663,11.354884854327576],[77.77002875513617,11.3550645173844],[77.77002875513617,11.354705191270753],[77.76931010290886,11.354705191270753],[77.76931010290886,11.354345865157104],[77.77056774430663,11.354705191270753],[77.77092707042029,11.354345865157104],[77.77074740736346,11.3550645173844],[77.77128639653392,11.3550645173844],[77.77092707042029,11.355783169611696],[77.77110673347711,11.356142495725344],[77.77146605959075,11.355962832668519],[77.77146605959075,11.356861147952639],[77.77056774430663,11.357040811009464]]],[[[77.77078733248321,11.35794910757352],[77.77146605959075,11.358118789350407],[77.77200504876123,11.357220474066287],[77.77200504876123,11.357579800179934],[77.7725440379317,11.357579800179934],[77.77218471181804,11.357759463236759],[77.77218471181804,11.358118789350407],[77.7725440379317,11.357939126293582],[77.77236437487487,11.358298452407231],[77.77092707042029,11.358298452407231],[77.77078733248321,11.35794910757352]]],[[[77.77056774430663,11.357040811009464],[77.77110673347711,11.357400137123111],[77.77076986524555,11.357905439470429],[77.77056774430663,11.357400137123111],[77.77020841819298,11.357400137123111],[77.77020841819298,11.357939126293582],[77.76931010290886,11.358298452407231],[77.76948976596569,11.357220474066287],[77.77002875513617,11.357759463236759],[77.76984909207934,11.356861147952639],[77.77056774430663,11.357040811009464]],[[77.77020841819298,11.357400137123111],[77.77002875513617,11.357220474066287],[77.77020841819298,11.357220474066287],[77.77020841819298,11.357400137123111]]],[[[77.77076986524555,11.357905439470429],[77.77078733248321,11.35794910757352],[77.77074740736346,11.357939126293582],[77.77076986524555,11.357905439470429]]]]},"properties":{"transition":31,"ndbi_d":-0.1467467941132919,"vv_d":-0.14028675652923736,"area_ha":4.1476939456243205}},{"type":"Feature","geometry":{"geodesic":false,"type":"MultiPolygon","coordinates":[[[[77.75511672141978,11.176659101958263],[77.75493705836296,11.17701842807191],[77.75511672141978,11.17791674335603],[77.75439806919248,11.177737080299206],[77.75475739530613,11.177377754185558],[77.75421840613566,11.177377754185558],[77.7545777322493,11.176838765015088],[77.75403874307884,11.176838765015088],[77.75367941696518,11.17701842807191],[77.75403874307884,11.177557417242383],[77.75349975390836,11.177557417242383],[77.75332009085155,11.17791674335603],[77.75332009085155,11.177377754185558],[77.75296076473789,11.177377754185558],[77.75278110168107,11.176838765015088],[77.75349975390836,11.177198091128735],[77.75349975390836,11.176659101958263],[77.75278110168107,11.176299775844615],[77.75278110168107,11.175760786674143],[77.75367941696518,11.176838765015088],[77.75511672141978,11.176659101958263]]],[[[77.75547604753342,11.1746828083332],[77.75547604753342,11.174323482219553],[77.75511672141978,11.174143819162728],[77.75583537364707,11.174143819162728],[77.75547604753342,11.1746828083332]]],[[[77.75547604753342,11.1746828083332],[77.75565571059025,11.176838765015088],[77.75511672141978,11.176659101958263],[77.75511672141978,11.176299775844615],[77.75421840613566,11.176479438901438],[77.75385908002201,11.175940449730968],[77.75475739530613,11.175760786674143],[77.75511672141978,11.17612011278779],[77.75511672141978,11.174503145276375],[77.75547604753342,11.1746828083332]]]]},"properties":{"transition":31,"ndbi_d":-0.16767213538821255,"vv_d":1.5229295359389956,"area_ha":4.111140546571485}},{"type":"Feature","geometry":{"geodesic":false,"type":"Polygon","coordinates":[[[77.51634451890081,11.235588584596503],[77.51652418195764,11.235229258482855],[77.51616485584398,11.235229258482855],[77.51616485584398,11.235588584596503],[77.5156258666735,11.235588584596503],[77.51544620361669,11.235229258482855],[77.51490721444621,11.23540892153968],[77.51472755138938,11.23451060625556],[77.51454788833257,11.235229258482855],[77.51418856221892,11.235229258482855],[77.51418856221892,11.234690269312383],[77.51346990999163,11.234330943198735],[77.51364957304844,11.23307330180097],[77.51490721444621,11.233432627914617],[77.51454788833257,11.233791954028264],[77.51490721444621,11.234869932369207],[77.5156258666735,11.234690269312383],[77.51526654055986,11.233971617085087],[77.5156258666735,11.233971617085087],[77.51616485584398,11.234869932369207],[77.51670384501445,11.234690269312383],[77.51688350807127,11.23540892153968],[77.51634451890081,11.235588584596503]],[[77.51616485584398,11.235049595426032],[77.51580552973033,11.234869932369207],[77.51616485584398,11.234869932369207],[77.51616485584398,11.235049595426032]],[[77.51580552973033,11.235229258482855],[77.5156258666735,11.235049595426032],[77.51580552973033,11.235049595426032],[77.51580552973033,11.235229258482855]],[[77.51670384501445,11.235229258482855],[77.51652418195764,11.235049595426032],[77.51670384501445,11.235049595426032],[77.51670384501445,11.235229258482855]]]},"properties":{"transition":54,"ndbi_d":-0.004776472850166361,"vv_d":0.9118908271281508,"area_ha":4.110315258356185}},{"type":"Feature","geometry":{"geodesic":false,"type":"Polygon","coordinates":[[[77.70103814131578,11.18528292868581],[77.69906184769071,11.185103265628985],[77.69906184769071,11.18384562423122],[77.69942117380437,11.18384562423122],[77.69924151074754,11.182408319776627],[77.69942117380437,11.182767645890275],[77.70013982603166,11.182767645890275],[77.70013982603166,11.18348629811757],[77.69960083686118,11.184204950344867],[77.70031948908849,11.184025287288042],[77.70013982603166,11.18438461340169],[77.70049915214531,11.18438461340169],[77.70067881520212,11.18384562423122],[77.70031948908849,11.183126972003922],[77.7012178043726,11.183126972003922],[77.70103814131578,11.185103265628985],[77.70139746742943,11.18528292868581],[77.70103814131578,11.18528292868581]],[[77.69960083686118,11.183665961174395],[77.69942117380437,11.183126972003922],[77.69996016297483,11.1829473089471],[77.69960083686118,11.183665961174395]],[[77.70103814131578,11.18438461340169],[77.70085847825895,11.184025287288042],[77.70103814131578,11.184025287288042],[77.70103814131578,11.18438461340169]]]},"properties":{"transition":21,"ndbi_d":-0.15655118560243864,"vv_d":2.22188459925843,"area_ha":4.071878313404806}},{"type":"Feature","geometry":{"geodesic":false,"type":"Polygon","coordinates":[[[77.70894331581603,11.185103265628985],[77.70912297887286,11.18438461340169],[77.7087636527592,11.183665961174395],[77.70912297887286,11.183665961174395],[77.70912297887286,11.183306635060747],[77.70858398970238,11.18348629811757],[77.70858398970238,11.184204950344867],[77.70822466358874,11.184204950344867],[77.70822466358874,11.183126972003922],[77.70768567441826,11.183126972003922],[77.70768567441826,11.182587982833452],[77.70822466358874,11.1829473089471],[77.70822466358874,11.182587982833452],[77.70912297887286,11.182408319776627],[77.7087636527592,11.183126972003922],[77.70966196804332,11.183126972003922],[77.70948230498651,11.184204950344867],[77.71002129415697,11.18348629811757],[77.71002129415697,11.182408319776627],[77.71056028332744,11.182587982833452],[77.71073994638427,11.183126972003922],[77.71145859861157,11.1829473089471],[77.71127893555474,11.183665961174395],[77.7102009572138,11.183306635060747],[77.70966196804332,11.184204950344867],[77.70966196804332,11.185103265628985],[77.70894331581603,11.185103265628985]],[[77.7102009572138,11.183126972003922],[77.71002129415697,11.1829473089471],[77.7102009572138,11.1829473089471],[77.7102009572138,11.183126972003922]],[[77.71056028332744,11.183306635060747],[77.71038062027063,11.183126972003922],[77.71056028332744,11.183126972003922],[77.71056028332744,11.183306635060747]],[[77.70930264192968,11.184743939515338],[77.70912297887286,11.184564276458515],[77.70930264192968,11.184564276458515],[77.70930264192968,11.184743939515338]]]},"properties":{"transition":21,"ndbi_d":-0.14314152936912278,"vv_d":2.0514957879686833,"area_ha":4.032733980476699}},{"type":"Feature","geometry":{"geodesic":false,"type":"GeometryCollection","geometries":[{"type":"LineString","coordinates":[[77.61030829761971,11.401417586044968],[77.60976930844924,11.401417586044968]]},{"type":"Polygon","coordinates":[[[77.61048796067654,11.402136238272263],[77.61030829761971,11.403034553556383],[77.61030829761971,11.402675227442735],[77.60940998233559,11.402854890499558],[77.60958964539242,11.401776912158615],[77.61048796067654,11.401776912158615],[77.61030829761971,11.401417586044968],[77.611026949847,11.401417586044968],[77.61120661290383,11.402136238272263],[77.61156593901748,11.402136238272263],[77.61138627596065,11.401417586044968],[77.61192526513112,11.400878596874495],[77.6124642543016,11.401776912158615],[77.61210492818795,11.402315901329088],[77.61228459124477,11.402675227442735],[77.61138627596065,11.40249556438591],[77.611026949847,11.403573542726853],[77.611026949847,11.403034553556383],[77.61066762373336,11.402854890499558],[77.61084728679019,11.402136238272263],[77.61048796067654,11.402136238272263]],[[77.61048796067654,11.402136238272263],[77.61030829761971,11.40195657521544],[77.61048796067654,11.40195657521544],[77.61048796067654,11.402136238272263]],[[77.60976930844924,11.402136238272263],[77.61012863456288,11.402136238272263],[77.61012863456288,11.402315901329088],[77.60976930844924,11.402136238272263]],[[77.61084728679019,11.401776912158615],[77.611026949847,11.401776912158615],[77.61084728679019,11.40195657521544],[77.61084728679019,11.401776912158615]],[[77.61210492818795,11.401776912158615],[77.61228459124477,11.401776912158615],[77.61228459124477,11.40195657521544],[77.61210492818795,11.401776912158615]]]}]},"properties":{"transition":25,"ndbi_d":0.03284266199554923,"vv_d":0.01103388527966861,"area_ha":4.029662425197911}},{"type":"Feature","geometry":{"geodesic":false,"type":"Polygon","coordinates":[[[77.79751720283022,11.263256695347383],[77.79769686588703,11.262538043120088],[77.7973375397734,11.262538043120088],[77.7973375397734,11.261999053949618],[77.79787652894386,11.262358380063265],[77.79841551811434,11.26163972783597],[77.79805619200069,11.260921075608673],[77.79751720283022,11.261100738665498],[77.7973375397734,11.26074141255185],[77.79751720283022,11.25984309726773],[77.79805619200069,11.25984309726773],[77.79823585505751,11.260202423381378],[77.79877484422798,11.25984309726773],[77.79949349645528,11.260202423381378],[77.79985282256892,11.260022760324555],[77.7996731595121,11.260561749495025],[77.79931383339846,11.260202423381378],[77.79859518117115,11.260202423381378],[77.79859518117115,11.260561749495025],[77.79823585505751,11.260561749495025],[77.79877484422798,11.26074141255185],[77.79913417034163,11.260382086438202],[77.79931383339846,11.261999053949618],[77.79841551811434,11.261999053949618],[77.79751720283022,11.263256695347383]],[[77.7989545072848,11.261460064779145],[77.79877484422798,11.261100738665498],[77.79913417034163,11.26074141255185],[77.7989545072848,11.261460064779145]]]},"properties":{"transition":1,"ndbi_d":-0.02730861229036807,"vv_d":0.8307325178587754,"area_ha":3.992508543390715}},{"type":"Feature","geometry":{"geodesic":false,"type":"MultiPolygon","coordinates":[[[[77.79428326780739,11.261819390892795],[77.79428326780739,11.26253804312009],[77.7935646155801,11.262358380063265],[77.79428326780739,11.261819390892795]]],[[[77.79428326780739,11.261819390892795],[77.79392394169375,11.261460064779145],[77.7928459633528,11.261819390892795],[77.7928459633528,11.262178717006442],[77.79338495252327,11.261999053949618],[77.79338495252327,11.262358380063265],[77.79302562640962,11.262358380063265],[77.7935646155801,11.262897369233738],[77.79320528946644,11.263436358404208],[77.79320528946644,11.262717706176913],[77.79248663723915,11.261999053949618],[77.7928459633528,11.261100738665498],[77.79248663723915,11.260921075608675],[77.79248663723915,11.260382086438202],[77.79446293086421,11.260382086438202],[77.79482225697787,11.26074141255185],[77.79482225697787,11.26163972783597],[77.79428326780739,11.261819390892795]],[[77.79320528946644,11.261280401722322],[77.79338495252327,11.261280401722322],[77.79338495252327,11.261460064779145],[77.79320528946644,11.261280401722322]],[[77.79338495252327,11.260921075608675],[77.7935646155801,11.260921075608675],[77.7935646155801,11.261100738665498],[77.79338495252327,11.260921075608675]],[[77.79392394169375,11.260921075608675],[77.79428326780739,11.260921075608675],[77.79428326780739,11.261280401722322],[77.79392394169375,11.261280401722322],[77.79392394169375,11.260921075608675]],[[77.79428326780739,11.26074141255185],[77.79446293086421,11.26074141255185],[77.79446293086421,11.260921075608675],[77.79428326780739,11.26074141255185]]]]},"properties":{"transition":1,"ndbi_d":0.03247715055248609,"vv_d":1.384801301365263,"area_ha":3.9925046519400205}},{"type":"Feature","geometry":{"geodesic":false,"type":"Polygon","coordinates":[[[77.52353104117375,11.159591111559992],[77.52335137811694,11.159231785446345],[77.52281238894646,11.159231785446345],[77.52281238894646,11.158872459332695],[77.52317171506012,11.15905212238952],[77.52317171506012,11.158513133219047],[77.52371070423058,11.158333470162225],[77.52371070423058,11.15761481793493],[77.52424969340106,11.15761481793493],[77.52371070423058,11.157435154878105],[77.52335137811694,11.15671650265081],[77.52371070423058,11.156536839593985],[77.52353104117375,11.156177513480337],[77.52442935645789,11.156536839593985],[77.52389036728741,11.15671650265081],[77.52442935645789,11.15725549182128],[77.52442935645789,11.158333470162225],[77.52496834562835,11.1581538071054],[77.52496834562835,11.15761481793493],[77.52658531313976,11.15761481793493],[77.52622598702612,11.158513133219047],[77.52640565008295,11.159231785446345],[77.5260463239693,11.159231785446345],[77.52622598702612,11.158872459332695],[77.52550733479882,11.157974144048577],[77.52514800868518,11.157974144048577],[77.52353104117375,11.159591111559992]],[[77.52353104117375,11.158872459332695],[77.52335137811694,11.158692796275872],[77.52353104117375,11.158692796275872],[77.52353104117375,11.158872459332695]]]},"properties":{"transition":20,"ndbi_d":0.03160254387323293,"vv_d":-11.286626549769103,"area_ha":3.954774423332806}},{"type":"Feature","geometry":{"geodesic":false,"type":"GeometryCollection","geometries":[{"type":"LineString","coordinates":[[77.7545777322493,11.194625407640654],[77.75475739530613,11.194625407640654]]},{"type":"Polygon","coordinates":[[[77.7522421125106,11.194984733754302],[77.75188278639695,11.19534405986795],[77.75170312334012,11.194984733754302],[77.7522421125106,11.194984733754302]]]},{"type":"Polygon","coordinates":[[[77.7560150367039,11.19534405986795],[77.75637436281754,11.195164396811125],[77.75673368893119,11.195883049038422],[77.75709301504484,11.195883049038422],[77.75709301504484,11.196422038208892],[77.75655402587437,11.196601701265717],[77.75655402587437,11.196062712095245],[77.7560150367039,11.19534405986795]]]},{"type":"Polygon","coordinates":[[[77.7522421125106,11.194984733754302],[77.75349975390836,11.194984733754302],[77.75385908002201,11.194086418470182],[77.75349975390836,11.193906755413359],[77.75403874307884,11.193906755413359],[77.75385908002201,11.194625407640654],[77.7545777322493,11.194625407640654],[77.75475739530613,11.194805070697477],[77.75475739530613,11.194625407640654],[77.7560150367039,11.194625407640654],[77.7560150367039,11.19534405986795],[77.75511672141978,11.195703385981597],[77.75529638447661,11.195164396811125],[77.7545777322493,11.195164396811125],[77.75439806919248,11.195523722924774],[77.75403874307884,11.195164396811125],[77.75367941696518,11.19534405986795],[77.75367941696518,11.194805070697477],[77.75332009085155,11.195703385981597],[77.75296076473789,11.195164396811125],[77.75260143862424,11.196422038208892],[77.75260143862424,11.19534405986795],[77.7522421125106,11.194984733754302]],[[77.75403874307884,11.194805070697477],[77.75439806919248,11.194805070697477],[77.75439806919248,11.194984733754302],[77.75403874307884,11.194805070697477]],[[77.75529638447661,11.19534405986795],[77.75547604753342,11.19534405986795],[77.75547604753342,11.195523722924774],[77.75529638447661,11.19534405986795]],[[77.75547604753342,11.195164396811125],[77.75529638447661,11.194984733754302],[77.75547604753342,11.194984733754302],[77.75547604753342,11.195164396811125]],[[77.75547604753342,11.195164396811125],[77.75565571059025,11.195164396811125],[77.75565571059025,11.19534405986795],[77.75547604753342,11.195164396811125]]]}]},"properties":{"transition":31,"ndbi_d":0.06259391812773624,"vv_d":0.3514339288100909,"area_ha":3.9542690597775394}},{"type":"Feature","geometry":{"geodesic":false,"type":"Polygon","coordinates":[[[77.57581299070952,11.212591713323043],[77.57599265376633,11.210974745811628],[77.57509433848222,11.210974745811628],[77.57581299070952,11.20971710441386],[77.5756333276527,11.209357778300213],[77.57599265376633,11.20917811524339],[77.57599265376633,11.20971710441386],[77.57689096905047,11.20971710441386],[77.57653164293681,11.20917811524339],[77.5772502951641,11.208998452186565],[77.57707063210728,11.209357778300213],[77.57742995822093,11.209357778300213],[77.57742995822093,11.210076430527508],[77.57707063210728,11.211154408868452],[77.57617231682316,11.211154408868452],[77.57617231682316,11.2115137349821],[77.57671130599364,11.211693398038923],[77.57617231682316,11.211873061095748],[77.57617231682316,11.212591713323043],[77.57581299070952,11.212591713323043]],[[77.57635197987999,11.210435756641157],[77.57581299070952,11.210256093584333],[77.57617231682316,11.210076430527508],[77.57635197987999,11.210435756641157]],[[77.57671130599364,11.210435756641157],[77.57653164293681,11.210256093584333],[77.57671130599364,11.210256093584333],[77.57671130599364,11.210435756641157]]]},"properties":{"transition":40,"ndbi_d":-0.006226808705832809,"vv_d":1.3890334694567499,"area_ha":3.954059703250344}},{"type":"Feature","geometry":{"geodesic":false,"type":"GeometryCollection","geometries":[{"type":"LineString","coordinates":[[77.5274836284239,11.219778235596],[77.52766329148072,11.219778235596]]},{"type":"Polygon","coordinates":[[[77.5291005959353,11.220362140530678],[77.52963958510578,11.221035876993767],[77.5291005959353,11.221035876993767],[77.5291005959353,11.220362140530678]]]},{"type":"Polygon","coordinates":[[[77.52892093287848,11.220137561709649],[77.52784295453753,11.220317224766472],[77.52838194370801,11.221215540050592],[77.52766329148072,11.221754529221062],[77.52766329148072,11.22157486616424],[77.5274836284239,11.22157486616424],[77.52730396536707,11.221215540050592],[77.52766329148072,11.221035876993767],[77.52784295453753,11.220137561709649],[77.52694463925341,11.220137561709649],[77.52658531313978,11.219778235596],[77.52694463925341,11.219778235596],[77.5267649761966,11.219418909482352],[77.52712430231024,11.219418909482352],[77.52712430231024,11.219778235596],[77.5274836284239,11.219778235596],[77.52766329148072,11.219957898652824],[77.52766329148072,11.219778235596],[77.52802261759436,11.219778235596],[77.52802261759436,11.219418909482352],[77.52874126982167,11.219598572539176],[77.5291005959353,11.218879920311881],[77.52856160676484,11.218520594198234],[77.52874126982167,11.217981605027761],[77.52945992204896,11.218161268084584],[77.52945992204896,11.218700257255056],[77.5291005959353,11.218700257255056],[77.52945992204896,11.219059583368704],[77.5291005959353,11.219239246425529],[77.52928025899213,11.219598572539176],[77.52892093287848,11.219418909482352],[77.52892093287848,11.220137561709649]],[[77.52766329148072,11.221395203107415],[77.52784295453753,11.221395203107415],[77.52784295453753,11.22157486616424],[77.52766329148072,11.221395203107415]],[[77.52784295453753,11.220856213936944],[77.52820228065119,11.221035876993767],[77.52802261759436,11.221395203107415],[77.52784295453753,11.220856213936944]],[[77.52820228065119,11.219778235596],[77.52874126982167,11.219778235596],[77.52856160676484,11.220137561709649],[77.52820228065119,11.220137561709649],[77.52820228065119,11.219778235596]],[[77.52892093287848,11.218161268084584],[77.5291005959353,11.218161268084584],[77.5291005959353,11.218340931141409],[77.52892093287848,11.218161268084584]]]},{"type":"Polygon","coordinates":[[[77.5274836284239,11.22157486616424],[77.52766329148072,11.221754529221062],[77.5274836284239,11.222652844505182],[77.52658531313978,11.221395203107415],[77.52712430231024,11.221215540050592],[77.52712430231024,11.22157486616424],[77.5274836284239,11.22157486616424]],[[77.52712430231024,11.221754529221062],[77.52730396536707,11.221754529221062],[77.52730396536707,11.221934192277887],[77.52712430231024,11.221754529221062]]]},{"type":"Polygon","coordinates":[[[77.52892093287848,11.220137561709649],[77.52907492978305,11.22033005783811],[77.52874126982167,11.220496887823296],[77.52892093287848,11.220137561709649]]]},{"type":"Polygon","coordinates":[[[77.52907492978305,11.22033005783811],[77.5291005959353,11.220317224766472],[77.5291005959353,11.220362140530678],[77.52907492978305,11.22033005783811]]]}]},"properties":{"transition":52,"ndbi_d":-0.036659583588295776,"vv_d":0.8924286505368859,"area_ha":3.953926952083628}},{"type":"Feature","geometry":{"geodesic":false,"type":"MultiPolygon","coordinates":[[[[77.49102584812792,11.168076735939591],[77.49119169094546,11.168574264401187],[77.49065270177499,11.168574264401187],[77.49102584812792,11.168076735939591]]],[[[77.49101202788864,11.166597970776124],[77.49101202788864,11.166238644662476],[77.49065270177499,11.1664183077193],[77.49065270177499,11.165879318548829],[77.49119169094546,11.166058981605653],[77.49137135400228,11.166238644662476],[77.49137135400228,11.166058981605653],[77.49191034317276,11.165879318548829],[77.49244933234323,11.166777633832949],[77.4929883215137,11.166777633832949],[77.49334764762735,11.167855612173891],[77.49280865845688,11.167496286060244],[77.49244933234323,11.167855612173891],[77.49155101705911,11.167675949117069],[77.49110185941706,11.167975387542114],[77.49119169094546,11.167855612173891],[77.49083236483182,11.16731662300342],[77.49101202788864,11.166957296889771],[77.4899340495477,11.166957296889771],[77.49029337566134,11.166777633832949],[77.49011371260453,11.1664183077193],[77.49047303871816,11.166777633832949],[77.49101202788864,11.166597970776124]],[[77.49101202788864,11.166597970776124],[77.49119169094546,11.166597970776124],[77.49119169094546,11.166777633832949],[77.49101202788864,11.166597970776124]],[[77.49137135400228,11.1664183077193],[77.49155101705911,11.1664183077193],[77.49155101705911,11.166597970776124],[77.49137135400228,11.1664183077193]],[[77.49191034317276,11.166777633832949],[77.49244933234323,11.166957296889771],[77.4922696692864,11.167496286060244],[77.49191034317276,11.166777633832949]],[[77.49244933234323,11.16731662300342],[77.49262899540005,11.16731662300342],[77.49262899540005,11.167496286060244],[77.49244933234323,11.16731662300342]],[[77.49262899540005,11.167136959946596],[77.4929883215137,11.167136959946596],[77.4929883215137,11.16731662300342],[77.49262899540005,11.167136959946596]],[[77.49173068011594,11.167136959946596],[77.49191034317276,11.167675949117069],[77.49155101705911,11.167496286060244],[77.49173068011594,11.167136959946596]],[[77.49173068011594,11.167136959946596],[77.49155101705911,11.166957296889771],[77.49173068011594,11.166957296889771],[77.49173068011594,11.167136959946596]]],[[[77.49110185941706,11.167975387542114],[77.49102584812792,11.168076735939591],[77.49101202788864,11.168035275230716],[77.49110185941706,11.167975387542114]]],[[[77.49137135400228,11.166058981605653],[77.49119169094546,11.166058981605653],[77.49119169094546,11.165699655492006],[77.49155101705911,11.165699655492006],[77.49137135400228,11.166058981605653]]]]},"properties":{"transition":52,"ndbi_d":-0.009126654646570387,"vv_d":0.7756860570192989,"area_ha":3.915498694659462}},{"type":"Feature","geometry":{"geodesic":false,"type":"MultiPolygon","coordinates":[[[[77.50358844186631,11.177737080299206],[77.50358844186631,11.178635395583326],[77.50322911575266,11.178635395583326],[77.50233080046854,11.178455732526501],[77.50251046352537,11.178096406412854],[77.50286978963902,11.178276069469678],[77.5026901265822,11.177198091128735],[77.50358844186631,11.177737080299206]]],[[[77.50358844186631,11.177737080299206],[77.50376810492314,11.177198091128735],[77.50286978963902,11.17701842807191],[77.50322911575266,11.176479438901438],[77.50233080046854,11.177198091128735],[77.5026901265822,11.17612011278779],[77.50215113741172,11.176299775844615],[77.50233080046854,11.175940449730968],[77.50304945269583,11.175940449730968],[77.50304945269583,11.175401460560495],[77.50394776797997,11.175760786674143],[77.50394776797997,11.176299775844615],[77.50322911575266,11.17612011278779],[77.50358844186631,11.17701842807191],[77.50412743103678,11.176838765015088],[77.50466642020726,11.177377754185558],[77.50448675715043,11.176838765015088],[77.50484608326408,11.176838765015088],[77.50484608326408,11.177557417242383],[77.50448675715043,11.177737080299206],[77.5050257463209,11.17791674335603],[77.5050257463209,11.178276069469678],[77.5043070940936,11.178276069469678],[77.50394776797997,11.177737080299206],[77.5043070940936,11.177737080299206],[77.5043070940936,11.177198091128735],[77.50394776797997,11.17701842807191],[77.50412743103678,11.177557417242383],[77.50358844186631,11.177737080299206]],[[77.50286978963902,11.176299775844615],[77.50304945269583,11.176299775844615],[77.50304945269583,11.176479438901438],[77.50286978963902,11.176299775844615]]]]},"properties":{"transition":52,"ndbi_d":0.019364465102844407,"vv_d":1.0211891487114964,"area_ha":3.9153613466832953}},{"type":"Feature","geometry":{"geodesic":false,"type":"Polygon","coordinates":[[[77.52784295453753,11.20738148467515],[77.52730396536707,11.20738148467515],[77.52730396536707,11.20648316939103],[77.52694463925341,11.20648316939103],[77.52730396536707,11.206123843277382],[77.52712430231024,11.205584854106911],[77.52640565008295,11.206123843277382],[77.52622598702612,11.205764517163734],[77.52658531313976,11.205764517163734],[77.52658531313976,11.205405191050087],[77.52622598702612,11.205045864936439],[77.52514800868518,11.205225527993264],[77.52389036728741,11.204686538822791],[77.52550733479882,11.204866201879616],[77.52550733479882,11.204327212709144],[77.52586666091247,11.204327212709144],[77.52550733479882,11.204147549652319],[77.52568699785564,11.203428897425024],[77.52694463925341,11.203428897425024],[77.5260463239693,11.203967886595496],[77.5260463239693,11.204686538822791],[77.52730396536707,11.205405191050087],[77.52802261759436,11.205405191050087],[77.52838194370801,11.205045864936439],[77.52838194370801,11.205944180220559],[77.52784295453753,11.205944180220559],[77.52820228065119,11.205405191050087],[77.52730396536707,11.205764517163734],[77.52784295453753,11.20738148467515]],[[77.52694463925341,11.205584854106911],[77.52676497619659,11.205405191050087],[77.52694463925341,11.205405191050087],[77.52694463925341,11.205584854106911]],[[77.52730396536707,11.205584854106911],[77.52712430231024,11.205405191050087],[77.52730396536707,11.205405191050087],[77.52730396536707,11.205584854106911]],[[77.5276632914807,11.207022158561502],[77.52748362842388,11.206842495504679],[77.5276632914807,11.206842495504679],[77.5276632914807,11.207022158561502]]]},"properties":{"transition":52,"ndbi_d":-0.04071390912679936,"vv_d":0.899199431512166,"area_ha":3.875831690664783}},{"type":"Feature","geometry":{"geodesic":false,"type":"Polygon","coordinates":[[[77.79823585505751,11.379858019226099],[77.79805619200069,11.380037682282921],[77.7989545072848,11.379858019226099],[77.7989545072848,11.380397008396569],[77.7996731595121,11.380935997567041],[77.7996731595121,11.382732628135281],[77.79931383339846,11.382732628135281],[77.79931383339846,11.382373302021632],[77.79859518117115,11.382373302021632],[77.79913417034163,11.382013975907984],[77.79823585505751,11.381295323680689],[77.79841551811434,11.380935997567041],[77.7973375397734,11.380756334510219],[77.7973375397734,11.380037682282921],[77.79751720283022,11.380397008396569],[77.79787652894386,11.380037682282921],[77.79769686588703,11.379678356169274],[77.79823585505751,11.379858019226099]],[[77.79787652894386,11.380576671453394],[77.79769686588703,11.380397008396569],[77.79787652894386,11.380397008396569],[77.79787652894386,11.380576671453394]],[[77.79823585505751,11.380576671453394],[77.79787652894386,11.380217345339746],[77.79823585505751,11.380217345339746],[77.79823585505751,11.380576671453394]],[[77.79859518117115,11.380576671453394],[77.79841551811434,11.380217345339746],[77.79859518117115,11.380217345339746],[77.79859518117115,11.380576671453394]],[[77.79841551811434,11.380756334510219],[77.79823585505751,11.380576671453394],[77.79841551811434,11.380576671453394],[77.79841551811434,11.380756334510219]],[[77.7989545072848,11.380935997567041],[77.79877484422798,11.380756334510219],[77.7989545072848,11.380756334510219],[77.7989545072848,11.380935997567041]],[[77.79931383339846,11.382013975907984],[77.79913417034163,11.381834312851161],[77.79931383339846,11.381834312851161],[77.79931383339846,11.382013975907984]]]},"properties":{"transition":25,"ndbi_d":0.03485417902361451,"vv_d":-0.12285409882901037,"area_ha":3.873457975639298}},{"type":"Feature","geometry":{"geodesic":false,"type":"Polygon","coordinates":[[[77.76643549399968,11.429804349023144],[77.7658965048292,11.4287263706822],[77.76643549399968,11.4287263706822],[77.76643549399968,11.428367044568553],[77.76607616788603,11.428187381511728],[77.76571684177239,11.428546707625376],[77.7658965048292,11.427468729284433],[77.76553717871556,11.427468729284433],[77.76553717871556,11.42692974011396],[77.76625583094285,11.42639075094349],[77.7658965048292,11.425851761773018],[77.76643549399968,11.425851761773018],[77.7666151570565,11.426211087886665],[77.7666151570565,11.427109403170785],[77.76625583094285,11.427289066227608],[77.7673338092838,11.428007718454905],[77.7673338092838,11.428367044568553],[77.76697448317015,11.428367044568553],[77.76715414622697,11.429265359852671],[77.7666151570565,11.429265359852671],[77.76643549399968,11.429804349023144]],[[77.76679482011333,11.4287263706822],[77.7666151570565,11.428546707625376],[77.76679482011333,11.428546707625376],[77.76679482011333,11.4287263706822]]]},"properties":{"transition":25,"ndbi_d":0.02026200191131934,"vv_d":0.3693677969717466,"area_ha":3.872819609764475}},{"type":"Feature","geometry":{"geodesic":false,"type":"GeometryCollection","geometries":[{"type":"LineString","coordinates":[[77.49155101705911,11.159770774616817],[77.49119169094546,11.159770774616817]]},{"type":"LineString","coordinates":[[77.49280865845688,11.155458861253042],[77.49280865845688,11.155099535139394]]},{"type":"Polygon","coordinates":[[[77.49280865845688,11.155638524309866],[77.49280865845688,11.155458861253042],[77.49316798457052,11.155458861253042],[77.49280865845688,11.155638524309866]]]},{"type":"Polygon","coordinates":[[[77.4922696692864,11.15671650265081],[77.4922696692864,11.155818187366691],[77.49280865845688,11.155638524309866],[77.4929883215137,11.155997850423514],[77.49244933234323,11.155818187366691],[77.49244933234323,11.156177513480339],[77.49280865845688,11.156177513480339],[77.4929883215137,11.15671650265081],[77.49280865845688,11.157075828764457],[77.4922696692864,11.157075828764457],[77.4922696692864,11.157435154878105],[77.49280865845688,11.157435154878105],[77.49280865845688,11.157794480991754],[77.49334764762735,11.15761481793493],[77.49334764762735,11.158692796275872],[77.4929883215137,11.159231785446345],[77.49173068011594,11.159231785446345],[77.49191034317276,11.160309763787287],[77.49137135400228,11.160489426844112],[77.49173068011594,11.160309763787287],[77.49173068011594,11.159770774616817],[77.49155101705911,11.159770774616817],[77.49137135400228,11.158872459332697],[77.49209000622959,11.15905212238952],[77.49316798457052,11.158692796275872],[77.4929883215137,11.158153807105402],[77.49244933234323,11.15851313321905],[77.49244933234323,11.157974144048577],[77.49209000622959,11.157974144048577],[77.49209000622959,11.15851313321905],[77.49155101705911,11.158153807105402],[77.49191034317276,11.157794480991754],[77.49173068011594,11.156536839593986],[77.4922696692864,11.15671650265081]],[[77.4922696692864,11.15671650265081],[77.49262899540005,11.15671650265081],[77.49262899540005,11.156896165707634],[77.4922696692864,11.15671650265081]],[[77.4922696692864,11.157435154878105],[77.4922696692864,11.15761481793493],[77.49209000622959,11.157435154878105],[77.4922696692864,11.157435154878105]],[[77.49280865845688,11.157794480991754],[77.49280865845688,11.157974144048577],[77.49262899540005,11.157794480991754],[77.49280865845688,11.157794480991754]],[[77.49244933234323,11.156357176537162],[77.49262899540005,11.156357176537162],[77.49262899540005,11.156536839593986],[77.49244933234323,11.156357176537162]]]}]},"properties":{"transition":52,"ndbi_d":-0.030687332796871337,"vv_d":0.28083495440927325,"area_ha":3.837310013772001}},{"type":"Feature","geometry":{"geodesic":false,"type":"MultiPolygon","coordinates":[[[[77.54903870366634,11.179012688002656],[77.54886353218593,11.179713373924269],[77.54832454301547,11.179354047810621],[77.54796521690182,11.179533710867446],[77.54814487995864,11.179893036981094],[77.54778555384499,11.179893036981094],[77.54760589078816,11.179533710867446],[77.54903870366634,11.179012688002656]]],[[[77.550839825811,11.179533710867446],[77.55137881498148,11.179713373924269],[77.550839825811,11.180072700037917],[77.550839825811,11.179533710867446]]],[[[77.5501211735837,11.178455732526501],[77.55066016275417,11.178455732526501],[77.55030083664053,11.179174384753798],[77.550839825811,11.179174384753798],[77.550839825811,11.179533710867446],[77.55048049969736,11.180072700037917],[77.5501211735837,11.180072700037917],[77.55030083664053,11.179533710867446],[77.54994151052688,11.179893036981094],[77.54940252135641,11.179713373924269],[77.54940252135641,11.178994721696974],[77.54908811100697,11.178994721696974],[77.54958218441323,11.17881505864015],[77.54886353218593,11.178455732526501],[77.54904319524276,11.178096406412854],[77.54958218441323,11.178276069469678],[77.54922285829959,11.177557417242383],[77.54958218441323,11.177737080299206],[77.54958218441323,11.177377754185558],[77.54994151052688,11.177377754185558],[77.54976184747005,11.177737080299206],[77.5501211735837,11.17791674335603],[77.55030083664053,11.177377754185558],[77.55048049969736,11.178096406412854],[77.5501211735837,11.178455732526501]],[[77.54976184747005,11.179533710867446],[77.54994151052688,11.179533710867446],[77.54994151052688,11.179713373924269],[77.54976184747005,11.179533710867446]],[[77.54976184747005,11.179533710867446],[77.54958218441323,11.179354047810621],[77.54976184747005,11.179354047810621],[77.54976184747005,11.179533710867446]],[[77.54994151052688,11.17881505864015],[77.5501211735837,11.17881505864015],[77.5501211735837,11.179174384753798],[77.54994151052688,11.17881505864015]],[[77.54994151052688,11.17881505864015],[77.54976184747005,11.178455732526501],[77.5501211735837,11.178455732526501],[77.54994151052688,11.17881505864015]]],[[[77.54908811100697,11.178994721696974],[77.54903870366634,11.179012688002656],[77.54904319524276,11.178994721696974],[77.54908811100697,11.178994721696974]]]]},"properties":{"transition":52,"ndbi_d":-0.07288083961181228,"vv_d":1.3253281367224,"area_ha":3.8370310415720494}},{"type":"Feature","geometry":{"geodesic":false,"type":"Polygon","coordinates":[[[77.49262899540005,11.194266081527005],[77.49262899540005,11.193367766242886],[77.49191034317275,11.19354742929971],[77.49119169094546,11.193367766242886],[77.49137135400228,11.193008440129237],[77.4908323648318,11.193008440129237],[77.4908323648318,11.192469450958766],[77.49137135400228,11.192289787901942],[77.49119169094546,11.191571135674646],[77.49191034317275,11.191930461788294],[77.49173068011594,11.19264911401559],[77.49298832151369,11.19264911401559],[77.49280865845687,11.193008440129237],[77.49334764762735,11.192828777072414],[77.49298832151369,11.192289787901942],[77.49442562596829,11.192469450958766],[77.49424596291146,11.193008440129237],[77.49334764762735,11.193008440129237],[77.49334764762735,11.19354742929971],[77.49262899540005,11.194266081527005]],[[77.49352731068417,11.19264911401559],[77.49334764762735,11.192469450958766],[77.49352731068417,11.192469450958766],[77.49352731068417,11.19264911401559]]]},"properties":{"transition":10,"ndbi_d":0.08563517711994866,"vv_d":-2.658439369253408,"area_ha":3.8368460184411037}},{"type":"Feature","geometry":{"geodesic":false,"type":"Polygon","coordinates":[[[77.51203260553703,11.234690269312383],[77.51149361636656,11.233971617085087],[77.51221226859386,11.23361229097144],[77.51167327942338,11.233252964857792],[77.51077496413926,11.233971617085087],[77.50987664885514,11.233791954028264],[77.50987664885514,11.233432627914617],[77.50915799662785,11.233432627914617],[77.50897833357102,11.23127667123273],[77.50933765968468,11.231815660403202],[77.50987664885514,11.231815660403202],[77.50933765968468,11.231995323460024],[77.5095173227415,11.23307330180097],[77.51041563802562,11.232893638744144],[77.51041563802562,11.233432627914617],[77.51113429025291,11.233432627914617],[77.51059530108245,11.232893638744144],[77.5118529424802,11.232893638744144],[77.51257159470751,11.233791954028264],[77.51239193165068,11.234151280141912],[77.51275125776432,11.234151280141912],[77.51257159470751,11.234690269312383],[77.51203260553703,11.234690269312383]],[[77.51203260553703,11.234151280141912],[77.5118529424802,11.233971617085087],[77.51203260553703,11.233971617085087],[77.51203260553703,11.234151280141912]],[[77.51221226859386,11.234330943198735],[77.51203260553703,11.234151280141912],[77.51221226859386,11.234151280141912],[77.51221226859386,11.234330943198735]]]},"properties":{"transition":52,"ndbi_d":-0.09052384612732567,"vv_d":1.4567822425780734,"area_ha":3.83630963141707}},{"type":"Feature","geometry":{"geodesic":false,"type":"GeometryCollection","geometries":[{"type":"LineString","coordinates":[[77.50538507243455,11.169292916628484],[77.5057443985482,11.169292916628484]]},{"type":"Polygon","coordinates":[[[77.50610372466184,11.169292916628484],[77.50610372466184,11.168574264401187],[77.50556473549138,11.167855612173891],[77.50610372466184,11.167855612173891],[77.50628338771867,11.168574264401187],[77.50682237688915,11.168035275230716],[77.50700203994596,11.169472579685307],[77.50736136605961,11.169472579685307],[77.50736136605961,11.170191231912602],[77.50682237688915,11.170909884139899],[77.50610372466184,11.171089547196722],[77.50592406160503,11.169472579685307],[77.50484608326408,11.169652242742131],[77.5050257463209,11.170011568855779],[77.50466642020726,11.169831905798954],[77.5050257463209,11.168933590514834],[77.50520540937772,11.169292916628484],[77.50538507243455,11.169292916628484],[77.5057443985482,11.169472579685307],[77.5057443985482,11.169292916628484],[77.50610372466184,11.169292916628484]],[[77.50628338771867,11.170730221083074],[77.5064630507755,11.170730221083074],[77.5064630507755,11.170909884139899],[77.50628338771867,11.170730221083074]],[[77.50664271383232,11.169831905798954],[77.50700203994596,11.169831905798954],[77.50700203994596,11.170191231912602],[77.50664271383232,11.169831905798954]],[[77.5064630507755,11.169472579685307],[77.50664271383232,11.168933590514834],[77.50682237688915,11.169472579685307],[77.5064630507755,11.169472579685307]],[[77.50628338771867,11.169472579685307],[77.50610372466184,11.169292916628484],[77.50628338771867,11.169292916628484],[77.50628338771867,11.169472579685307]],[[77.5064630507755,11.169472579685307],[77.5064630507755,11.169652242742131],[77.50628338771867,11.169472579685307],[77.5064630507755,11.169472579685307]]]}]},"properties":{"transition":52,"ndbi_d":-0.024560627256808704,"vv_d":-0.17545219916857854,"area_ha":3.7588463039003654}},{"type":"Feature","geometry":{"geodesic":false,"type":"MultiPolygon","coordinates":[[[[77.78188651688654,11.380935997567041],[77.78170685382972,11.38039700839657],[77.78224584300018,11.380756334510219],[77.78188651688654,11.380935997567041]]],[[[77.78188651688654,11.380935997567041],[77.78206617994337,11.38129532368069],[77.7831441582843,11.381115660623866],[77.78278483217066,11.382013975907986],[77.78296449522749,11.382552965078457],[77.78242550605701,11.382732628135281],[77.78188651688654,11.382912291192106],[77.78188651688654,11.383271617305754],[77.78260516911384,11.383271617305754],[77.78260516911384,11.383630943419401],[77.78296449522749,11.383451280362577],[77.78278483217066,11.383810606476224],[77.78242550605701,11.383630943419401],[77.78242550605701,11.383990269533049],[77.78188651688654,11.383990269533049],[77.78278483217066,11.38452925870352],[77.78224584300018,11.385068247873992],[77.78170685382972,11.384888584817169],[77.78206617994337,11.38452925870352],[77.78134752771606,11.383990269533049],[77.78134752771606,11.383630943419401],[77.78188651688654,11.383810606476224],[77.78188651688654,11.383451280362577],[77.78134752771606,11.383091954248929],[77.78134752771606,11.382373302021634],[77.78206617994337,11.382552965078457],[77.78188651688654,11.382193638964809],[77.78278483217066,11.381834312851161],[77.78278483217066,11.38129532368069],[77.78134752771606,11.381474986737514],[77.78188651688654,11.380935997567041]],[[77.78242550605701,11.382732628135281],[77.78224584300018,11.382552965078457],[77.78242550605701,11.382552965078457],[77.78242550605701,11.382732628135281]],[[77.78224584300018,11.38452925870352],[77.78242550605701,11.38452925870352],[77.78242550605701,11.384708921760344],[77.78224584300018,11.38452925870352]]]]},"properties":{"transition":25,"ndbi_d":0.014856418687789604,"vv_d":0.3980876944580453,"area_ha":3.756055773544943}},{"type":"Feature","geometry":{"geodesic":false,"type":"GeometryCollection","geometries":[{"type":"LineString","coordinates":[[77.48436449478615,11.161567405185055],[77.48436449478615,11.16084875295776]]},{"type":"Polygon","coordinates":[[[77.48598146229757,11.16084875295776],[77.48562213618392,11.161028416014583],[77.48580179924075,11.16174706824188],[77.48634078841121,11.161926731298703],[77.48562213618392,11.161926731298703],[77.48562213618392,11.162465720469175],[77.48526281007027,11.16174706824188],[77.48526281007027,11.162106394355527],[77.48490348395663,11.162106394355527],[77.48490348395663,11.162465720469175],[77.48526281007027,11.16228605741235],[77.48490348395663,11.16318437269647],[77.48418483172934,11.162825046582823],[77.48436449478615,11.162465720469175],[77.4847238208998,11.162645383525998],[77.48454415784298,11.161926731298703],[77.48400516867251,11.162106394355527],[77.48400516867251,11.161567405185055],[77.48364584255886,11.16138774212823],[77.48436449478615,11.161567405185055],[77.48436449478615,11.16174706824188],[77.4847238208998,11.16174706824188],[77.4847238208998,11.162106394355527],[77.48508314701346,11.16174706824188],[77.48508314701346,11.160669089900935],[77.48400516867251,11.160669089900935],[77.48418483172934,11.15995043767364],[77.48508314701346,11.160130100730465],[77.4854424731271,11.16084875295776],[77.48598146229757,11.16084875295776]],[[77.48454415784298,11.160309763787287],[77.4847238208998,11.160309763787287],[77.4847238208998,11.160489426844112],[77.48454415784298,11.160309763787287]],[[77.4854424731271,11.161208079071407],[77.48562213618392,11.161208079071407],[77.48562213618392,11.161567405185055],[77.4854424731271,11.161208079071407]]]},{"type":"Polygon","coordinates":[[[77.48598146229757,11.16084875295776],[77.48562213618392,11.160669089900935],[77.48562213618392,11.160130100730465],[77.48634078841121,11.160669089900935],[77.48598146229757,11.16084875295776]]]}]},"properties":{"transition":52,"ndbi_d":-0.04545223513912214,"vv_d":0.9399942217974037,"area_ha":3.719795494303169}},{"type":"Feature","geometry":{"geodesic":false,"type":"MultiPolygon","coordinates":[[[[77.72346335740518,11.173719161030867],[77.72331636036195,11.173425166935433],[77.7236756864756,11.173065840821785],[77.72385534953241,11.173425166935433],[77.72346335740518,11.173719161030867]]],[[[77.72134006673689,11.173425166935433],[77.72116040368006,11.173065840821785],[77.72116040368006,11.171628536367194],[77.722238382021,11.171628536367194],[77.722238382021,11.172526851651313],[77.72169939285054,11.172526851651313],[77.72205871896418,11.173425166935433],[77.72151972979371,11.17324550387861],[77.72205871896418,11.173604829992257],[77.722238382021,11.174323482219553],[77.72259770813466,11.17378449304908],[77.72337624805056,11.17378449304908],[77.72313669730512,11.173964156105905],[77.72331636036195,11.174503145276375],[77.722238382021,11.1746828083332],[77.72205871896418,11.174323482219553],[77.72169939285054,11.1746828083332],[77.72134006673689,11.174323482219553],[77.72098074062323,11.173964156105905],[77.72134006673689,11.173425166935433]],[[77.72134006673689,11.173425166935433],[77.72151972979371,11.173425166935433],[77.72151972979371,11.173604829992257],[77.72134006673689,11.173425166935433]],[[77.72134006673689,11.174323482219553],[77.72134006673689,11.173964156105905],[77.72169939285054,11.173964156105905],[77.72169939285054,11.174323482219553],[77.72134006673689,11.174323482219553]],[[77.72134006673689,11.171987862480842],[77.72151972979371,11.171987862480842],[77.72151972979371,11.172706514708137],[77.72134006673689,11.171987862480842]],[[77.72259770813466,11.173964156105905],[77.72277737119147,11.173964156105905],[77.72277737119147,11.174143819162728],[77.72259770813466,11.173964156105905]]],[[[77.72346335740518,11.173719161030867],[77.72349602341878,11.17378449304908],[77.72337624805056,11.17378449304908],[77.72346335740518,11.173719161030867]]]]},"properties":{"transition":21,"ndbi_d":-0.1320432884814708,"vv_d":1.294749616750311,"area_ha":3.71964314428512}},{"type":"Feature","geometry":{"geodesic":false,"type":"MultiPolygon","coordinates":[[[[77.79302562640962,11.388122519839998],[77.7935646155801,11.389380161237765],[77.79302562640962,11.389380161237765],[77.79338495252327,11.38955982429459],[77.79302562640962,11.389739487351413],[77.79248663723915,11.38955982429459],[77.79248663723915,11.387942856783175],[77.79302562640962,11.388122519839998]],[[77.79302562640962,11.388841172067295],[77.79320528946644,11.388841172067295],[77.79320528946644,11.389020835124118],[77.79302562640962,11.388841172067295]]],[[[77.79446293086421,11.38722420455588],[77.7935646155801,11.38722420455588],[77.79374427863692,11.387942856783175],[77.79302562640962,11.388122519839998],[77.79302562640962,11.38776319372635],[77.79176798501186,11.387942856783175],[77.79176798501186,11.387583530669527],[77.79320528946644,11.387583530669527],[77.79338495252327,11.38722420455588],[77.7928459633528,11.387044541499055],[77.79374427863692,11.386864878442232],[77.79338495252327,11.386685215385407],[77.7935646155801,11.38632588927176],[77.79446293086421,11.386146226214935],[77.79428326780739,11.386505552328583],[77.79482225697787,11.38722420455588],[77.79446293086421,11.38722420455588]],[[77.79446293086421,11.38722420455588],[77.79428326780739,11.387044541499055],[77.79446293086421,11.387044541499055],[77.79446293086421,11.38722420455588]],[[77.79392394169375,11.386505552328583],[77.79446293086421,11.386864878442232],[77.79392394169375,11.386864878442232],[77.79392394169375,11.386505552328583]]]]},"properties":{"transition":25,"ndbi_d":0.01749842385883982,"vv_d":-0.20922280782206315,"area_ha":3.7168662358759277}},{"type":"Feature","geometry":{"geodesic":false,"type":"Polygon","coordinates":[[[77.51832081252587,11.426211087886665],[77.51814114946905,11.424414457318427],[77.51868013863951,11.424234794261602],[77.51868013863951,11.425851761773018],[77.51993778003728,11.425672098716193],[77.52029710615093,11.42692974011396],[77.52155474754869,11.426750077057138],[77.52065643226457,11.42692974011396],[77.52065643226457,11.427289066227608],[77.52137508449188,11.427648392341256],[77.52065643226457,11.427648392341256],[77.5208360953214,11.428007718454905],[77.51975811698046,11.428187381511728],[77.51957845392363,11.427648392341256],[77.51993778003728,11.426570414000313],[77.51939879086682,11.42692974011396],[77.51903946475316,11.426211087886665],[77.51832081252587,11.426211087886665]],[[77.5185004755827,11.42549243565937],[77.51832081252587,11.425133109545722],[77.5185004755827,11.425133109545722],[77.5185004755827,11.42549243565937]],[[77.51957845392363,11.426570414000313],[77.51939879086682,11.42639075094349],[77.51957845392363,11.42639075094349],[77.51957845392363,11.426570414000313]],[[77.52011744309411,11.42692974011396],[77.51993778003728,11.426750077057138],[77.52011744309411,11.426750077057138],[77.52011744309411,11.42692974011396]],[[77.52065643226457,11.427468729284433],[77.52047676920776,11.427289066227608],[77.52065643226457,11.427289066227608],[77.52065643226457,11.427468729284433]],[[77.51993778003728,11.42782805539808],[77.51975811698046,11.427648392341256],[77.51993778003728,11.427648392341256],[77.51993778003728,11.42782805539808]],[[77.52047676920776,11.42782805539808],[77.51993778003728,11.427648392341256],[77.52011744309411,11.427289066227608],[77.52047676920776,11.42782805539808]]]},"properties":{"transition":21,"ndbi_d":-0.20892943358048796,"vv_d":1.7915789687357317,"area_ha":3.716360330911678}},{"type":"Feature","geometry":{"geodesic":false,"type":"MultiPolygon","coordinates":[[[[77.79230697418232,11.445075708853176],[77.79248663723915,11.445075708853176],[77.79248663723915,11.444716382739529],[77.79374427863692,11.444177393569056],[77.79410360475056,11.443638404398586],[77.79428326780739,11.444177393569056],[77.79392394169375,11.443997730512233],[77.79392394169375,11.444357056625881],[77.7928459633528,11.444716382739529],[77.7935646155801,11.444896045796352],[77.79320528946644,11.44615368719412],[77.7928459633528,11.445435034966824],[77.79230697418232,11.445614698023649],[77.79230697418232,11.445075708853176]],[[77.7928459633528,11.44525537191],[77.79320528946644,11.44525537191],[77.79320528946644,11.445435034966824],[77.7928459633528,11.44525537191]]],[[[77.79230697418232,11.445075708853176],[77.79194764806869,11.44525537191],[77.79194764806869,11.445974024137296],[77.79266630029598,11.44615368719412],[77.7921273111255,11.446513013307767],[77.79176798501186,11.445794361080472],[77.79086966972774,11.446513013307767],[77.79104933278455,11.445794361080472],[77.79069000667091,11.445614698023649],[77.78997135444362,11.44615368719412],[77.78961202832997,11.44525537191],[77.79122899584138,11.445075708853176],[77.79176798501186,11.445614698023649],[77.79176798501186,11.445075708853176],[77.79230697418232,11.445075708853176]],[[77.79122899584138,11.445435034966824],[77.7914086588982,11.445435034966824],[77.7914086588982,11.445974024137296],[77.79122899584138,11.445435034966824]],[[77.79033068055726,11.445435034966824],[77.79015101750043,11.44525537191],[77.79033068055726,11.44525537191],[77.79033068055726,11.445435034966824]],[[77.79033068055726,11.445435034966824],[77.79051034361409,11.445435034966824],[77.79051034361409,11.445614698023649],[77.79033068055726,11.445435034966824]]]]},"properties":{"transition":25,"ndbi_d":0.012649931402043684,"vv_d":-0.5356458495815468,"area_ha":3.716111675612769}},{"type":"Feature","geometry":{"geodesic":false,"type":"Polygon","coordinates":[[[77.69654656489519,11.36566463773701],[77.69690589100883,11.364047670225595],[77.69762454323612,11.36296969188465],[77.6981635324066,11.36386800716877],[77.69924151074754,11.36386800716877],[77.69870252157706,11.364586659396066],[77.69762454323612,11.364945985509713],[77.69708555406565,11.36566463773701],[77.69654656489519,11.36566463773701]]]},"properties":{"transition":10,"ndbi_d":0.21688961977773208,"vv_d":-8.602904603351742,"area_ha":3.6780435941670766}},{"type":"Feature","geometry":{"geodesic":false,"type":"Polygon","coordinates":[[[77.63096954915446,11.344464397031789],[77.63043055998398,11.344105070918141],[77.63078988609763,11.343745744804494],[77.62971190775669,11.343745744804494],[77.62971190775669,11.343027092577199],[77.62917291858622,11.342847429520374],[77.62953224469986,11.342128777293079],[77.63043055998398,11.342308440349901],[77.6306102230408,11.342847429520374],[77.63025089692717,11.34266776646355],[77.63025089692717,11.343386418690846],[77.63078988609763,11.343206755634021],[77.63078988609763,11.342308440349901],[77.63114921221128,11.342488103406726],[77.63168820138175,11.342128777293079],[77.6320475274954,11.342488103406726],[77.63168820138175,11.34266776646355],[77.63186786443858,11.343206755634021],[77.6313288752681,11.343386418690846],[77.6313288752681,11.344105070918141],[77.63096954915446,11.343745744804494],[77.63096954915446,11.344284733974964],[77.6313288752681,11.344284733974964],[77.63096954915446,11.344464397031789]],[[77.63007123387034,11.342847429520374],[77.62989157081351,11.34266776646355],[77.63007123387034,11.34266776646355],[77.63007123387034,11.342847429520374]],[[77.6313288752681,11.343027092577199],[77.63114921221128,11.342847429520374],[77.6313288752681,11.342847429520374],[77.6313288752681,11.343027092577199]],[[77.63168820138175,11.343027092577199],[77.63150853832492,11.342847429520374],[77.63168820138175,11.342847429520374],[77.63168820138175,11.343027092577199]],[[77.63114921221128,11.343206755634021],[77.63096954915446,11.343027092577199],[77.63114921221128,11.343027092577199],[77.63114921221128,11.343206755634021]],[[77.6313288752681,11.343386418690846],[77.63114921221128,11.343206755634021],[77.6313288752681,11.343206755634021],[77.6313288752681,11.343386418690846]]]},"properties":{"transition":21,"ndbi_d":-0.1905798686127509,"vv_d":2.0307903164937806,"area_ha":3.6391874781659217}},{"type":"Feature","geometry":{"geodesic":false,"type":"Polygon","coordinates":[[[77.45741503626256,11.154380882912099],[77.45723537320573,11.153662230684803],[77.45795402543304,11.153302904571154],[77.45759469931939,11.152763915400683],[77.45813368848987,11.152584252343859],[77.45903200377398,11.152943578457506],[77.45903200377398,11.152404589287036],[77.4584930146035,11.152584252343859],[77.45867267766033,11.152224926230211],[77.46028964517174,11.152404589287036],[77.4592116668308,11.153123241514331],[77.45957099294445,11.153841893741626],[77.45741503626256,11.154380882912099]],[[77.45939132988762,11.152943578457506],[77.4592116668308,11.152763915400683],[77.45939132988762,11.152763915400683],[77.45939132988762,11.152943578457506]],[[77.45831335154668,11.153482567627979],[77.45813368848987,11.153302904571154],[77.45831335154668,11.153302904571154],[77.45831335154668,11.153482567627979]],[[77.45867267766033,11.153482567627979],[77.4584930146035,11.153123241514331],[77.45867267766033,11.153123241514331],[77.45867267766033,11.153482567627979]],[[77.45903200377398,11.153482567627979],[77.45885234071716,11.153302904571154],[77.45903200377398,11.153302904571154],[77.45903200377398,11.153482567627979]],[[77.45885234071716,11.153841893741626],[77.45867267766033,11.153662230684803],[77.45885234071716,11.153662230684803],[77.45885234071716,11.153841893741626]],[[77.45777436237621,11.154021556798451],[77.45759469931939,11.153841893741626],[77.45777436237621,11.153841893741626],[77.45777436237621,11.154021556798451]]]},"properties":{"transition":52,"ndbi_d":-0.0018732296673200065,"vv_d":-0.8315631090264151,"area_ha":3.6024289571258814}},{"type":"Feature","geometry":{"geodesic":false,"type":"MultiPolygon","coordinates":[[[[77.55730769585666,11.23540892153968],[77.55820601114078,11.234869932369207],[77.55874500031125,11.235229258482855],[77.55874500031125,11.235588584596504],[77.55748735891348,11.23540892153968],[77.55694836974301,11.235768247653327],[77.55730769585666,11.23540892153968]]],[[[77.55730769585666,11.23540892153968],[77.5560500544589,11.235229258482855],[77.5560500544589,11.235768247653327],[77.55569072834524,11.235947910710152],[77.55551106528841,11.235049595426032],[77.55676870668619,11.234869932369207],[77.55694836974301,11.23451060625556],[77.55515173917478,11.23451060625556],[77.55569072834524,11.23397161708509],[77.5576670219703,11.23397161708509],[77.55784668502713,11.234690269312384],[77.55730769585666,11.234869932369207],[77.55730769585666,11.23540892153968]],[[77.55730769585666,11.234151280141912],[77.55748735891348,11.234151280141912],[77.55748735891348,11.234330943198737],[77.55730769585666,11.234151280141912]]]]},"properties":{"transition":40,"ndbi_d":-0.07706390326885688,"vv_d":-0.42063570165951647,"area_ha":3.6014119044732427}},{"type":"Feature","geometry":{"geodesic":false,"type":"GeometryCollection","geometries":[{"type":"LineString","coordinates":[[77.71990276228229,11.423336478977484],[77.71990276228229,11.422977152863837]]},{"type":"Polygon","coordinates":[[[77.71954343616865,11.423336478977484],[77.71990276228229,11.423336478977484],[77.71990276228229,11.423875468147955],[77.7206214145096,11.423695805091132],[77.72116040368006,11.424234794261602],[77.72151972979371,11.42405513120478],[77.72151972979371,11.424414457318427],[77.72187905590735,11.42405513120478],[77.72187905590735,11.4249534464889],[77.72098074062323,11.424594120375252],[77.72116040368006,11.4249534464889],[77.72044175145277,11.425133109545722],[77.72116040368006,11.425312772602547],[77.72116040368006,11.425851761773018],[77.7208010775664,11.425851761773018],[77.72098074062323,11.42549243565937],[77.72044175145277,11.425672098716195],[77.72044175145277,11.426570414000315],[77.72134006673689,11.426570414000315],[77.72151972979371,11.426929740113962],[77.7208010775664,11.427109403170785],[77.72026208839594,11.42639075094349],[77.71954343616865,11.42639075094349],[77.71954343616865,11.426031424829842],[77.72026208839594,11.426031424829842],[77.72026208839594,11.4249534464889],[77.72098074062323,11.424773783432075],[77.72008242533911,11.424594120375252],[77.72026208839594,11.424234794261602],[77.71972309922548,11.424594120375252],[77.71954343616865,11.423336478977484]],[[77.7208010775664,11.426750077057138],[77.72098074062323,11.426750077057138],[77.72098074062323,11.426929740113962],[77.7208010775664,11.426750077057138]]]}]},"properties":{"transition":21,"ndbi_d":-0.0715639000355504,"vv_d":1.4143271040296062,"area_ha":3.5990204943881143}},{"type":"Feature","geometry":{"geodesic":false,"type":"MultiPolygon","coordinates":[[[[77.49765956099112,11.167675949117069],[77.49694090876383,11.168933590514834],[77.49658158265018,11.168574264401187],[77.49586293042289,11.169113253571659],[77.49568326736606,11.168574264401187],[77.49640191959335,11.168574264401187],[77.49640191959335,11.16731662300342],[77.49765956099112,11.167675949117069]],[[77.49694090876383,11.167675949117069],[77.49712057182064,11.167675949117069],[77.49712057182064,11.168035275230716],[77.49694090876383,11.167675949117069]]],[[[77.49837821321842,11.168394601344364],[77.4989172023889,11.168394601344364],[77.49873753933207,11.167855612173891],[77.49945619155936,11.167496286060244],[77.4989172023889,11.168753927458011],[77.50035450684348,11.168214938287539],[77.50035450684348,11.168753927458011],[77.49945619155936,11.168574264401187],[77.49819855016159,11.169292916628484],[77.49765956099112,11.167675949117069],[77.49730023487747,11.16731662300342],[77.49765956099112,11.16731662300342],[77.49801888710478,11.168214938287539],[77.49855787627524,11.168035275230716],[77.49837821321842,11.168394601344364]],[[77.49837821321842,11.168394601344364],[77.49837821321842,11.168574264401187],[77.49819855016159,11.168394601344364],[77.49837821321842,11.168394601344364]],[[77.4989172023889,11.168035275230716],[77.49909686544571,11.168035275230716],[77.49909686544571,11.168214938287539],[77.4989172023889,11.168035275230716]]]]},"properties":{"transition":52,"ndbi_d":-0.0342977877519513,"vv_d":0.8747848776441661,"area_ha":3.563087664148291}},{"type":"Feature","geometry":{"geodesic":false,"type":"Polygon","coordinates":[[[77.47843561391096,11.184564276458515],[77.47861527696779,11.183665961174395],[77.47807628779731,11.184025287288042],[77.47825595085413,11.183665961174395],[77.4778966247405,11.183306635060747],[77.47879494002461,11.182228656719804],[77.47825595085413,11.182228656719804],[77.47807628779731,11.181869330606155],[77.47843561391096,11.18204899366298],[77.47843561391096,11.181510004492507],[77.47933392919508,11.18115067837886],[77.47915426613825,11.181510004492507],[77.4802322444792,11.181869330606155],[77.48041190753602,11.181330341435684],[77.48077123364968,11.181510004492507],[77.48113055976332,11.180971015322037],[77.48095089670649,11.18204899366298],[77.47987291836556,11.18204899366298],[77.47987291836556,11.182767645890275],[77.4795135922519,11.182228656719804],[77.47879494002461,11.182587982833452],[77.47915426613825,11.184025287288042],[77.47897460308143,11.184564276458515],[77.47843561391096,11.184564276458515]],[[77.47933392919508,11.181869330606155],[77.47915426613825,11.181689667549332],[77.47933392919508,11.181689667549332],[77.47933392919508,11.181869330606155]],[[77.48077123364968,11.181869330606155],[77.48059157059285,11.181689667549332],[77.48077123364968,11.181689667549332],[77.48077123364968,11.181869330606155]],[[77.47915426613825,11.18204899366298],[77.47861527696779,11.18204899366298],[77.47879494002461,11.181510004492507],[77.47915426613825,11.18204899366298]],[[77.47987291836556,11.18204899366298],[77.47969325530873,11.181869330606155],[77.47987291836556,11.181869330606155],[77.47987291836556,11.18204899366298]],[[77.47825595085413,11.18348629811757],[77.47807628779731,11.183306635060747],[77.47825595085413,11.183306635060747],[77.47825595085413,11.18348629811757]],[[77.47879494002461,11.18348629811757],[77.47843561391096,11.18348629811757],[77.47843561391096,11.183126972003922],[77.47879494002461,11.183126972003922],[77.47879494002461,11.18348629811757]],[[77.47897460308143,11.183665961174395],[77.47879494002461,11.18348629811757],[77.47897460308143,11.18348629811757],[77.47897460308143,11.183665961174395]]]},"properties":{"transition":52,"ndbi_d":-0.06779990390014763,"vv_d":1.7069975987256683,"area_ha":3.5629128589816776}},{"type":"Feature","geometry":{"geodesic":false,"type":"Polygon","coordinates":[[[77.79536124614833,11.384888584817167],[77.7951815830915,11.383271617305752],[77.79482225697785,11.383091954248929],[77.79572057226197,11.382912291192104],[77.7959002353188,11.382552965078457],[77.79643922448928,11.382912291192104],[77.79643922448928,11.381474986737514],[77.79697821365974,11.381474986737514],[77.79715787671657,11.381834312851161],[77.79715787671657,11.381115660623866],[77.79787652894386,11.381115660623866],[77.79787652894386,11.381834312851161],[77.79715787671657,11.382013975907984],[77.79715787671657,11.383091954248929],[77.79679855060292,11.382912291192104],[77.79661888754609,11.3836309434194],[77.79554090920516,11.383091954248929],[77.79536124614833,11.383990269533047],[77.7959002353188,11.383990269533047],[77.79607989837562,11.3836309434194],[77.79625956143245,11.384349595646695],[77.79554090920516,11.384349595646695],[77.79572057226197,11.384708921760344],[77.79536124614833,11.384888584817167]],[[77.79751720283022,11.381654649794337],[77.7973375397734,11.381474986737514],[77.79751720283022,11.381474986737514],[77.79751720283022,11.381654649794337]],[[77.79554090920516,11.384349595646695],[77.79536124614833,11.384169932589872],[77.79554090920516,11.384169932589872],[77.79554090920516,11.384349595646695]]]},"properties":{"transition":25,"ndbi_d":0.01117905420455877,"vv_d":1.0194550549022672,"area_ha":3.5604288835998785}},{"type":"Feature","geometry":{"geodesic":false,"type":"Polygon","coordinates":[[[77.73643176351008,11.234690269312383],[77.73625210045326,11.234330943198735],[77.73571311128279,11.234330943198735],[77.73589277433962,11.233432627914617],[77.73625210045326,11.233252964857792],[77.73607243739644,11.232893638744144],[77.73625210045326,11.232534312630497],[77.73715041573739,11.232354649573672],[77.73715041573739,11.231635997346377],[77.73750974185103,11.231635997346377],[77.73768940490785,11.232354649573672],[77.7373300787942,11.23307330180097],[77.73822839407832,11.233252964857792],[77.73804873102151,11.23361229097144],[77.73840805713515,11.233791954028264],[77.73768940490785,11.234330943198735],[77.73804873102151,11.233791954028264],[77.73786906796468,11.233432627914617],[77.7373300787942,11.233791954028264],[77.73750974185103,11.233252964857792],[77.73661142656691,11.233432627914617],[77.73625210045326,11.234151280141912],[77.73697075268056,11.233791954028264],[77.73679108962374,11.234151280141912],[77.73750974185103,11.234330943198735],[77.73643176351008,11.234690269312383]],[[77.7373300787942,11.232893638744144],[77.73715041573739,11.23271397568732],[77.7373300787942,11.23271397568732],[77.7373300787942,11.232893638744144]],[[77.73679108962374,11.23307330180097],[77.73661142656691,11.232893638744144],[77.73679108962374,11.232893638744144],[77.73679108962374,11.23307330180097]],[[77.73661142656691,11.233252964857792],[77.73643176351008,11.23307330180097],[77.73661142656691,11.23307330180097],[77.73661142656691,11.233252964857792]],[[77.73715041573739,11.233252964857792],[77.73697075268056,11.23307330180097],[77.73715041573739,11.23307330180097],[77.73715041573739,11.233252964857792]]]},"properties":{"transition":21,"ndbi_d":-0.11814351368941263,"vv_d":2.496908990276964,"area_ha":3.5231409660176336}},{"type":"Feature","geometry":{"geodesic":false,"type":"MultiPolygon","coordinates":[[[[77.45148615538739,11.180791352265214],[77.45256413372833,11.180791352265214],[77.45274379678514,11.182587982833452],[77.45202514455785,11.182228656719804],[77.4523844706715,11.180971015322037],[77.45148615538739,11.180791352265214]],[[77.45220480761468,11.181869330606157],[77.4523844706715,11.181869330606157],[77.4523844706715,11.18204899366298],[77.45220480761468,11.181869330606157]]],[[[77.45148615538739,11.180791352265214],[77.45184548150102,11.181330341435684],[77.4516658184442,11.182228656719804],[77.4516658184442,11.181330341435684],[77.45130649233056,11.181150678378861],[77.4509471662169,11.181330341435684],[77.45130649233056,11.182228656719804],[77.45058784010327,11.182228656719804],[77.45058784010327,11.182767645890276],[77.4509471662169,11.182587982833452],[77.45148615538739,11.183126972003924],[77.45040817704644,11.18384562423122],[77.45058784010327,11.1829473089471],[77.45022851398961,11.1829473089471],[77.45022851398961,11.182228656719804],[77.4509471662169,11.181689667549332],[77.45040817704644,11.181869330606157],[77.45061350625552,11.181356007587942],[77.45076750316008,11.181510004492509],[77.45076750316008,11.181330341435684],[77.45062377271462,11.181330341435684],[77.45076750316008,11.180971015322037],[77.45022851398961,11.181150678378861],[77.45022851398961,11.180791352265214],[77.45148615538739,11.180791352265214]],[[77.45076750316008,11.182767645890276],[77.4509471662169,11.182767645890276],[77.4509471662169,11.183306635060747],[77.45076750316008,11.182767645890276]]],[[[77.45062377271462,11.181330341435684],[77.45061350625552,11.181356007587942],[77.45058784010327,11.181330341435684],[77.45062377271462,11.181330341435684]]]]},"properties":{"transition":52,"ndbi_d":-0.03811414918327296,"vv_d":1.3736857096261634,"area_ha":3.4846150469864443}},{"type":"Feature","geometry":{"geodesic":false,"type":"Polygon","coordinates":[[[77.57635197987999,11.18618124396993],[77.5756333276527,11.185462591742633],[77.57545366459587,11.184204950344867],[77.57599265376633,11.18438461340169],[77.57617231682316,11.185103265628985],[77.57832827350505,11.184923602572162],[77.57832827350505,11.185821917856282],[77.57635197987999,11.18618124396993]]]},"properties":{"transition":54,"ndbi_d":-0.007394517254897948,"vv_d":1.1753290112955015,"area_ha":3.4845735347968287}},{"type":"Feature","geometry":{"geodesic":false,"type":"Polygon","coordinates":[[[77.79446293086421,11.369078235816664],[77.7959002353188,11.369437561930312],[77.7959002353188,11.36889857275984],[77.79625956143245,11.369078235816664],[77.79661888754609,11.368718909703016],[77.79625956143245,11.370515540271255],[77.7959002353188,11.370156214157607],[77.7959002353188,11.37069520332808],[77.79554090920516,11.370335877214432],[77.79554090920516,11.37069520332808],[77.79428326780739,11.370874866384902],[77.79464259392103,11.370335877214432],[77.79392394169373,11.369976551100784],[77.79428326780739,11.369437561930312],[77.79464259392103,11.369976551100784],[77.79446293086421,11.369078235816664]],[[77.79607989837562,11.369976551100784],[77.7959002353188,11.369617224987136],[77.79607989837562,11.369617224987136],[77.79607989837562,11.369976551100784]],[[77.79536124614833,11.370156214157607],[77.7951815830915,11.369976551100784],[77.79536124614833,11.369976551100784],[77.79536124614833,11.370156214157607]],[[77.79464259392103,11.37069520332808],[77.79482225697785,11.370515540271255],[77.79482225697785,11.37069520332808],[77.79464259392103,11.37069520332808]]]},"properties":{"transition":25,"ndbi_d":0.010396202189849135,"vv_d":0.3878623929050296,"area_ha":3.482336240864412}},{"type":"Feature","geometry":{"geodesic":false,"type":"Polygon","coordinates":[[[77.45058784010325,11.391536117919651],[77.45022851398961,11.390817465692356],[77.45040817704643,11.389739487351413],[77.4509471662169,11.389380161237765],[77.4509471662169,11.389739487351413],[77.45202514455785,11.389559824294588],[77.45202514455785,11.390637802635533],[77.45238447067149,11.391176791806004],[77.45202514455785,11.39099712874918],[77.45202514455785,11.391356454862828],[77.45058784010325,11.391536117919651]],[[77.45112682927373,11.39009881346506],[77.4509471662169,11.389919150408236],[77.45112682927373,11.389919150408236],[77.45112682927373,11.39009881346506]],[[77.4509471662169,11.390278476521885],[77.45076750316008,11.39009881346506],[77.4509471662169,11.39009881346506],[77.4509471662169,11.390278476521885]],[[77.4516658184442,11.390278476521885],[77.45130649233054,11.390278476521885],[77.45130649233054,11.389919150408236],[77.4516658184442,11.390278476521885]]]},"properties":{"transition":51,"ndbi_d":-0.32490276352743086,"vv_d":4.816241181520132,"area_ha":3.4820832400857356}},{"type":"Feature","geometry":{"geodesic":false,"type":"Polygon","coordinates":[[[77.61731515683584,11.412017706397577],[77.61677616766536,11.410939728056633],[77.61641684155173,11.410939728056633],[77.61677616766536,11.411299054170282],[77.61659650460854,11.41165838028393],[77.61587785238125,11.41165838028393],[77.61587785238125,11.410939728056633],[77.61515920015395,11.411299054170282],[77.61497953709713,11.412017706397577],[77.6147998740403,11.411478717227105],[77.61569818932442,11.410939728056633],[77.61551852626759,11.410580401942985],[77.61767448294948,11.411119391113457],[77.61695583072219,11.410221075829337],[77.61731515683584,11.410400738886162],[77.61749481989266,11.410041412772514],[77.61785414600631,11.410400738886162],[77.61821347211996,11.409502423602042],[77.61875246129043,11.409502423602042],[77.61893212434725,11.410400738886162],[77.61875246129043,11.40986174971569],[77.61839313517679,11.40986174971569],[77.6185727982336,11.41076006499981],[77.61821347211996,11.41076006499981],[77.61803380906314,11.410221075829337],[77.61785414600631,11.411838043340753],[77.61731515683584,11.412017706397577]]]},"properties":{"transition":21,"ndbi_d":-0.12516403575533663,"vv_d":2.0018393471540907,"area_ha":3.442712233641361}},{"type":"Feature","geometry":{"geodesic":false,"type":"MultiPolygon","coordinates":[[[[77.57096208817528,11.238283530448863],[77.57168074040257,11.238463193505686],[77.57150107734574,11.237924204335215],[77.57204006651622,11.237385215164743],[77.57168074040257,11.237385215164743],[77.57168074040257,11.23684622599427],[77.5718604034594,11.236127573766975],[77.57221972957305,11.236127573766975],[77.57221972957305,11.23774454127839],[77.57293838180034,11.237564878221567],[77.57311804485717,11.238283530448863],[77.57275871874351,11.23864285656251],[77.5718604034594,11.238463193505686],[77.5718604034594,11.238822519619333],[77.57150107734574,11.238822519619333],[77.57150107734574,11.238463193505686],[77.57096208817528,11.238822519619333],[77.57096208817528,11.238283530448863]],[[77.5718604034594,11.238103867392038],[77.57221972957305,11.238103867392038],[77.57221972957305,11.238283530448863],[77.5718604034594,11.238103867392038]]],[[[77.57096208817528,11.238283530448863],[77.57060276206163,11.238463193505686],[77.5704230990048,11.23774454127839],[77.57060276206163,11.237385215164743],[77.57078242511845,11.23774454127839],[77.5711417512321,11.237564878221567],[77.57096208817528,11.23720555210792],[77.57150107734574,11.237385215164743],[77.57096208817528,11.238283530448863]]]]},"properties":{"transition":54,"ndbi_d":0.018423855965742947,"vv_d":-0.5994709979582682,"area_ha":3.405650874043107}},{"type":"Feature","geometry":{"geodesic":false,"type":"MultiPolygon","coordinates":[[[[77.61354223264254,11.426570414000315],[77.61336256958572,11.42639075094349],[77.61354223264254,11.4249534464889],[77.61354223264254,11.426570414000315]]],[[[77.61354223264254,11.427109403170785],[77.61408122181301,11.426929740113962],[77.61408122181301,11.426031424829842],[77.61444054792666,11.426031424829842],[77.61444054792666,11.427648392341258],[77.61372189569937,11.427468729284433],[77.61354223264254,11.427109403170785]]],[[[77.61354223264254,11.426570414000315],[77.61354223264254,11.427109403170785],[77.61336256958572,11.426750077057138],[77.61264391735843,11.426750077057138],[77.61210492818795,11.427468729284433],[77.61120661290383,11.427468729284433],[77.61066762373336,11.428187381511728],[77.61012863456288,11.428007718454905],[77.61048796067654,11.42782805539808],[77.61030829761971,11.427468729284433],[77.61138627596065,11.426750077057138],[77.61174560207431,11.427109403170785],[77.61174560207431,11.426750077057138],[77.61228459124477,11.426929740113962],[77.61264391735843,11.42639075094349],[77.61354223264254,11.426570414000315]],[[77.61138627596065,11.427109403170785],[77.61156593901748,11.427109403170785],[77.61156593901748,11.42728906622761],[77.61138627596065,11.427109403170785]]]]},"properties":{"transition":21,"ndbi_d":-0.11724385763879801,"vv_d":1.5568014292867354,"area_ha":3.4033974495223096}},{"type":"Feature","geometry":{"geodesic":false,"type":"Polygon","coordinates":[[[77.68576678148574,11.223371496732478],[77.68522779231527,11.22301217061883],[77.6839701509175,11.223371496732478],[77.6839701509175,11.222652844505182],[77.68468880314481,11.22211385533471],[77.68486846620162,11.222832507562005],[77.68558711842893,11.222473181448358],[77.68612610759939,11.222652844505182],[77.68630577065622,11.22211385533471],[77.68576678148574,11.221574866164238],[77.68666509676987,11.22121554005059],[77.68702442288351,11.222473181448358],[77.68648543371305,11.222832507562005],[77.68684475982668,11.223191833675653],[77.68576678148574,11.223371496732478]],[[77.68612610759939,11.22301217061883],[77.68594644454257,11.222832507562005],[77.68612610759939,11.222832507562005],[77.68612610759939,11.22301217061883]]]},"properties":{"transition":21,"ndbi_d":-0.19851812183163886,"vv_d":2.174114476929151,"area_ha":3.3666831465488487}},{"type":"Feature","geometry":{"geodesic":false,"type":"Polygon","coordinates":[[[77.52424969340106,11.224269812016598],[77.52389036728741,11.224090148959773],[77.52389036728741,11.223551159789302],[77.52191407366234,11.223371496732478],[77.52191407366234,11.222473181448358],[77.52245306283282,11.222473181448358],[77.52245306283282,11.223191833675653],[77.52299205200329,11.223191833675653],[77.52281238894646,11.222473181448358],[77.52496834562835,11.222652844505182],[77.5246090195147,11.222832507562005],[77.52496834562835,11.223551159789302],[77.52442935645789,11.223730822846125],[77.52424969340106,11.224269812016598]],[[77.52407003034423,11.223191833675653],[77.52371070423058,11.22301217061883],[77.52407003034423,11.22301217061883],[77.52407003034423,11.223191833675653]]]},"properties":{"transition":54,"ndbi_d":0.01863347984028731,"vv_d":-0.6163302291279295,"area_ha":3.366674639624119}},{"type":"Feature","geometry":{"geodesic":false,"type":"Polygon","coordinates":[[[77.54437195576533,11.239720834903453],[77.54473128187898,11.23918184573298],[77.54419229270852,11.23918184573298],[77.54419229270852,11.23828353044886],[77.54437195576533,11.239002182676158],[77.54527027104945,11.238822519619333],[77.54509060799263,11.238103867392038],[77.54616858633358,11.238103867392038],[77.54634824939039,11.238642856562508],[77.54598892327675,11.238822519619333],[77.54688723856087,11.238822519619333],[77.54670757550404,11.238463193505686],[77.54724656467451,11.238642856562508],[77.54724656467451,11.23828353044886],[77.54670757550404,11.238103867392038],[77.54760589078816,11.23828353044886],[77.54778555384499,11.239002182676158],[77.54742622773134,11.23918184573298],[77.54652791244722,11.239002182676158],[77.5456295971631,11.23918184573298],[77.5456295971631,11.239541171846628],[77.54437195576533,11.239720834903453]],[[77.5456295971631,11.238822519619333],[77.54544993410627,11.238642856562508],[77.5456295971631,11.238642856562508],[77.5456295971631,11.238822519619333]],[[77.54580926021993,11.239002182676158],[77.5456295971631,11.238822519619333],[77.54580926021993,11.238822519619333],[77.54580926021993,11.239002182676158]]]},"properties":{"transition":54,"ndbi_d":0.01028662237073403,"vv_d":4.453651149182686,"area_ha":3.3664930710857908}},{"type":"Feature","geometry":{"geodesic":false,"type":"MultiPolygon","coordinates":[[[[77.74759653918544,11.449515952969257],[77.74775053609,11.449207959160127],[77.74810986220365,11.44938762221695],[77.74810986220365,11.449926611387422],[77.74759653918544,11.449515952969257]]],[[[77.7470318838627,11.448668969989654],[77.74667255774905,11.448668969989654],[77.74667255774905,11.449028296103302],[77.74631323163541,11.449207959160127],[77.74613356857859,11.448668969989654],[77.74577424246493,11.449028296103302],[77.74577424246493,11.44848930693283],[77.7454149163513,11.448668969989654],[77.7454149163513,11.449028296103302],[77.74595390552176,11.449207959160127],[77.74595390552176,11.449926611387422],[77.7454149163513,11.449926611387422],[77.74505559023764,11.449746948330597],[77.74523525329447,11.448129980819182],[77.74487592718081,11.447770654705534],[77.74523525329447,11.447770654705534],[77.7454149163513,11.448309643876007],[77.7470318838627,11.448309643876007],[77.7470318838627,11.448668969989654]],[[77.7454149163513,11.44938762221695],[77.7455945794081,11.44938762221695],[77.7455945794081,11.449567285273774],[77.7454149163513,11.44938762221695]]],[[[77.74667255774905,11.449028296103302],[77.74685222080588,11.448848633046477],[77.7470318838627,11.448668969989654],[77.74757087303317,11.448848633046477],[77.74757087303317,11.449495420051043],[77.74721154691953,11.449207959160127],[77.74685222080588,11.449207959160127],[77.74685222080588,11.449567285273774],[77.74739120997636,11.449926611387422],[77.74667255774905,11.449926611387422],[77.74667255774905,11.449028296103302]]],[[[77.74757087303317,11.449495420051043],[77.74759653918544,11.449515952969257],[77.74757087303317,11.449567285273774],[77.74757087303317,11.449495420051043]]]]},"properties":{"transition":54,"ndbi_d":0.02792079388678377,"vv_d":-2.089445908024292,"area_ha":3.3640156967947914}},{"type":"Feature","geometry":{"geodesic":false,"type":"MultiPolygon","coordinates":[[[[77.76338122203367,11.154740209025746],[77.76409987426098,11.154919872082571],[77.76374054814733,11.155458861253042],[77.76427953731779,11.155458861253042],[77.76427953731779,11.156177513480339],[77.76392021120415,11.156177513480339],[77.76338122203367,11.155458861253042],[77.76338122203367,11.154740209025746]]],[[[77.76338122203367,11.152943578457508],[77.76427953731779,11.152763915400683],[77.76427953731779,11.153302904571156],[77.76320155897686,11.154021556798451],[77.7635608850905,11.154380882912099],[77.76338122203367,11.154740209025746],[77.76230324369273,11.153841893741626],[77.76230324369273,11.153482567627979],[77.7628422328632,11.153841893741626],[77.76248290674955,11.152224926230213],[77.76302189592003,11.15258425234386],[77.7635608850905,11.152404589287036],[77.76338122203367,11.152943578457508]],[[77.76338122203367,11.152943578457508],[77.76338122203367,11.153123241514331],[77.76320155897686,11.152943578457508],[77.76338122203367,11.152943578457508]],[[77.76302189592003,11.153302904571156],[77.76338122203367,11.153302904571156],[77.76338122203367,11.153841893741626],[77.76302189592003,11.153841893741626],[77.76302189592003,11.153302904571156]],[[77.76374054814733,11.152943578457508],[77.76409987426098,11.152943578457508],[77.76409987426098,11.153123241514331],[77.76374054814733,11.152943578457508]]]]},"properties":{"transition":31,"ndbi_d":-0.1707285568885067,"vv_d":1.0730865232755806,"area_ha":3.3283239514502476}},{"type":"Feature","geometry":{"geodesic":false,"type":"Polygon","coordinates":[[[77.54598892327675,11.258585455869962],[77.54598892327675,11.255890510017604],[77.54652791244722,11.255351520847132],[77.54634824939039,11.256070173074429],[77.54760589078816,11.256070173074429],[77.5470669016177,11.256429499188076],[77.54688723856087,11.258585455869962],[77.54598892327675,11.258585455869962]],[[77.54688723856087,11.256968488358547],[77.54634824939039,11.256788825301724],[77.54670757550404,11.2566091622449],[77.54688723856087,11.256968488358547]],[[77.54652791244722,11.257687140585844],[77.54616858633358,11.25750747752902],[77.54670757550404,11.257327814472195],[77.54652791244722,11.257687140585844]],[[77.54670757550404,11.258046466699492],[77.54652791244722,11.257687140585844],[77.54670757550404,11.257687140585844],[77.54670757550404,11.258046466699492]]]},"properties":{"transition":54,"ndbi_d":0.035031720233725056,"vv_d":0.8289031311249336,"area_ha":3.3271366355872254}},{"type":"Feature","geometry":{"geodesic":false,"type":"Polygon","coordinates":[[[77.75332009085153,11.294158741121096],[77.75260143862424,11.293260425836976],[77.75224211251059,11.293619751950624],[77.75224211251059,11.293080762780152],[77.75188278639695,11.292901099723329],[77.75260143862424,11.291104469155089],[77.75296076473789,11.292182447496034],[77.75332009085153,11.292002784439209],[77.7531404277947,11.291643458325561],[77.75367941696518,11.291463795268736],[77.75367941696518,11.291823121382386],[77.75403874307882,11.291823121382386],[77.7531404277947,11.292182447496034],[77.75349975390836,11.292541773609681],[77.75403874307882,11.292182447496034],[77.75385908002201,11.292721436666504],[77.75421840613565,11.293260425836976],[77.75349975390836,11.293260425836976],[77.75332009085153,11.293799415007449],[77.75367941696518,11.294158741121096],[77.75332009085153,11.294158741121096]],[[77.7531404277947,11.293080762780152],[77.75260143862424,11.292901099723329],[77.75260143862424,11.292362110552856],[77.7531404277947,11.293080762780152]],[[77.75385908002201,11.293080762780152],[77.75332009085153,11.292721436666504],[77.75385908002201,11.292721436666504],[77.75385908002201,11.293080762780152]],[[77.75332009085153,11.2934400888938],[77.75296076473789,11.293260425836976],[77.75332009085153,11.293260425836976],[77.75332009085153,11.2934400888938]]]},"properties":{"transition":25,"ndbi_d":0.13983700527426074,"vv_d":-0.6822839421985879,"area_ha":3.326725597990991}},{"type":"Feature","geometry":{"geodesic":false,"type":"Polygon","coordinates":[[[77.47178808080848,11.345722038429557],[77.47106942858117,11.345362712315909],[77.47071010246754,11.345542375372732],[77.47071010246754,11.345003386202261],[77.47035077635388,11.345003386202261],[77.47053043941071,11.345362712315909],[77.46999145024024,11.345362712315909],[77.46945246106976,11.345003386202261],[77.46945246106976,11.345542375372732],[77.46909313495611,11.345542375372732],[77.46873380884247,11.345003386202261],[77.46927279801294,11.345183049259084],[77.46927279801294,11.344644060088612],[77.4689134718993,11.344644060088612],[77.46909313495611,11.343745744804494],[77.46945246106976,11.343745744804494],[77.46927279801294,11.344105070918141],[77.46999145024024,11.343745744804494],[77.46981178718342,11.344105070918141],[77.47053043941071,11.343925407861317],[77.47071010246754,11.344284733974964],[77.471249091638,11.344284733974964],[77.471249091638,11.345183049259084],[77.4719677438653,11.345183049259084],[77.47178808080848,11.345722038429557]],[[77.47017111329706,11.344464397031789],[77.46981178718342,11.344284733974964],[77.47017111329706,11.344284733974964],[77.47017111329706,11.344464397031789]],[[77.46945246106976,11.344644060088612],[77.46909313495611,11.344105070918141],[77.46945246106976,11.344284733974964],[77.46945246106976,11.344644060088612]],[[77.46999145024024,11.344823723145437],[77.46963212412659,11.344644060088612],[77.46999145024024,11.344644060088612],[77.46999145024024,11.344823723145437]],[[77.47053043941071,11.344823723145437],[77.47035077635388,11.344644060088612],[77.47053043941071,11.344644060088612],[77.47053043941071,11.344823723145437]],[[77.47035077635388,11.345003386202261],[77.47017111329706,11.344823723145437],[77.47035077635388,11.344823723145437],[77.47035077635388,11.345003386202261]],[[77.47088976552436,11.345003386202261],[77.47071010246754,11.344644060088612],[77.47088976552436,11.344644060088612],[77.47088976552436,11.345003386202261]],[[77.46999145024024,11.345183049259084],[77.46981178718342,11.345003386202261],[77.46999145024024,11.345003386202261],[77.46999145024024,11.345183049259084]]]},"properties":{"transition":52,"ndbi_d":0.0069051610879422,"vv_d":0.0452800562619411,"area_ha":3.3261199069642404}},{"type":"Feature","geometry":{"geodesic":false,"type":"Polygon","coordinates":[[[77.54491094493581,11.329372700258581],[77.54437195576533,11.328654048031286],[77.54473128187898,11.328833711088109],[77.54491094493581,11.32793539580399],[77.54455161882215,11.32793539580399],[77.54455161882215,11.328294721917638],[77.54383296659486,11.328115058860813],[77.54419229270852,11.32793539580399],[77.54383296659486,11.327576069690341],[77.54419229270852,11.32703708051987],[77.54509060799263,11.327576069690341],[77.54509060799263,11.329193037201756],[77.54527027104945,11.328294721917638],[77.54580926021993,11.328294721917638],[77.54544993410627,11.328115058860813],[77.5456295971631,11.327576069690341],[77.54580926021993,11.32793539580399],[77.5470669016177,11.327755732747166],[77.5470669016177,11.326498091349398],[77.54724656467451,11.32793539580399],[77.54652791244722,11.328115058860813],[77.54634824939039,11.328833711088109],[77.54544993410627,11.328833711088109],[77.54544993410627,11.329193037201756],[77.54491094493581,11.329372700258581]],[[77.54455161882215,11.32793539580399],[77.54437195576533,11.327755732747166],[77.54455161882215,11.327755732747166],[77.54455161882215,11.32793539580399]]]},"properties":{"transition":21,"ndbi_d":-0.261531507278361,"vv_d":0.881705186277057,"area_ha":3.2089138787186826}},{"type":"Feature","geometry":{"geodesic":false,"type":"Polygon","coordinates":[[[77.78925270221632,11.356322158782167],[77.78817472387537,11.355783169611694],[77.78817472387537,11.354884854327576],[77.78871371304584,11.355244180441224],[77.78853404998902,11.354705191270751],[77.78889337610266,11.354884854327576],[77.78907303915949,11.354525528213928],[77.78979169138678,11.355064517384399],[77.78961202832997,11.353986539043456],[77.78925270221632,11.353806875986631],[77.78943236527314,11.353447549872984],[77.78997135444361,11.354525528213928],[77.79104933278455,11.353627212929808],[77.79086966972773,11.354345865157104],[77.79015101750043,11.354705191270751],[77.79015101750043,11.355423843498047],[77.78925270221632,11.356322158782167]],[[77.78871371304584,11.355603506554871],[77.78853404998902,11.355423843498047],[77.78871371304584,11.355423843498047],[77.78871371304584,11.355603506554871]],[[77.78907303915949,11.355783169611694],[77.78871371304584,11.355603506554871],[77.78907303915949,11.355603506554871],[77.78907303915949,11.355783169611694]]]},"properties":{"transition":21,"ndbi_d":-0.17043317787678594,"vv_d":1.8746297895585886,"area_ha":3.2086117201411417}},{"type":"Feature","geometry":{"geodesic":false,"type":"MultiPolygon","coordinates":[[[[77.77955089714783,11.379319030055628],[77.77973056020465,11.378420714771508],[77.78026954937512,11.37806138865786],[77.7808085385456,11.378241051714683],[77.77991022326148,11.378959703941979],[77.78026954937512,11.379319030055628],[77.77955089714783,11.379319030055628]]],[[[77.77865258186371,11.378600377828331],[77.77883224492054,11.378241051714683],[77.77901190797736,11.377881725601036],[77.77919157103418,11.379319030055628],[77.77955089714783,11.379319030055628],[77.77973056020465,11.379678356169276],[77.77901190797736,11.37949869311245],[77.77883224492054,11.379858019226099],[77.77793392963642,11.379319030055628],[77.77793392963642,11.378780040885156],[77.7770356143523,11.378959703941979],[77.77757460352277,11.378780040885156],[77.77721527740911,11.378420714771508],[77.77829325575006,11.37806138865786],[77.77865258186371,11.378600377828331]],[[77.77865258186371,11.378600377828331],[77.77901190797736,11.378600377828331],[77.77901190797736,11.378780040885156],[77.77865258186371,11.378600377828331]],[[77.77883224492054,11.378241051714683],[77.77901190797736,11.378241051714683],[77.77901190797736,11.378420714771508],[77.77883224492054,11.378241051714683]],[[77.77901190797736,11.37949869311245],[77.77865258186371,11.379139366998803],[77.77901190797736,11.379139366998803],[77.77901190797736,11.37949869311245]],[[77.77811359269324,11.378959703941979],[77.77829325575006,11.378959703941979],[77.77829325575006,11.379139366998803],[77.77811359269324,11.378959703941979]],[[77.77829325575006,11.379319030055628],[77.77847291880688,11.379319030055628],[77.77847291880688,11.37949869311245],[77.77829325575006,11.379319030055628]],[[77.77829325575006,11.378600377828331],[77.77811359269324,11.378241051714683],[77.77829325575006,11.378241051714683],[77.77829325575006,11.378600377828331]],[[77.77829325575006,11.378600377828331],[77.77847291880688,11.378600377828331],[77.77847291880688,11.378780040885156],[77.77829325575006,11.378600377828331]]]]},"properties":{"transition":25,"ndbi_d":0.02499522943980992,"vv_d":-0.647000702571924,"area_ha":3.1692175083073066}},{"type":"Feature","geometry":{"geodesic":false,"type":"MultiPolygon","coordinates":[[[[77.79751720283022,11.400878596874495],[77.7973375397734,11.399980281590377],[77.79769686588705,11.400339607704025],[77.79769686588705,11.399800618533552],[77.7989545072848,11.399441292419905],[77.79913417034163,11.4001599446472],[77.79859518117117,11.399980281590377],[77.79859518117117,11.400339607704025],[77.79787652894387,11.400519270760848],[77.79787652894387,11.40105825993132],[77.79751720283022,11.400878596874495]],[[77.79877484422799,11.399620955476728],[77.7989545072848,11.399620955476728],[77.7989545072848,11.399800618533552],[77.79877484422799,11.399620955476728]]],[[[77.79751720283022,11.400878596874495],[77.79751720283022,11.402315901329088],[77.79787652894387,11.401776912158615],[77.79841551811434,11.40195657521544],[77.79787652894387,11.402136238272263],[77.79805619200069,11.402854890499558],[77.7973375397734,11.403034553556383],[77.7973375397734,11.40249556438591],[77.79679855060293,11.402315901329088],[77.79679855060293,11.40159724910179],[77.79715787671657,11.401417586044968],[77.79697821365974,11.40105825993132],[77.7973375397734,11.401237922988143],[77.79751720283022,11.400878596874495]],[[77.79697821365974,11.401776912158615],[77.79715787671657,11.401776912158615],[77.79715787671657,11.402136238272263],[77.79697821365974,11.401776912158615]]]]},"properties":{"transition":25,"ndbi_d":0.025380782630685488,"vv_d":0.11525254932772802,"area_ha":3.1689683093444523}},{"type":"Feature","geometry":{"geodesic":false,"type":"Polygon","coordinates":[[[77.78062887548877,11.423336478977482],[77.7800898863183,11.422977152863835],[77.7800898863183,11.422438163693364],[77.78080853854559,11.42225850063654],[77.78026954937512,11.421000859238772],[77.78206617994336,11.420641533125124],[77.78224584300018,11.421180522295597],[77.78134752771606,11.42136018535242],[77.78170685382972,11.421539848409244],[77.78152719077289,11.42225850063654],[77.78206617994336,11.42225850063654],[77.78206617994336,11.422617826750187],[77.78152719077289,11.422977152863835],[77.78098820160241,11.422797489807012],[77.78062887548877,11.423336478977482]],[[77.78188651688653,11.421180522295597],[77.78170685382972,11.421000859238772],[77.78188651688653,11.421000859238772],[77.78188651688653,11.421180522295597]],[[77.78134752771606,11.421719511466067],[77.78080853854559,11.421539848409244],[77.78134752771606,11.421539848409244],[77.78134752771606,11.421719511466067]],[[77.78134752771606,11.42225850063654],[77.78116786465924,11.421899174522892],[77.78152719077289,11.421899174522892],[77.78134752771606,11.42225850063654]],[[77.78134752771606,11.422617826750187],[77.78116786465924,11.422438163693364],[77.78134752771606,11.422438163693364],[77.78134752771606,11.422617826750187]]]},"properties":{"transition":25,"ndbi_d":0.011242829511850428,"vv_d":0.4982316367886975,"area_ha":3.168736937730778}},{"type":"Feature","geometry":{"geodesic":false,"type":"GeometryCollection","geometries":[{"type":"LineString","coordinates":[[77.6891803795654,11.425851761773018],[77.68900071650859,11.425851761773018]]},{"type":"Polygon","coordinates":[[[77.68738374899716,11.4249534464889],[77.68882105345176,11.425133109545722],[77.68900071650859,11.42549243565937],[77.6898990317927,11.425133109545722],[77.69007869484952,11.425672098716195],[77.69079734707682,11.42549243565937],[77.69025835790634,11.425133109545722],[77.69097701013365,11.425133109545722],[77.69097701013365,11.426031424829842],[77.69025835790634,11.426031424829842],[77.6898990317927,11.425672098716195],[77.6898990317927,11.426031424829842],[77.68936004262223,11.426211087886665],[77.68936004262223,11.425851761773018],[77.6891803795654,11.425851761773018],[77.6891803795654,11.425672098716195],[77.68900071650859,11.425851761773018],[77.68882105345176,11.425851761773018],[77.68756341205399,11.42639075094349],[77.68738374899716,11.4249534464889]],[[77.68756341205399,11.42549243565937],[77.68810240122446,11.425312772602547],[77.68810240122446,11.425672098716195],[77.68756341205399,11.42549243565937]]]}]},"properties":{"transition":21,"ndbi_d":-0.23435427303667422,"vv_d":2.7156136939835807,"area_ha":3.168694931648252}},{"type":"Feature","geometry":{"geodesic":false,"type":"Polygon","coordinates":[[[77.60402009063087,11.226425768698483],[77.60366076451722,11.226066442584836],[77.60294211228992,11.226066442584836],[77.60258278617628,11.225527453414365],[77.60186413394898,11.225707116471188],[77.60258278617628,11.224629138130245],[77.60294211228992,11.225168127300716],[77.60384042757404,11.225527453414365],[77.60437941674452,11.22534779035754],[77.60384042757404,11.225168127300716],[77.60384042757404,11.224629138130245],[77.6034811014604,11.22444947507342],[77.60366076451722,11.224090148959773],[77.60455907980135,11.224629138130245],[77.60455907980135,11.225886779528013],[77.60402009063087,11.226425768698483]],[[77.60294211228992,11.225527453414365],[77.6027624492331,11.22534779035754],[77.60294211228992,11.22534779035754],[77.60294211228992,11.225527453414365]],[[77.60330143840358,11.225707116471188],[77.60312177534675,11.225527453414365],[77.60330143840358,11.225527453414365],[77.60330143840358,11.225707116471188]]]},"properties":{"transition":54,"ndbi_d":0.10948282309691422,"vv_d":-2.696444271270059,"area_ha":3.1317675982386786}},{"type":"Feature","geometry":{"geodesic":false,"type":"Polygon","coordinates":[[[77.4644218954787,11.166957296889771],[77.4644218954787,11.165879318548829],[77.46406256936505,11.165879318548829],[77.46406256936505,11.165519992435181],[77.46460155853552,11.165160666321533],[77.46496088464917,11.165160666321533],[77.46460155853552,11.165699655492004],[77.46514054770599,11.165879318548829],[77.46532021076281,11.165519992435181],[77.46549987381964,11.166238644662476],[77.46693717827424,11.165699655492004],[77.46711684133105,11.164801340207884],[77.46783549355835,11.165340329378356],[77.46711684133105,11.166058981605651],[77.46621852604693,11.166058981605651],[77.46657785216058,11.166777633832949],[77.46567953687646,11.166238644662476],[77.46567953687646,11.166777633832949],[77.46514054770599,11.166597970776124],[77.4644218954787,11.166957296889771]],[[77.4644218954787,11.165699655492004],[77.46424223242187,11.165519992435181],[77.4644218954787,11.165519992435181],[77.4644218954787,11.165699655492004]],[[77.46478122159235,11.166058981605651],[77.46460155853552,11.165879318548829],[77.46478122159235,11.165879318548829],[77.46478122159235,11.166058981605651]],[[77.46532021076281,11.166058981605651],[77.46514054770599,11.165879318548829],[77.46532021076281,11.165879318548829],[77.46532021076281,11.166058981605651]],[[77.46496088464917,11.166418307719299],[77.46478122159235,11.166238644662476],[77.46496088464917,11.166238644662476],[77.46496088464917,11.166418307719299]],[[77.46549987381964,11.166418307719299],[77.46514054770599,11.166238644662476],[77.46549987381964,11.166238644662476],[77.46549987381964,11.166418307719299]],[[77.46514054770599,11.166597970776124],[77.46496088464917,11.166418307719299],[77.46514054770599,11.166418307719299],[77.46514054770599,11.166597970776124]]]},"properties":{"transition":52,"ndbi_d":0.002895122964587302,"vv_d":-0.3193924061322583,"area_ha":3.0932551644360022}},{"type":"Feature","geometry":{"geodesic":false,"type":"GeometryCollection","geometries":[{"type":"LineString","coordinates":[[77.75206244945377,11.17701842807191],[77.75206244945377,11.176479438901438]]},{"type":"Polygon","coordinates":[[[77.75116413416966,11.179354047810621],[77.75062514499918,11.179893036981094],[77.75044548194235,11.179174384753798],[77.75116413416966,11.178635395583326],[77.750804808056,11.177557417242383],[77.75170312334012,11.177737080299206],[77.7515234602833,11.176838765015088],[77.75206244945377,11.17701842807191],[77.75206244945377,11.179174384753798],[77.7515234602833,11.179533710867446],[77.75116413416966,11.179354047810621]],[[77.75116413416966,11.179354047810621],[77.75098447111283,11.17881505864015],[77.75116413416966,11.17881505864015],[77.75116413416966,11.179354047810621]],[[77.75134379722648,11.178635395583326],[77.75170312334012,11.178635395583326],[77.75170312334012,11.17881505864015],[77.75134379722648,11.178635395583326]],[[77.75170312334012,11.17701842807191],[77.75188278639695,11.17701842807191],[77.75188278639695,11.177198091128735],[77.75170312334012,11.17701842807191]]]}]},"properties":{"transition":21,"ndbi_d":-0.030138645987387427,"vv_d":2.489588702369507,"area_ha":3.0931232881193482}},{"type":"Feature","geometry":{"geodesic":false,"type":"MultiPolygon","coordinates":[[[[77.56862646843656,11.19767967960666],[77.56862646843656,11.19911698406125],[77.5680874792661,11.19911698406125],[77.56772815315244,11.199655973231723],[77.56682983786833,11.199655973231723],[77.56682983786833,11.198937321004427],[77.56772815315244,11.198757657947603],[77.56790781620927,11.198218668777132],[77.56844680537974,11.198039005720307],[77.56826714232292,11.19767967960666],[77.56862646843656,11.19767967960666]],[[77.56718916398198,11.199296647118075],[77.56736882703879,11.199296647118075],[77.56736882703879,11.1994763101749],[77.56718916398198,11.199296647118075]]],[[[77.56862646843656,11.19767967960666],[77.5680874792661,11.19624237515207],[77.56898579455022,11.19624237515207],[77.56898579455022,11.196961027379364],[77.56862646843656,11.196961027379364],[77.56862646843656,11.19767967960666]]]]},"properties":{"transition":40,"ndbi_d":-0.014966114686840344,"vv_d":-4.440735075976209,"area_ha":3.0929105203740206}},{"type":"Feature","geometry":{"geodesic":false,"type":"Polygon","coordinates":[[[77.76409987426096,11.29847065448487],[77.76374054814733,11.29757233920075],[77.76427953731779,11.297213013087102],[77.76392021120414,11.29667402391663],[77.76517785260191,11.29613503474616],[77.76463886343144,11.295955371689335],[77.76481852648827,11.295416382518862],[77.76571684177239,11.29523671946204],[77.76625583094285,11.296314697802982],[77.76553717871556,11.29613503474616],[77.76553717871556,11.296494360859807],[77.76463886343144,11.297213013087102],[77.76481852648827,11.298290991428045],[77.76427953731779,11.298111328371222],[77.76409987426096,11.29847065448487]],[[77.76571684177239,11.295775708632512],[77.76535751565874,11.295596045575687],[77.76571684177239,11.295596045575687],[77.76571684177239,11.295775708632512]],[[77.76481852648827,11.296853686973455],[77.76463886343144,11.29667402391663],[77.76481852648827,11.29667402391663],[77.76481852648827,11.296853686973455]],[[77.76445920037462,11.297033350030278],[77.76427953731779,11.29667402391663],[77.76445920037462,11.29667402391663],[77.76445920037462,11.297033350030278]]]},"properties":{"transition":21,"ndbi_d":-0.17561564315442008,"vv_d":2.2895150928954697,"area_ha":3.0918533471083243}},{"type":"Feature","geometry":{"geodesic":false,"type":"GeometryCollection","geometries":[{"type":"LineString","coordinates":[[77.54006004240156,11.24097847630122],[77.54023970545839,11.24097847630122]]},{"type":"Polygon","coordinates":[[[77.53970071628791,11.24097847630122],[77.54006004240156,11.24097847630122],[77.54023970545839,11.241337802414868],[77.54023970545839,11.24097847630122],[77.5418566729698,11.24097847630122],[77.54167700991297,11.240619150187573],[77.54203633602663,11.240619150187573],[77.54203633602663,11.241697128528516],[77.54275498825392,11.242056454642164],[77.53988037934474,11.242056454642164],[77.53970071628791,11.24097847630122]],[[77.54006004240156,11.241517465471693],[77.54023970545839,11.241517465471693],[77.54023970545839,11.241697128528516],[77.54006004240156,11.241517465471693]],[[77.54113802074251,11.241158139358046],[77.54149734685616,11.241158139358046],[77.54149734685616,11.241517465471693],[77.54113802074251,11.241158139358046]]]}]},"properties":{"transition":54,"ndbi_d":0.056935658188871086,"vv_d":2.467007391268394,"area_ha":3.053310027266729}},{"type":"Feature","geometry":{"geodesic":false,"type":"Polygon","coordinates":[[[77.79679855060292,11.333504950565532],[77.79679855060292,11.332786298338235],[77.79715787671657,11.332606635281412],[77.79625956143245,11.332247309167764],[77.79572057226197,11.332426972224587],[77.79661888754609,11.331528656940469],[77.79572057226197,11.33116933082682],[77.79536124614833,11.331708319997292],[77.79554090920516,11.330810004713172],[77.79679855060292,11.330810004713172],[77.79697821365974,11.33116933082682],[77.79787652894386,11.331348993883644],[77.79751720283022,11.331348993883644],[77.79751720283022,11.332606635281412],[77.79679855060292,11.333504950565532]],[[77.79697821365974,11.331887983054116],[77.79661888754609,11.331708319997292],[77.79697821365974,11.331708319997292],[77.79697821365974,11.331887983054116]],[[77.79661888754609,11.33206764611094],[77.79643922448928,11.331887983054116],[77.79661888754609,11.331887983054116],[77.79661888754609,11.33206764611094]],[[77.7973375397734,11.332606635281412],[77.79715787671657,11.332426972224587],[77.7973375397734,11.332426972224587],[77.7973375397734,11.332606635281412]]]},"properties":{"transition":21,"ndbi_d":-0.31434639445386636,"vv_d":4.969675673364399,"area_ha":3.052342181439712}},{"type":"Feature","geometry":{"geodesic":false,"type":"Polygon","coordinates":[[[77.7154111858617,11.394051400715187],[77.71559084891851,11.392793759317419],[77.71523152280487,11.393153085431067],[77.71415354446393,11.393153085431067],[77.71433320752075,11.393692074601539],[77.71361455529345,11.393153085431067],[77.71487219669122,11.392614096260596],[77.71487219669122,11.391715780976476],[77.71523152280487,11.392614096260596],[77.71577051197534,11.392614096260596],[77.71577051197534,11.392254770146948],[77.71738747948676,11.392434433203771],[77.71720781642993,11.392973422374244],[77.71648916420263,11.392973422374244],[77.71666882725945,11.393332748487891],[77.71630950114582,11.393692074601539],[77.71559084891851,11.393512411544714],[77.7154111858617,11.394051400715187]],[[77.71505185974804,11.392973422374244],[77.71487219669122,11.392793759317419],[77.71505185974804,11.392793759317419],[77.71505185974804,11.392973422374244]],[[77.71630950114582,11.392973422374244],[77.71612983808899,11.392793759317419],[77.71630950114582,11.392793759317419],[77.71630950114582,11.392973422374244]],[[77.71630950114582,11.393332748487891],[77.71595017503216,11.393332748487891],[77.71595017503216,11.392973422374244],[77.71630950114582,11.393332748487891]]]},"properties":{"transition":21,"ndbi_d":-0.23382152110720292,"vv_d":2.7655844724131793,"area_ha":3.0516886131243037}},{"type":"Feature","geometry":{"geodesic":false,"type":"Polygon","coordinates":[[[77.46280492796728,11.42603142482984],[77.46244560185363,11.425133109545722],[77.46352358019458,11.424414457318427],[77.46352358019458,11.424055131204778],[77.46316425408092,11.423875468147955],[77.46298459102411,11.424234794261602],[77.46298459102411,11.423875468147955],[77.46244560185363,11.423875468147955],[77.4637032432514,11.42369580509113],[77.46388290630823,11.424414457318427],[77.46334391713775,11.424773783432075],[77.46388290630823,11.424953446488898],[77.4637032432514,11.42459412037525],[77.4644218954787,11.42459412037525],[77.4644218954787,11.425312772602545],[77.46388290630823,11.425672098716193],[77.46406256936505,11.42603142482984],[77.46316425408092,11.426570414000313],[77.46334391713775,11.42603142482984],[77.46280492796728,11.42603142482984]],[[77.46388290630823,11.425672098716193],[77.4637032432514,11.425312772602545],[77.46406256936505,11.425312772602545],[77.46388290630823,11.425672098716193]],[[77.46316425408092,11.425851761773018],[77.46334391713775,11.425672098716193],[77.46334391713775,11.425851761773018],[77.46316425408092,11.425851761773018]]]},"properties":{"transition":31,"ndbi_d":-0.27547347856064636,"vv_d":2.126312562350295,"area_ha":3.0513420412459467}},{"type":"Feature","geometry":{"geodesic":false,"type":"MultiPolygon","coordinates":[[[[77.45957099294445,11.15995043767364],[77.45957099294445,11.160489426844112],[77.45903200377398,11.160669089900935],[77.45957099294445,11.15995043767364]]],[[[77.46046930822858,11.15761481793493],[77.46028964517176,11.157255491821282],[77.4606489712854,11.157255491821282],[77.46046930822858,11.156896165707634],[77.46100829739905,11.156896165707634],[77.4613676235127,11.15761481793493],[77.46046930822858,11.15761481793493]]],[[[77.46046930822858,11.15761481793493],[77.4606489712854,11.158153807105402],[77.46028964517176,11.158333470162225],[77.46028964517176,11.159231785446345],[77.4599303190581,11.158872459332697],[77.45957099294445,11.15905212238952],[77.45975065600128,11.15995043767364],[77.46046930822858,11.159411448503167],[77.46010998211493,11.15995043767364],[77.46046930822858,11.160489426844112],[77.45957099294445,11.15995043767364],[77.45921166683081,11.158333470162225],[77.45975065600128,11.157974144048577],[77.45957099294445,11.156896165707634],[77.4599303190581,11.157974144048577],[77.46046930822858,11.15761481793493]],[[77.4599303190581,11.158333470162225],[77.46010998211493,11.158333470162225],[77.46010998211493,11.15851313321905],[77.4599303190581,11.158333470162225]]]]},"properties":{"transition":52,"ndbi_d":-0.03203706332110473,"vv_d":-0.2020615399835516,"area_ha":3.0150216814885424}},{"type":"Feature","geometry":{"geodesic":false,"type":"GeometryCollection","geometries":[{"type":"LineString","coordinates":[[77.66223092104183,11.169472579685307],[77.66241058409864,11.169472579685307]]},{"type":"Polygon","coordinates":[[[77.66151226881452,11.168753927458011],[77.66187159492817,11.168753927458011],[77.66169193187135,11.168394601344364],[77.66241058409864,11.168574264401187],[77.66259024715546,11.168214938287539],[77.66276991021229,11.168753927458011],[77.66348856243958,11.168574264401187],[77.66330889938277,11.168933590514834],[77.662051257985,11.168933590514834],[77.662051257985,11.169472579685307],[77.66223092104183,11.169472579685307],[77.66241058409864,11.169652242742131],[77.66241058409864,11.169472579685307],[77.66259024715546,11.169472579685307],[77.66276991021229,11.169113253571659],[77.66259024715546,11.169831905798954],[77.66312923632594,11.170191231912602],[77.66187159492817,11.170191231912602],[77.66169193187135,11.17055055802625],[77.66097327964405,11.17055055802625],[77.6613326057577,11.169292916628484],[77.66079361658723,11.169472579685307],[77.6613326057577,11.168214938287539],[77.66151226881452,11.168753927458011]],[[77.662051257985,11.169472579685307],[77.662051257985,11.169831905798954],[77.66151226881452,11.169472579685307],[77.662051257985,11.169472579685307]],[[77.66241058409864,11.168574264401187],[77.66259024715546,11.168574264401187],[77.66259024715546,11.168753927458011],[77.66241058409864,11.168574264401187]],[[77.6613326057577,11.170011568855779],[77.66151226881452,11.170011568855779],[77.66151226881452,11.170191231912602],[77.6613326057577,11.170011568855779]],[[77.66169193187135,11.169113253571659],[77.66187159492817,11.169113253571659],[77.66187159492817,11.169292916628484],[77.66169193187135,11.169113253571659]],[[77.66151226881452,11.168933590514834],[77.6613326057577,11.168753927458011],[77.66151226881452,11.168753927458011],[77.66151226881452,11.168933590514834]],[[77.66169193187135,11.169113253571659],[77.66151226881452,11.168933590514834],[77.66169193187135,11.168933590514834],[77.66169193187135,11.169113253571659]]]}]},"properties":{"transition":52,"ndbi_d":-0.050242343339948106,"vv_d":0.21593056408285013,"area_ha":3.014909603307813}},{"type":"Feature","geometry":{"geodesic":false,"type":"MultiPolygon","coordinates":[[[[77.61426088486984,11.215825648345874],[77.61390155875618,11.21474767000493],[77.61426088486984,11.21564598528905],[77.61569818932443,11.215286659175403],[77.6155185262676,11.215825648345874],[77.61426088486984,11.215825648345874]]],[[[77.61408122181301,11.216184974459521],[77.61372189569937,11.216005311402698],[77.61372189569937,11.21564598528905],[77.61426088486984,11.215825648345874],[77.61515920015395,11.216184974459521],[77.61515920015395,11.21654430057317],[77.61479987404032,11.216364637516346],[77.61479987404032,11.217262952800466],[77.61390155875618,11.217801941970936],[77.61408122181301,11.217442615857289],[77.61354223264254,11.217083289743641],[77.61354223264254,11.217622278914114],[77.61318290652889,11.217442615857289],[77.61282358041525,11.216723963629994],[77.61318290652889,11.21654430057317],[77.61282358041525,11.216364637516346],[77.61354223264254,11.216184974459521],[77.61336256958572,11.21654430057317],[77.61372189569937,11.21654430057317],[77.61372189569937,11.216184974459521],[77.61408122181301,11.216184974459521]],[[77.61408122181301,11.216184974459521],[77.61462021098349,11.216184974459521],[77.61462021098349,11.216723963629994],[77.61408122181301,11.216723963629994],[77.61408122181301,11.216184974459521]],[[77.61426088486984,11.217083289743641],[77.61444054792666,11.217083289743641],[77.61444054792666,11.217262952800466],[77.61426088486984,11.217083289743641]],[[77.61444054792666,11.216903626686818],[77.61462021098349,11.216903626686818],[77.61462021098349,11.217083289743641],[77.61444054792666,11.216903626686818]],[[77.61390155875618,11.217083289743641],[77.61354223264254,11.216903626686818],[77.61390155875618,11.216903626686818],[77.61390155875618,11.217083289743641]],[[77.61390155875618,11.217083289743641],[77.61408122181301,11.217083289743641],[77.61408122181301,11.217262952800466],[77.61390155875618,11.217083289743641]]]]},"properties":{"transition":52,"ndbi_d":-0.05818265357263411,"vv_d":1.8927806133540048,"area_ha":3.0144187671626868}},{"type":"Feature","geometry":{"geodesic":false,"type":"Polygon","coordinates":[[[77.79697821365974,11.399620955476728],[77.79697821365974,11.398902303249432],[77.79769686588703,11.398902303249432],[77.79751720283022,11.398542977135785],[77.79787652894386,11.398183651022137],[77.79715787671657,11.39782432490849],[77.79715787671657,11.39836331407896],[77.79625956143245,11.398542977135785],[77.79572057226197,11.39836331407896],[77.79554090920516,11.39782432490849],[77.79607989837562,11.398183651022137],[77.79625956143245,11.39782432490849],[77.79679855060292,11.398003987965312],[77.79697821365974,11.397285335738017],[77.79805619200069,11.397105672681192],[77.79823585505751,11.396207357397074],[77.79805619200069,11.39926162936308],[77.79769686588703,11.399081966306255],[77.79697821365974,11.399620955476728]]]},"properties":{"transition":54,"ndbi_d":0.24636277232270737,"vv_d":-4.507975081751918,"area_ha":3.01250908922594}},{"type":"Feature","geometry":{"geodesic":false,"type":"MultiPolygon","coordinates":[[[[77.74164199215798,11.232713975687322],[77.74200131827163,11.233252964857792],[77.7425403074421,11.233252964857792],[77.74200131827163,11.233432627914617],[77.74146232910117,11.23307330180097],[77.74164199215798,11.232713975687322]]],[[[77.74236064438529,11.232713975687322],[77.74218098132846,11.23307330180097],[77.74218098132846,11.232713975687322],[77.74164199215798,11.232713975687322],[77.7418216552148,11.232354649573674],[77.74128266604434,11.231815660403202],[77.74164199215798,11.231815660403202],[77.74146232910117,11.23127667123273],[77.74361828578304,11.23127667123273],[77.74379794883987,11.231815660403202],[77.74289963355575,11.231456334289554],[77.74307929661258,11.231815660403202],[77.74271997049892,11.231995323460026],[77.74271997049892,11.232534312630497],[77.74307929661258,11.232893638744144],[77.74271997049892,11.232713975687322],[77.7425403074421,11.23307330180097],[77.74236064438529,11.232713975687322]],[[77.74236064438529,11.232713975687322],[77.74218098132846,11.232534312630497],[77.74236064438529,11.232534312630497],[77.74236064438529,11.232713975687322]]]]},"properties":{"transition":21,"ndbi_d":-0.198380674449972,"vv_d":2.172610741466687,"area_ha":2.9751097666906268}},{"type":"Feature","geometry":{"geodesic":false,"type":"MultiPolygon","coordinates":[[[[77.7549610134402,11.168238893364776],[77.75511672141978,11.168394601344364],[77.75511672141978,11.168257211944798],[77.75781166727214,11.168574264401187],[77.75691335198802,11.168753927458011],[77.75709301504484,11.169113253571659],[77.75619469976073,11.169472579685307],[77.75619469976073,11.168933590514834],[77.75565571059025,11.168933590514834],[77.75565571059025,11.168574264401187],[77.75511672141978,11.169113253571659],[77.7545777322493,11.168214938287539],[77.75367941696518,11.168214938287539],[77.75421840613566,11.167136959946596],[77.75475739530613,11.168214938287539],[77.7549610134402,11.168238893364776]]],[[[77.75511672141978,11.168257211944798],[77.7549610134402,11.168238893364776],[77.75493705836296,11.168214938287539],[77.75511672141978,11.168214938287539],[77.75511672141978,11.168257211944798]]]]},"properties":{"transition":21,"ndbi_d":-0.1717412125210588,"vv_d":1.05209150539439,"area_ha":2.9366091675542383}},{"type":"Feature","geometry":{"geodesic":false,"type":"Polygon","coordinates":[[[77.5080800182869,11.437350197409748],[77.50610372466184,11.436811208239275],[77.50664271383232,11.436811208239275],[77.50682237688913,11.436272219068805],[77.50718170300279,11.436811208239275],[77.50772069217325,11.436631545182452],[77.50736136605961,11.436451882125628],[77.50754102911644,11.43609255601198],[77.50700203994596,11.435912892955157],[77.50700203994596,11.435373903784685],[77.5064630507755,11.43519424072786],[77.50700203994596,11.43519424072786],[77.50682237688913,11.43465525155739],[77.50718170300279,11.434475588500565],[77.50772069217325,11.43465525155739],[77.50772069217325,11.435373903784685],[77.5080800182869,11.43555356684151],[77.50754102911644,11.43555356684151],[77.50754102911644,11.435912892955157],[77.50825968134373,11.435912892955157],[77.50825968134373,11.436272219068805],[77.50790035523008,11.436272219068805],[77.5080800182869,11.437350197409748]],[[77.50754102911644,11.435373903784685],[77.50718170300279,11.43519424072786],[77.50754102911644,11.43519424072786],[77.50754102911644,11.435373903784685]]]},"properties":{"transition":21,"ndbi_d":-0.1942459974003335,"vv_d":4.7769870730360555,"area_ha":2.9338698805842225}},{"type":"Feature","geometry":{"geodesic":false,"type":"MultiPolygon","coordinates":[[[[77.47663898334272,11.15168593705974],[77.47699830945638,11.15168593705974],[77.47699830945638,11.152045263173388],[77.47663898334272,11.152045263173388],[77.47663898334272,11.15168593705974]]],[[[77.47663898334272,11.152045263173388],[77.47681864639955,11.152404589287036],[77.47609999417226,11.152045263173388],[77.4757406680586,11.15258425234386],[77.4757406680586,11.153662230684803],[77.47609999417226,11.153302904571156],[77.47627965722909,11.153841893741626],[77.47529151041655,11.153662230684803],[77.47556100500178,11.153662230684803],[77.47538134194495,11.153302904571156],[77.47520916484584,11.153647258760406],[77.47430336360402,11.153482567627979],[77.47430336360402,11.153841893741626],[77.47376437443354,11.154021556798451],[77.47394403749037,11.153482567627979],[77.47358471137672,11.153302904571156],[77.4741237005472,11.153482567627979],[77.47448302666083,11.152763915400683],[77.47556100500178,11.152763915400683],[77.47484235277449,11.15258425234386],[77.47484235277449,11.152224926230213],[77.47556100500178,11.152404589287036],[77.47538134194495,11.151865600116563],[77.47466268971766,11.151865600116563],[77.47538134194495,11.15168593705974],[77.47556100500178,11.152224926230213],[77.47592033111543,11.152224926230213],[77.4757406680586,11.15168593705974],[77.47663898334272,11.152045263173388]],[[77.47502201583131,11.153302904571156],[77.47520167888814,11.153302904571156],[77.47520167888814,11.153482567627979],[77.47502201583131,11.153302904571156]],[[77.47502201583131,11.153302904571156],[77.47448302666083,11.153123241514331],[77.47502201583131,11.153123241514331],[77.47502201583131,11.153302904571156]]],[[[77.47520916484584,11.153647258760406],[77.47529151041655,11.153662230684803],[77.47520167888814,11.153662230684803],[77.47520916484584,11.153647258760406]]]]},"properties":{"transition":52,"ndbi_d":-0.043974141042830574,"vv_d":0.9301302200902447,"area_ha":2.8976103591990703}},{"type":"Feature","geometry":{"geodesic":false,"type":"MultiPolygon","coordinates":[[[[77.54616858633358,11.169831905798954],[77.5456295971631,11.168753927458011],[77.54616858633358,11.168753927458011],[77.54616858633358,11.169831905798954]]],[[[77.54616858633358,11.169831905798954],[77.5463482493904,11.169472579685307],[77.5470669016177,11.169472579685307],[77.5470669016177,11.169831905798954],[77.54778555384499,11.169652242742131],[77.54670757550404,11.17055055802625],[77.54670757550404,11.170909884139899],[77.5470669016177,11.17055055802625],[77.54742622773135,11.170730221083074],[77.54760589078816,11.170191231912602],[77.54760589078816,11.17144887331037],[77.54742622773135,11.171089547196722],[77.54670757550404,11.171089547196722],[77.54616858633358,11.171628536367194],[77.54580926021993,11.170730221083074],[77.54616858633358,11.170730221083074],[77.54616858633358,11.169831905798954]],[[77.54652791244723,11.169831905798954],[77.54688723856087,11.169831905798954],[77.54688723856087,11.170011568855779],[77.54652791244723,11.169831905798954]],[[77.54652791244723,11.170370894969427],[77.5463482493904,11.170191231912602],[77.54652791244723,11.170191231912602],[77.54652791244723,11.170370894969427]],[[77.54670757550404,11.17055055802625],[77.54652791244723,11.170370894969427],[77.54670757550404,11.170370894969427],[77.54670757550404,11.17055055802625]]]]},"properties":{"transition":52,"ndbi_d":-0.01963610237780321,"vv_d":-0.4175414527924629,"area_ha":2.8974354397787416}},{"type":"Feature","geometry":{"geodesic":false,"type":"MultiPolygon","coordinates":[[[[77.53197520484449,11.22714442092578],[77.53269385707179,11.22714442092578],[77.53251419401496,11.227503747039428],[77.5328735201286,11.227503747039428],[77.5328735201286,11.227863073153076],[77.53161587873085,11.228222399266723],[77.53143621567402,11.227863073153076],[77.53197520484449,11.2280427362099],[77.53197520484449,11.22714442092578]]],[[[77.53197520484449,11.22714442092578],[77.53197520484449,11.226425768698485],[77.53161587873085,11.226066442584838],[77.53143621567402,11.226425768698485],[77.53143621567402,11.22534779035754],[77.53215486790131,11.224988464243893],[77.53251419401496,11.22534779035754],[77.53161587873085,11.22534779035754],[77.53233453095814,11.225527453414365],[77.53179554178766,11.226066442584838],[77.53269385707179,11.22624610564166],[77.53323284624226,11.225886779528013],[77.53305318318543,11.226425768698485],[77.53341250929908,11.22624610564166],[77.53413116152637,11.226964757868956],[77.53341250929908,11.226785094812133],[77.5328735201286,11.22714442092578],[77.53305318318543,11.226605431755308],[77.53251419401496,11.226425768698485],[77.53197520484449,11.22714442092578]]]]},"properties":{"transition":52,"ndbi_d":-0.0261349571700447,"vv_d":0.7036210295496246,"area_ha":2.896871641447157}},{"type":"Feature","geometry":{"geodesic":false,"type":"Polygon","coordinates":[[[77.66546485606465,11.234330943198735],[77.6643868777237,11.233432627914617],[77.66402755161005,11.233971617085087],[77.66402755161005,11.233432627914617],[77.6643868777237,11.232893638744144],[77.66474620383735,11.232893638744144],[77.66456654078053,11.233432627914617],[77.66528519300782,11.23307330180097],[77.66564451912147,11.231456334289554],[77.66510552995099,11.231456334289554],[77.66492586689418,11.23217498651685],[77.66474620383735,11.231815660403202],[77.66528519300782,11.231097008175905],[77.6658241821783,11.231097008175905],[77.66618350829194,11.23127667123273],[77.6658241821783,11.231635997346377],[77.6658241821783,11.232534312630497],[77.66726148663288,11.232534312630497],[77.66654283440559,11.23271397568732],[77.66672249746242,11.233432627914617],[77.66636317134876,11.232893638744144],[77.66564451912147,11.232893638744144],[77.66528519300782,11.233791954028264],[77.66546485606465,11.234330943198735]],[[77.6658241821783,11.231456334289554],[77.66564451912147,11.23127667123273],[77.6658241821783,11.23127667123273],[77.6658241821783,11.231456334289554]],[[77.6658241821783,11.23271397568732],[77.66564451912147,11.232534312630497],[77.6658241821783,11.232534312630497],[77.6658241821783,11.23271397568732]],[[77.66528519300782,11.233791954028264],[77.66510552995099,11.23361229097144],[77.66528519300782,11.23361229097144],[77.66528519300782,11.233791954028264]]]},"properties":{"transition":21,"ndbi_d":-0.22019305113212181,"vv_d":3.0987985082535827,"area_ha":2.896811420064077}},{"type":"Feature","geometry":{"geodesic":false,"type":"MultiPolygon","coordinates":[[[[77.70926670931831,11.422977152863837],[77.70912297887286,11.423336478977484],[77.70984163110015,11.423695805091132],[77.70930264192968,11.424414457318427],[77.70858398970239,11.424414457318427],[77.70840432664556,11.422977152863837],[77.70926670931831,11.422977152863837]],[[77.70876365275922,11.423695805091132],[77.70948230498651,11.423695805091132],[77.70948230498651,11.423875468147955],[77.70876365275922,11.423695805091132]]],[[[77.70930264192968,11.422887321335423],[77.70930264192968,11.422977152863837],[77.70926670931831,11.422977152863837],[77.70930264192968,11.422887321335423]]],[[[77.71091960944109,11.422438163693364],[77.70948230498651,11.422438163693364],[77.70930264192968,11.422887321335423],[77.70930264192968,11.421899174522892],[77.70966196804333,11.42225850063654],[77.70984163110015,11.421899174522892],[77.71038062027063,11.421899174522892],[77.71038062027063,11.421180522295597],[77.71073994638428,11.421180522295597],[77.71091960944109,11.421719511466069],[77.71056028332745,11.42225850063654],[77.71127893555474,11.422078837579717],[77.71127893555474,11.422438163693364],[77.71091960944109,11.422438163693364]],[[77.71091960944109,11.422438163693364],[77.71073994638428,11.42225850063654],[77.71091960944109,11.42225850063654],[77.71091960944109,11.422438163693364]]]]},"properties":{"transition":21,"ndbi_d":-0.1548183705198352,"vv_d":1.3445723373827467,"area_ha":2.8948860968903145}},{"type":"Feature","geometry":{"geodesic":false,"type":"Polygon","coordinates":[[[77.74649289469222,11.433397610159622],[77.74649289469222,11.43285862098915],[77.7455945794081,11.433397610159622],[77.74577424246493,11.433038284045974],[77.74523525329445,11.43285862098915],[77.74505559023764,11.431960305705031],[77.74613356857857,11.431600979591382],[77.74613356857857,11.431061990420911],[77.74685222080588,11.430882327364086],[77.74649289469222,11.431241653477734],[77.74685222080588,11.431241653477734],[77.74667255774905,11.432319631818679],[77.7470318838627,11.432499294875502],[77.74649289469222,11.432678957932326],[77.74685222080588,11.433038284045974],[77.74649289469222,11.433397610159622]],[[77.74649289469222,11.431780642648206],[77.7463132316354,11.431600979591382],[77.74649289469222,11.431600979591382],[77.74649289469222,11.431780642648206]],[[77.74541491635128,11.432139968761854],[77.74523525329445,11.431960305705031],[77.74541491635128,11.431960305705031],[77.74541491635128,11.432139968761854]],[[77.74613356857857,11.432139968761854],[77.74595390552176,11.431960305705031],[77.74613356857857,11.431960305705031],[77.74613356857857,11.432139968761854]]]},"properties":{"transition":24,"ndbi_d":0.031556047929444574,"vv_d":1.083628072716566,"area_ha":2.8947902932942906}},{"type":"Feature","geometry":{"geodesic":false,"type":"Polygon","coordinates":[[[77.53035823733308,11.202710245197729],[77.53053790038989,11.20235091908408],[77.52999891121942,11.202530582140904],[77.52999891121942,11.200194962402193],[77.53071756344671,11.20001529934537],[77.53107688956037,11.200374625459018],[77.53107688956037,11.20235091908408],[77.53035823733308,11.202710245197729]],[[77.53035823733308,11.200733951572666],[77.53017857427625,11.200554288515841],[77.53035823733308,11.200554288515841],[77.53035823733308,11.200733951572666]]]},"properties":{"transition":54,"ndbi_d":0.03020467404244238,"vv_d":0.38821321522379154,"area_ha":2.857975362373871}},{"type":"Feature","geometry":{"geodesic":false,"type":"Polygon","coordinates":[[[77.45274379678514,11.237385215164743],[77.45184548150102,11.237205552107918],[77.45148615538737,11.23684622599427],[77.4516658184442,11.236486899880623],[77.45112682927373,11.236127573766975],[77.45148615538737,11.235229258482855],[77.45220480761468,11.234690269312383],[77.45238447067149,11.235049595426032],[77.4531031228988,11.234869932369207],[77.45292345984197,11.235588584596503],[77.45202514455785,11.23594791071015],[77.45292345984197,11.237205552107918],[77.45274379678514,11.237385215164743]],[[77.45220480761468,11.236666562937446],[77.45184548150102,11.236486899880623],[77.45220480761468,11.236486899880623],[77.45220480761468,11.236666562937446]],[[77.45220480761468,11.237025889051095],[77.45202514455785,11.23684622599427],[77.45220480761468,11.23684622599427],[77.45220480761468,11.237025889051095]]]},"properties":{"transition":52,"ndbi_d":-0.07869915619543562,"vv_d":1.2588376606989016,"area_ha":2.8576333011177066}},{"type":"Feature","geometry":{"geodesic":false,"type":"Polygon","coordinates":[[[77.60563705814228,11.377702062544211],[77.6058167211991,11.377342736430563],[77.60527773202864,11.377342736430563],[77.60509806897181,11.376624084203268],[77.6041997536877,11.376085095032796],[77.60437941674452,11.375725768919148],[77.60384042757404,11.375546105862325],[77.60527773202864,11.375725768919148],[77.60545739508547,11.375186779748677],[77.60635571036958,11.375546105862325],[77.6058167211991,11.375725768919148],[77.60617604731276,11.376444421146443],[77.6058167211991,11.376803747260091],[77.60617604731276,11.376983410316916],[77.60563705814228,11.376983410316916],[77.60599638425593,11.377342736430563],[77.60563705814228,11.377702062544211]],[[77.60491840591499,11.37626475808962],[77.60455907980135,11.37626475808962],[77.60455907980135,11.375725768919148],[77.60491840591499,11.375725768919148],[77.60491840591499,11.37626475808962]],[[77.60527773202864,11.376444421146443],[77.60509806897181,11.375905431975973],[77.60527773202864,11.375905431975973],[77.60527773202864,11.376444421146443]]]},"properties":{"transition":21,"ndbi_d":-0.16208072703320545,"vv_d":1.2953261088318238,"area_ha":2.856234202669535}},{"type":"Feature","geometry":{"geodesic":false,"type":"Polygon","coordinates":[[[77.79607989837562,11.261100738665498],[77.79572057226197,11.26074141255185],[77.79572057226197,11.25984309726773],[77.79482225697785,11.260022760324555],[77.79482225697785,11.259663434210907],[77.79572057226197,11.259663434210907],[77.79607989837562,11.259124445040435],[77.79661888754609,11.259124445040435],[77.79679855060292,11.258585455869962],[77.7973375397734,11.258765118926787],[77.7973375397734,11.258226129756315],[77.79787652894386,11.25840579281314],[77.79769686588703,11.258046466699492],[77.79823585505751,11.258046466699492],[77.79823585505751,11.25894478198361],[77.79787652894386,11.258765118926787],[77.79787652894386,11.259124445040435],[77.7973375397734,11.259304108097258],[77.7973375397734,11.25984309726773],[77.79679855060292,11.259304108097258],[77.79607989837562,11.259304108097258],[77.79643922448928,11.260202423381378],[77.79643922448928,11.260921075608673],[77.79607989837562,11.261100738665498]],[[77.79787652894386,11.258765118926787],[77.79751720283022,11.258585455869962],[77.79787652894386,11.258585455869962],[77.79787652894386,11.258765118926787]],[[77.79715787671657,11.259124445040435],[77.79679855060292,11.259124445040435],[77.79679855060292,11.258765118926787],[77.79715787671657,11.258765118926787],[77.79715787671657,11.259124445040435]],[[77.7959002353188,11.25984309726773],[77.79572057226197,11.259663434210907],[77.7959002353188,11.259663434210907],[77.7959002353188,11.25984309726773]]]},"properties":{"transition":1,"ndbi_d":0.04343105158639244,"vv_d":2.34518822547705,"area_ha":2.818257224526758}},{"type":"Feature","geometry":{"geodesic":false,"type":"Polygon","coordinates":[[[77.63186786443858,11.329193037201756],[77.63096954915446,11.329013374144933],[77.63078988609763,11.328115058860813],[77.63043055998398,11.328115058860813],[77.6306102230408,11.327216743576694],[77.63186786443858,11.327216743576694],[77.63186786443858,11.327576069690341],[77.63150853832492,11.327576069690341],[77.63222719055223,11.32793539580399],[77.63222719055223,11.328833711088109],[77.63186786443858,11.329193037201756]],[[77.6313288752681,11.327576069690341],[77.63078988609763,11.327396406633518],[77.6313288752681,11.327396406633518],[77.6313288752681,11.327576069690341]],[[77.6313288752681,11.328833711088109],[77.63114921221128,11.328654048031286],[77.6313288752681,11.328654048031286],[77.6313288752681,11.328833711088109]]]},"properties":{"transition":21,"ndbi_d":-0.25867689504391617,"vv_d":3.012043774497054,"area_ha":2.8175818696155672}},{"type":"Feature","geometry":{"geodesic":false,"type":"GeometryCollection","geometries":[{"type":"LineString","coordinates":[[77.78925270221632,11.350213614850155],[77.78925270221632,11.349315299566035]]},{"type":"Polygon","coordinates":[[[77.78853404998902,11.348416984281915],[77.78871371304585,11.348057658168267],[77.78907303915949,11.348237321225092],[77.78907303915949,11.348776310395563],[77.78943236527314,11.348776310395563],[77.79033068055726,11.348416984281915],[77.79051034361409,11.34769833205462],[77.79176798501186,11.348057658168267],[77.79122899584138,11.34859664733874],[77.79104933278455,11.348237321225092],[77.79051034361409,11.348237321225092],[77.79051034361409,11.34859664733874],[77.79086966972774,11.34859664733874],[77.79051034361409,11.349674625679683],[77.78961202832997,11.349315299566035],[77.78997135444362,11.349315299566035],[77.78997135444362,11.348955973452387],[77.78925270221632,11.348955973452387],[77.78925270221632,11.349315299566035],[77.78889337610268,11.349315299566035],[77.78853404998902,11.348416984281915]],[[77.79015101750043,11.34859664733874],[77.79051034361409,11.348955973452387],[77.79033068055726,11.349315299566035],[77.79015101750043,11.34859664733874]]]}]},"properties":{"transition":31,"ndbi_d":-0.11493823248504971,"vv_d":0.9184767892739772,"area_ha":2.8173797998155665}},{"type":"Feature","geometry":{"geodesic":false,"type":"Polygon","coordinates":[[[77.74577424246493,11.356142495725344],[77.74523525329445,11.355064517384399],[77.7463132316354,11.353627212929808],[77.74685222080588,11.353986539043456],[77.74685222080588,11.354884854327576],[77.74649289469222,11.355064517384399],[77.7463132316354,11.355962832668519],[77.74577424246493,11.356142495725344]],[[77.7463132316354,11.354884854327576],[77.74613356857857,11.354705191270751],[77.7463132316354,11.354705191270751],[77.7463132316354,11.354884854327576]]]},"properties":{"transition":1,"ndbi_d":0.021626608225940598,"vv_d":1.4901709583275133,"area_ha":2.817319129986839}},{"type":"Feature","geometry":{"geodesic":false,"type":"Polygon","coordinates":[[[77.74846918831729,11.157794480991752],[77.74793019914682,11.157794480991752],[77.74757087303317,11.15725549182128],[77.74685222080588,11.15725549182128],[77.74685222080588,11.156536839593985],[77.7463132316354,11.157075828764457],[77.74649289469222,11.156177513480337],[77.74613356857857,11.156536839593985],[77.7455945794081,11.155638524309866],[77.74523525329445,11.155638524309866],[77.74541491635128,11.15491987208257],[77.74577424246493,11.155099535139394],[77.74577424246493,11.15581818736669],[77.7470318838627,11.156357176537162],[77.74775053609,11.156177513480337],[77.74775053609,11.15725549182128],[77.74828952526046,11.15671650265081],[77.74793019914682,11.156357176537162],[77.74846918831729,11.156357176537162],[77.74828952526046,11.15725549182128],[77.74793019914682,11.15725549182128],[77.74828952526046,11.15761481793493],[77.74864885137411,11.157075828764457],[77.74882851443094,11.157435154878105],[77.74846918831729,11.157794480991752]],[[77.74739120997634,11.157075828764457],[77.74721154691952,11.156896165707632],[77.74739120997634,11.156896165707632],[77.74739120997634,11.157075828764457]]]},"properties":{"transition":21,"ndbi_d":-0.2110921263229102,"vv_d":1.425230098592519,"area_ha":2.7801038817967023}},{"type":"Feature","geometry":{"geodesic":false,"type":"Polygon","coordinates":[[[77.76517785260191,11.158872459332695],[77.76499818954508,11.158333470162225],[77.76338122203367,11.158513133219047],[77.76338122203367,11.1581538071054],[77.76427953731779,11.1581538071054],[77.7635608850905,11.15761481793493],[77.76266256980638,11.157974144048577],[77.76302189592002,11.15761481793493],[77.7628422328632,11.157075828764457],[77.76463886343144,11.156896165707632],[77.76517785260191,11.156357176537162],[77.76463886343144,11.157075828764457],[77.76392021120414,11.157075828764457],[77.76392021120414,11.157435154878105],[77.76481852648827,11.157435154878105],[77.76571684177239,11.158513133219047],[77.76517785260191,11.158872459332695]],[[77.76481852648827,11.1581538071054],[77.76445920037462,11.157794480991752],[77.76499818954508,11.157794480991752],[77.76481852648827,11.1581538071054]],[[77.76517785260191,11.158333470162225],[77.76499818954508,11.1581538071054],[77.76517785260191,11.1581538071054],[77.76517785260191,11.158333470162225]]]},"properties":{"transition":31,"ndbi_d":-0.08450462712093033,"vv_d":0.7484015631542397,"area_ha":2.7800921233218125}},{"type":"Feature","geometry":{"geodesic":false,"type":"Polygon","coordinates":[[[77.74882851443094,11.431600979591382],[77.74900817748777,11.432678957932326],[77.74954716665823,11.43285862098915],[77.74954716665823,11.433397610159622],[77.74990649277188,11.433217947102797],[77.74972682971506,11.433936599330094],[77.74864885137411,11.433936599330094],[77.74882851443094,11.433577273216445],[77.74828952526046,11.433577273216445],[77.74846918831729,11.432678957932326],[77.74793019914682,11.432499294875502],[77.74828952526046,11.431960305705031],[77.74793019914682,11.431960305705031],[77.74793019914682,11.431600979591382],[77.74846918831729,11.431780642648206],[77.74846918831729,11.431241653477734],[77.74882851443094,11.431061990420911],[77.74882851443094,11.431600979591382]],[[77.74864885137411,11.432139968761854],[77.74882851443094,11.431960305705031],[77.74882851443094,11.432139968761854],[77.74864885137411,11.432139968761854]]]},"properties":{"transition":24,"ndbi_d":0.01739991888052187,"vv_d":0.35791401084694285,"area_ha":2.77742858949232}},{"type":"Feature","geometry":{"geodesic":false,"type":"Polygon","coordinates":[[[77.59108435053955,11.251039607483358],[77.59108435053955,11.25068028136971],[77.59054536136908,11.250859944426535],[77.59036569831225,11.250500618312888],[77.5900063721986,11.251039607483358],[77.58946738302814,11.25068028136971],[77.58928771997131,11.251039607483358],[77.58874873080084,11.250859944426535],[77.58928771997131,11.250500618312888],[77.58946738302814,11.24978196608559],[77.59036569831225,11.249961629142415],[77.58946738302814,11.24924297691512],[77.59072502442591,11.249961629142415],[77.59108435053955,11.249602303028768],[77.5914436766532,11.250320955256063],[77.59108435053955,11.251039607483358]],[[77.59054536136908,11.250500618312888],[77.59036569831225,11.250320955256063],[77.59054536136908,11.250320955256063],[77.59054536136908,11.250500618312888]]]},"properties":{"transition":54,"ndbi_d":-0.014622703666931816,"vv_d":0.23091510072264906,"area_ha":2.7400593533587627}},{"type":"Feature","geometry":{"geodesic":false,"type":"Polygon","coordinates":[[[77.79625956143245,11.337457537815657],[77.79643922448928,11.33673888558836],[77.7959002353188,11.336559222531537],[77.79625956143245,11.33619989641789],[77.7959002353188,11.336020233361065],[77.79697821365974,11.33619989641789],[77.7973375397734,11.335660907247417],[77.79787652894386,11.336020233361065],[77.7989545072848,11.336020233361065],[77.7989545072848,11.336918548645185],[77.79751720283022,11.336020233361065],[77.79751720283022,11.336918548645185],[77.79625956143245,11.337457537815657]],[[77.79643922448928,11.336559222531537],[77.79625956143245,11.336379559474713],[77.79643922448928,11.336379559474713],[77.79643922448928,11.336559222531537]]]},"properties":{"transition":21,"ndbi_d":-0.1623007478026141,"vv_d":2.427894713907125,"area_ha":2.739237203645169}},{"type":"Feature","geometry":{"geodesic":false,"type":"Polygon","coordinates":[[[77.77991022326148,11.344105070918141],[77.7808085385456,11.344105070918141],[77.7808085385456,11.344644060088614],[77.78026954937512,11.344644060088614],[77.78062887548877,11.345183049259086],[77.78008988631831,11.345183049259086],[77.77883224492054,11.344284733974966],[77.77883224492054,11.343386418690846],[77.77775426657959,11.343745744804494],[77.77739494046594,11.343206755634023],[77.77865258186371,11.343206755634023],[77.77901190797736,11.342488103406726],[77.77919157103418,11.343206755634023],[77.77955089714783,11.342667766463551],[77.779371234091,11.343386418690846],[77.77991022326148,11.344105070918141]],[[77.77991022326148,11.344105070918141],[77.78026954937512,11.344464397031789],[77.78008988631831,11.344823723145437],[77.779371234091,11.344464397031789],[77.77919157103418,11.343925407861319],[77.77973056020465,11.343925407861319],[77.77991022326148,11.344105070918141]]]},"properties":{"transition":31,"ndbi_d":-0.2964923713888441,"vv_d":0.8073534440578067,"area_ha":2.739166121532868}},{"type":"Feature","geometry":{"geodesic":false,"type":"MultiPolygon","coordinates":[[[[77.5756333276527,11.36243070271418],[77.5756333276527,11.362790028827828],[77.57509433848223,11.363149354941475],[77.57473501236858,11.362790028827828],[77.5749146754254,11.362251039657357],[77.5756333276527,11.36243070271418]]],[[[77.5756333276527,11.362790028827828],[77.57599265376635,11.362790028827828],[77.57635197987999,11.362251039657357],[77.5756333276527,11.36243070271418],[77.5756333276527,11.362071376600532],[77.5772502951641,11.361712050486885],[77.5770706321073,11.362071376600532],[77.57760962127776,11.362251039657357],[77.57742995822093,11.362969691884652],[77.57778928433459,11.363149354941475],[77.5770706321073,11.362969691884652],[77.5770706321073,11.3633290179983],[77.57635197987999,11.363508681055123],[77.57635197987999,11.363149354941475],[77.57599265376635,11.3633290179983],[77.5756333276527,11.362790028827828]],[[77.57599265376635,11.362790028827828],[77.57617231682318,11.362790028827828],[77.57617231682318,11.363149354941475],[77.57599265376635,11.362790028827828]],[[77.57635197987999,11.362969691884652],[77.57653164293681,11.362969691884652],[77.57653164293681,11.363149354941475],[77.57635197987999,11.362969691884652]],[[77.57653164293681,11.362071376600532],[77.57689096905047,11.361891713543708],[77.5772502951641,11.36243070271418],[77.57671130599364,11.36243070271418],[77.57671130599364,11.362790028827828],[77.57653164293681,11.362071376600532]]]]},"properties":{"transition":21,"ndbi_d":-0.28028332930989563,"vv_d":4.497591458113409,"area_ha":2.738985673744368}},{"type":"Feature","geometry":{"geodesic":false,"type":"MultiPolygon","coordinates":[[[[77.55353477166335,11.389020835124118],[77.55317544554971,11.389200498180942],[77.55317544554971,11.388841172067295],[77.55353477166335,11.389020835124118]]],[[[77.553894097777,11.388122519839998],[77.55353477166335,11.388302182896823],[77.55353477166335,11.387942856783175],[77.55317544554971,11.387942856783175],[77.55335510860654,11.388481845953645],[77.55299578249289,11.388481845953645],[77.55263645637923,11.388122519839998],[77.55317544554971,11.38722420455588],[77.553894097777,11.38722420455588],[77.553894097777,11.388122519839998]],[[77.55353477166335,11.387403867612703],[77.55371443472018,11.387403867612703],[77.55371443472018,11.38776319372635],[77.55353477166335,11.387403867612703]]],[[[77.5546127500043,11.388481845953645],[77.55425342389066,11.388122519839998],[77.55443308694748,11.38776319372635],[77.5553314022316,11.38776319372635],[77.55497207611795,11.388122519839998],[77.55515173917478,11.388481845953645],[77.5546127500043,11.388481845953645]]],[[[77.55353477166335,11.389020835124118],[77.553894097777,11.389200498180942],[77.553894097777,11.38866150901047],[77.553894097777,11.388122519839998],[77.55425342389066,11.388481845953645],[77.5546127500043,11.388481845953645],[77.55443308694748,11.389380161237765],[77.55353477166335,11.389380161237765],[77.55353477166335,11.389020835124118]],[[77.553894097777,11.38866150901047],[77.55443308694748,11.38866150901047],[77.55443308694748,11.388841172067295],[77.553894097777,11.38866150901047]]]]},"properties":{"transition":24,"ndbi_d":-0.037230959637755794,"vv_d":0.583130339542914,"area_ha":2.738739163119728}},{"type":"Feature","geometry":{"geodesic":false,"type":"Polygon","coordinates":[[[77.77757460352277,11.402675227442733],[77.77775426657959,11.403034553556381],[77.77703561435229,11.403214216613206],[77.77649662518182,11.40249556438591],[77.7755983098977,11.402854890499558],[77.7755983098977,11.402315901329086],[77.776316962125,11.402315901329086],[77.77613729906817,11.401956575215438],[77.77649662518182,11.401776912158615],[77.776316962125,11.402136238272263],[77.77703561435229,11.40249556438591],[77.77685595129546,11.402136238272263],[77.77721527740911,11.401956575215438],[77.77685595129546,11.401776912158615],[77.77721527740911,11.401776912158615],[77.77721527740911,11.401058259931318],[77.77811359269323,11.401058259931318],[77.7779339296364,11.401776912158615],[77.77829325575006,11.402315901329086],[77.77739494046594,11.402315901329086],[77.77757460352277,11.402675227442733]],[[77.77775426657959,11.40159724910179],[77.77739494046594,11.401417586044966],[77.77775426657959,11.401417586044966],[77.77775426657959,11.40159724910179]]]},"properties":{"transition":25,"ndbi_d":0.020510055856513127,"vv_d":0.3511403205904585,"area_ha":2.738604556189957}},{"type":"Feature","geometry":{"geodesic":false,"type":"Polygon","coordinates":[[[77.76320155897685,11.415790630590879],[77.7628422328632,11.415790630590879],[77.76302189592002,11.415071978363583],[77.76266256980638,11.415071978363583],[77.76266256980638,11.41399400002264],[77.76320155897685,11.41399400002264],[77.76302189592002,11.413455010852168],[77.76338122203367,11.413275347795345],[77.76338122203367,11.41399400002264],[77.76427953731779,11.41453298919311],[77.76409987426096,11.413455010852168],[77.76463886343144,11.413455010852168],[77.76427953731779,11.413634673908993],[77.76427953731779,11.41399400002264],[77.76463886343144,11.413814336965816],[77.76463886343144,11.414712652249936],[77.7635608850905,11.414712652249936],[77.76320155897685,11.415790630590879]]]},"properties":{"transition":25,"ndbi_d":0.017179014552052,"vv_d":-0.35340885691997165,"area_ha":2.7384866868630735}},{"type":"Feature","geometry":{"geodesic":false,"type":"Polygon","coordinates":[[[77.56934512066385,11.151865600116563],[77.56880613149339,11.15168593705974],[77.56880613149339,11.151326610946091],[77.56934512066385,11.151506274002916],[77.56916545760703,11.150967284832443],[77.56808747926608,11.15078762177562],[77.56844680537974,11.150068969548325],[77.57006377289115,11.150248632605148],[77.57006377289115,11.15168593705974],[77.56934512066385,11.151865600116563]]]},"properties":{"transition":40,"ndbi_d":-0.07291882568835348,"vv_d":-4.100789434816437,"area_ha":2.701844547665413}},{"type":"Feature","geometry":{"geodesic":false,"type":"Polygon","coordinates":[[[77.71073994638427,11.177916743356029],[77.71145859861157,11.177557417242381],[77.71145859861157,11.177198091128734],[77.71091960944109,11.17701842807191],[77.71091960944109,11.176479438901438],[77.71127893555474,11.17701842807191],[77.71217725083886,11.17701842807191],[77.71127893555474,11.176659101958263],[77.71181792472521,11.176479438901438],[77.71163826166838,11.175940449730966],[77.71127893555474,11.175940449730966],[77.71145859861157,11.176299775844615],[77.71091960944109,11.175940449730966],[77.71073994638427,11.176299775844615],[77.71091960944109,11.175401460560495],[77.71109927249792,11.175940449730966],[77.71235691389569,11.175760786674143],[77.71199758778204,11.175940449730966],[77.71199758778204,11.176299775844615],[77.7125365769525,11.17612011278779],[77.71235691389569,11.177916743356029],[77.71073994638427,11.177916743356029]],[[77.71235691389569,11.176838765015086],[77.71217725083886,11.176659101958263],[77.71235691389569,11.176659101958263],[77.71235691389569,11.176838765015086]],[[77.71235691389569,11.177198091128734],[77.71217725083886,11.17701842807191],[77.71235691389569,11.17701842807191],[77.71235691389569,11.177198091128734]],[[77.71163826166838,11.177737080299206],[77.71145859861157,11.177557417242381],[77.71163826166838,11.177557417242381],[77.71163826166838,11.177737080299206]]]},"properties":{"transition":21,"ndbi_d":-0.2577215734383334,"vv_d":2.216158991057714,"area_ha":2.701603100268317}},{"type":"Feature","geometry":{"geodesic":false,"type":"Polygon","coordinates":[[[77.64965450706414,11.187977874538168],[77.64929518095049,11.18761854842452],[77.6501934962346,11.18761854842452],[77.6500138331778,11.187079559254048],[77.65091214846191,11.186540570083578],[77.65073248540509,11.18618124396993],[77.65109181151874,11.18618124396993],[77.65055282234826,11.186001580913105],[77.65073248540509,11.18528292868581],[77.65037315929143,11.184923602572162],[77.65145113763238,11.18528292868581],[77.6523494529165,11.185103265628985],[77.65252911597332,11.185462591742633],[77.65145113763238,11.185462591742633],[77.65109181151874,11.186360907026753],[77.65109181151874,11.1867202331404],[77.6516308006892,11.186360907026753],[77.65199012680286,11.187259222310873],[77.65127147457555,11.186899896197225],[77.65127147457555,11.18761854842452],[77.65073248540509,11.18761854842452],[77.65073248540509,11.187079559254048],[77.65037315929143,11.186899896197225],[77.65055282234826,11.18761854842452],[77.64965450706414,11.187977874538168]],[[77.65127147457555,11.185821917856282],[77.65073248540509,11.185642254799458],[77.65091214846191,11.18528292868581],[77.65145113763238,11.18528292868581],[77.65127147457555,11.185821917856282]],[[77.65109181151874,11.187259222310873],[77.65073248540509,11.1867202331404],[77.65109181151874,11.1867202331404],[77.65109181151874,11.187259222310873]]]},"properties":{"transition":52,"ndbi_d":-0.0785533095696482,"vv_d":1.5068091522883593,"area_ha":2.7015136409128067}},{"type":"Feature","geometry":{"geodesic":false,"type":"Polygon","coordinates":[[[77.65504439876887,11.283199294654837],[77.65486473571204,11.28283996854119],[77.65522406182568,11.282660305484367],[77.65468507265521,11.28194165325707],[77.65576305099616,11.281043337972951],[77.6561223771098,11.281582327143422],[77.65648170322345,11.281223001029774],[77.6568410293371,11.281761990200247],[77.65630204016662,11.28194165325707],[77.65630204016662,11.282660305484367],[77.65558338793933,11.282660305484367],[77.65558338793933,11.283199294654837],[77.65504439876887,11.283199294654837]],[[77.65594271405298,11.281761990200247],[77.65576305099616,11.281582327143422],[77.65594271405298,11.281582327143422],[77.65594271405298,11.281761990200247]]]},"properties":{"transition":25,"ndbi_d":0.141405602566142,"vv_d":-1.1957743008056796,"area_ha":2.7006175099502587}},{"type":"Feature","geometry":{"geodesic":false,"type":"Polygon","coordinates":[[[77.7831441582843,11.355064517384399],[77.78278483217065,11.354525528213928],[77.78242550605701,11.354705191270751],[77.78242550605701,11.353447549872984],[77.78332382134113,11.353447549872984],[77.78368314745478,11.353088223759336],[77.7838628105116,11.354345865157104],[77.78422213662525,11.354345865157104],[77.78440179968207,11.354884854327576],[77.7838628105116,11.354525528213928],[77.7831441582843,11.355064517384399]],[[77.78278483217065,11.353806875986631],[77.78260516911384,11.353627212929808],[77.78278483217065,11.353627212929808],[77.78278483217065,11.353806875986631]]]},"properties":{"transition":21,"ndbi_d":-0.27592080253837764,"vv_d":0.12322161567400941,"area_ha":2.699937723114343}},{"type":"Feature","geometry":{"geodesic":false,"type":"Polygon","coordinates":[[[77.59557592696015,11.395848031283426],[77.59539626390333,11.395309042112954],[77.59485727473285,11.395309042112954],[77.5944979486192,11.394410726828834],[77.5937792963919,11.394949715999307],[77.59306064416461,11.394770052942482],[77.59431828556238,11.394231063772011],[77.59467761167603,11.394410726828834],[77.59485727473285,11.393692074601539],[77.59557592696015,11.393692074601539],[77.59557592696015,11.394231063772011],[77.59629457918744,11.394231063772011],[77.59593525307379,11.394949715999307],[77.59647424224427,11.394949715999307],[77.59593525307379,11.395309042112954],[77.59611491613062,11.395848031283426],[77.59557592696015,11.395848031283426]],[[77.5952166008465,11.394410726828834],[77.59503693778967,11.394231063772011],[77.5952166008465,11.394231063772011],[77.5952166008465,11.394410726828834]],[[77.59593525307379,11.39512937905613],[77.5952166008465,11.39512937905613],[77.59575559001696,11.394410726828834],[77.59593525307379,11.39512937905613]],[[77.5952166008465,11.395309042112954],[77.59503693778967,11.39512937905613],[77.5952166008465,11.39512937905613],[77.5952166008465,11.395309042112954]]]},"properties":{"transition":21,"ndbi_d":-0.21489808882546166,"vv_d":0.43222521623805593,"area_ha":2.6995530541494515}},{"type":"Feature","geometry":{"geodesic":false,"type":"MultiPolygon","coordinates":[[[[77.75493705836296,11.445435034966824],[77.75529638447661,11.446513013307767],[77.75493705836296,11.446333350250944],[77.7545777322493,11.447231665535062],[77.75439806919248,11.446513013307767],[77.75475739530613,11.446333350250944],[77.75439806919248,11.44525537191],[77.75493705836296,11.445435034966824]]],[[[77.75529638447661,11.443818067455409],[77.75493705836296,11.443818067455409],[77.75493705836296,11.444177393569056],[77.75475739530613,11.443818067455409],[77.75529638447661,11.443458741341761],[77.75529638447661,11.443818067455409]]],[[[77.75529638447661,11.443818067455409],[77.75565571059025,11.443638404398586],[77.75565571059025,11.445075708853176],[77.75583537364707,11.444536719682704],[77.75619469976073,11.444716382739529],[77.75583537364707,11.445794361080472],[77.75493705836296,11.445435034966824],[77.75511672141978,11.445075708853176],[77.75475739530613,11.444357056625881],[77.75529638447661,11.444536719682704],[77.75529638447661,11.443818067455409]],[[77.75547604753342,11.44525537191],[77.75565571059025,11.44525537191],[77.75565571059025,11.445435034966824],[77.75547604753342,11.44525537191]]]]},"properties":{"transition":24,"ndbi_d":0.034686111026794475,"vv_d":-0.13575439006649004,"area_ha":2.6990713929174124}},{"type":"Feature","geometry":{"geodesic":false,"type":"Polygon","coordinates":[[[77.74038435076021,11.168574264401187],[77.74038435076021,11.168035275230714],[77.74002502464657,11.167855612173891],[77.73948603547609,11.168214938287539],[77.73984536158974,11.167675949117067],[77.73948603547609,11.167496286060244],[77.73948603547609,11.166777633832949],[77.73912670936245,11.166957296889771],[77.73912670936245,11.167855612173891],[77.7387673832488,11.167675949117067],[77.73912670936245,11.166597970776124],[77.73966569853292,11.166418307719299],[77.73966569853292,11.166777633832949],[77.74038435076021,11.166777633832949],[77.74038435076021,11.167855612173891],[77.74092333993069,11.167675949117067],[77.74092333993069,11.166777633832949],[77.74128266604433,11.167496286060244],[77.74218098132845,11.167496286060244],[77.74200131827163,11.167855612173891],[77.74110300298751,11.167675949117067],[77.74038435076021,11.168574264401187]]]},"properties":{"transition":21,"ndbi_d":-0.278838233803125,"vv_d":4.355253010197602,"area_ha":2.6625351394553824}},{"type":"Feature","geometry":{"geodesic":false,"type":"Polygon","coordinates":[[[77.72367568647559,11.170370894969425],[77.72421467564607,11.170191231912602],[77.72367568647559,11.169831905798954],[77.72385534953241,11.169292916628482],[77.72313669730512,11.169292916628482],[77.72331636036195,11.168933590514834],[77.72277737119147,11.168574264401187],[77.72313669730512,11.168394601344362],[77.72349602341876,11.168753927458011],[77.72331636036195,11.168214938287539],[77.72385534953241,11.167855612173891],[77.72403501258924,11.168574264401187],[77.7245740017597,11.168394601344362],[77.72493332787336,11.16965224274213],[77.72439433870288,11.170370894969425],[77.72367568647559,11.170370894969425]],[[77.72367568647559,11.168933590514834],[77.72349602341876,11.168753927458011],[77.72367568647559,11.168753927458011],[77.72367568647559,11.168933590514834]],[[77.72403501258924,11.169113253571659],[77.72367568647559,11.169113253571659],[77.72385534953241,11.168753927458011],[77.72403501258924,11.169113253571659]]]},"properties":{"transition":21,"ndbi_d":-0.1217400905169437,"vv_d":1.3261415864735577,"area_ha":2.6625199451122454}},{"type":"Feature","geometry":{"geodesic":false,"type":"Polygon","coordinates":[[[77.72116040368006,11.191930461788294],[77.72026208839594,11.191571135674646],[77.72062141450958,11.191211809560999],[77.72116040368006,11.191571135674646],[77.72116040368006,11.191211809560999],[77.72205871896418,11.191032146504174],[77.72205871896418,11.189055852879111],[77.72259770813464,11.188876189822288],[77.722238382021,11.189415178992759],[77.72241804507782,11.190493157333703],[77.7229570342483,11.190313494276879],[77.72331636036195,11.191391472617823],[77.722238382021,11.191211809560999],[77.72205871896418,11.191750798731471],[77.72116040368006,11.191930461788294]],[[77.72277737119147,11.190852483447351],[77.72259770813464,11.190672820390526],[77.72277737119147,11.190672820390526],[77.72277737119147,11.190852483447351]],[[77.72134006673689,11.191750798731471],[77.72116040368006,11.191571135674646],[77.72134006673689,11.191571135674646],[77.72134006673689,11.191750798731471]]]},"properties":{"transition":21,"ndbi_d":-0.19362727733438506,"vv_d":1.534861444782201,"area_ha":2.6623205784429262}},{"type":"Feature","geometry":{"geodesic":false,"type":"Polygon","coordinates":[[[77.58353850215295,11.253195564165246],[77.58335883909612,11.252656574994774],[77.58371816520977,11.252297248881126],[77.58443681743707,11.252297248881126],[77.58461648049389,11.251039607483358],[77.58533513272118,11.251039607483358],[77.58497580660753,11.251937922767478],[77.58551479577801,11.25247691193795],[77.5862334480053,11.252297248881126],[77.58605378494848,11.252656574994774],[77.58353850215295,11.253195564165246]],[[77.58443681743707,11.252656574994774],[77.58425715438024,11.25247691193795],[77.58443681743707,11.25247691193795],[77.58443681743707,11.252656574994774]],[[77.58425715438024,11.252836238051598],[77.58389782826659,11.252836238051598],[77.58389782826659,11.25247691193795],[77.58425715438024,11.252836238051598]]]},"properties":{"transition":34,"ndbi_d":0.029733181479113066,"vv_d":-0.7593468185715452,"area_ha":2.6617543648251374}},{"type":"Feature","geometry":{"geodesic":false,"type":"Polygon","coordinates":[[[77.5380837487765,11.25571084696078],[77.53772442266285,11.255351520847132],[77.5380837487765,11.255171857790309],[77.53844307489014,11.253375227222069],[77.53916172711745,11.253015901108421],[77.53916172711745,11.255171857790309],[77.5380837487765,11.25571084696078]]]},"properties":{"transition":51,"ndbi_d":-0.2885261453030741,"vv_d":6.012378896487319,"area_ha":2.6617342537711792}},{"type":"Feature","geometry":{"geodesic":false,"type":"GeometryCollection","geometries":[{"type":"LineString","coordinates":[[77.79122899584138,11.344284733974966],[77.79122899584138,11.343925407861319]]},{"type":"Polygon","coordinates":[[[77.79158832195503,11.345003386202261],[77.79302562640962,11.345722038429557],[77.79302562640962,11.346261027600029],[77.79230697418232,11.346261027600029],[77.79266630029598,11.345722038429557],[77.79194764806869,11.345542375372734],[77.7921273111255,11.346620353713677],[77.79176798501186,11.346620353713677],[77.79176798501186,11.346081364543204],[77.79122899584138,11.346261027600029],[77.79158832195503,11.346620353713677],[77.79051034361409,11.346620353713677],[77.79051034361409,11.345542375372734],[77.79069000667091,11.345901701486381],[77.79176798501186,11.345901701486381],[77.79069000667091,11.344284733974966],[77.79122899584138,11.344284733974966],[77.79122899584138,11.344823723145437],[77.79158832195503,11.345003386202261]],[[77.79158832195503,11.345003386202261],[77.79158832195503,11.345183049259086],[77.7914086588982,11.345003386202261],[77.79158832195503,11.345003386202261]]]}]},"properties":{"transition":31,"ndbi_d":-0.17592793505857973,"vv_d":0.8706737394334366,"area_ha":2.6608870771616373}},{"type":"Feature","geometry":{"geodesic":false,"type":"Polygon","coordinates":[[[77.78655775636396,11.34913563650921],[77.78637809330714,11.348776310395563],[77.78673741942077,11.34859664733874],[77.78512045190936,11.347877995111443],[77.78476112579571,11.347159342884147],[77.78494078885254,11.3468000167705],[77.78655775636396,11.347518668997795],[77.7869170824776,11.348776310395563],[77.78745607164808,11.348416984281915],[77.78799506081855,11.34859664733874],[77.78799506081855,11.348057658168267],[77.7883543869322,11.34823732122509],[77.78799506081855,11.348776310395563],[77.78655775636396,11.34913563650921]],[[77.78565944107984,11.347877995111443],[77.78530011496619,11.347877995111443],[77.78547977802302,11.347518668997795],[77.78565944107984,11.347877995111443]],[[77.78601876719348,11.347877995111443],[77.78583910413666,11.34769833205462],[77.78601876719348,11.34769833205462],[77.78601876719348,11.347877995111443]]]},"properties":{"transition":21,"ndbi_d":-0.2197037362767493,"vv_d":2.0263448634547183,"area_ha":2.6608655273909187}},{"type":"Feature","geometry":{"geodesic":false,"type":"Polygon","coordinates":[[[77.70606870690685,11.352549234588865],[77.70606870690685,11.352189908475216],[77.70535005467956,11.351830582361568],[77.7057093807932,11.351650919304745],[77.70552971773638,11.351111930134273],[77.70588904385002,11.351291593191098],[77.70624836996367,11.350752604020625],[77.70696702219097,11.350752604020625],[77.70678735913414,11.350393277906978],[77.70714668524779,11.350393277906978],[77.70714668524779,11.35147125624792],[77.70768567441826,11.351830582361568],[77.70732634830462,11.351650919304745],[77.70714668524779,11.352010245418393],[77.70714668524779,11.351650919304745],[77.70678735913414,11.351650919304745],[77.70696702219097,11.352010245418393],[77.70624836996367,11.352010245418393],[77.70660769607731,11.352549234588865],[77.70606870690685,11.352549234588865]]]},"properties":{"transition":25,"ndbi_d":-0.04548106565968791,"vv_d":1.9442962890319369,"area_ha":2.6608330890745857}},{"type":"Feature","geometry":{"geodesic":false,"type":"Polygon","coordinates":[[[77.62162707019961,11.185103265628985],[77.62126774408597,11.184923602572162],[77.62108808102914,11.184025287288042],[77.6200101026882,11.18384562423122],[77.61983043963137,11.1829473089471],[77.62036942880185,11.183306635060747],[77.62072875491549,11.182767645890275],[77.62144740714278,11.182587982833452],[77.62198639631326,11.183126972003922],[77.62162707019961,11.18348629811757],[77.62198639631326,11.184923602572162],[77.62162707019961,11.185103265628985]],[[77.62108808102914,11.183126972003922],[77.62090841797232,11.1829473089471],[77.62108808102914,11.1829473089471],[77.62108808102914,11.183126972003922]],[[77.62144740714278,11.183126972003922],[77.62126774408597,11.1829473089471],[77.62144740714278,11.1829473089471],[77.62144740714278,11.183126972003922]],[[77.62036942880185,11.18384562423122],[77.62018976574502,11.183665961174395],[77.62036942880185,11.183665961174395],[77.62036942880185,11.18384562423122]],[[77.62108808102914,11.18384562423122],[77.62036942880185,11.183665961174395],[77.62036942880185,11.183306635060747],[77.62126774408597,11.183306635060747],[77.62090841797232,11.18348629811757],[77.62108808102914,11.18384562423122]],[[77.62180673325643,11.184743939515338],[77.62144740714278,11.184564276458515],[77.62180673325643,11.184564276458515],[77.62180673325643,11.184743939515338]]]},"properties":{"transition":25,"ndbi_d":0.027807685355447344,"vv_d":1.839147855681502,"area_ha":2.6232334008927505}},{"type":"Feature","geometry":{"geodesic":false,"type":"MultiPolygon","coordinates":[[[[77.78260516911384,11.188157537594993],[77.78296449522749,11.187798211481345],[77.78296449522749,11.18851686370864],[77.78350348439795,11.18761854842452],[77.78368314745478,11.188696526765465],[77.7831441582843,11.18851686370864],[77.78242550605701,11.189235515935936],[77.78188651688654,11.188337200651818],[77.78242550605701,11.18851686370864],[77.78260516911384,11.188157537594993]]],[[[77.78260516911384,11.188157537594993],[77.78224584300018,11.188157537594993],[77.78224584300018,11.187798211481345],[77.78170685382972,11.18797787453817],[77.78188651688654,11.186720233140402],[77.78152719077289,11.186720233140402],[77.78152719077289,11.187438885367698],[77.78116786465924,11.187259222310873],[77.78152719077289,11.186540570083578],[77.78260516911384,11.186720233140402],[77.78260516911384,11.188157537594993]],[[77.78206617994337,11.18707955925405],[77.78242550605701,11.18707955925405],[77.78242550605701,11.187438885367698],[77.78206617994337,11.187438885367698],[77.78206617994337,11.18707955925405]]]]},"properties":{"transition":21,"ndbi_d":-0.20718638804643902,"vv_d":2.911991152575022,"area_ha":2.6231956585303564}},{"type":"Feature","geometry":{"geodesic":false,"type":"Polygon","coordinates":[[[77.77847291880688,11.278168729063768],[77.77775426657959,11.27780940295012],[77.77775426657959,11.277090750722826],[77.77811359269323,11.277450076836473],[77.77811359269323,11.276911087666],[77.77847291880688,11.276911087666],[77.77829325575006,11.27547378321141],[77.77865258186371,11.27547378321141],[77.77883224492052,11.27601277238188],[77.77919157103418,11.275833109325058],[77.77955089714783,11.276192435438706],[77.77883224492052,11.276731424609178],[77.77955089714783,11.277090750722826],[77.77901190797735,11.277270413779648],[77.77955089714783,11.277450076836473],[77.77955089714783,11.277989066006944],[77.77901190797735,11.277629739893296],[77.77847291880688,11.278168729063768]],[[77.77883224492052,11.277090750722826],[77.77865258186371,11.276911087666],[77.77883224492052,11.276911087666],[77.77883224492052,11.277090750722826]],[[77.77901190797735,11.277270413779648],[77.77883224492052,11.277090750722826],[77.77901190797735,11.277090750722826],[77.77901190797735,11.277270413779648]],[[77.77847291880688,11.27780940295012],[77.77829325575006,11.277450076836473],[77.77865258186371,11.277450076836473],[77.77847291880688,11.27780940295012]],[[77.77883224492052,11.27780940295012],[77.77865258186371,11.277629739893296],[77.77883224492052,11.277629739893296],[77.77883224492052,11.27780940295012]]]},"properties":{"transition":31,"ndbi_d":-0.2741523016966991,"vv_d":3.2855175937420436,"area_ha":2.622385656181047}},{"type":"Feature","geometry":{"geodesic":false,"type":"MultiPolygon","coordinates":[[[[77.59341997027826,11.319491232133267],[77.59395895944874,11.319491232133267],[77.59359963333509,11.319850558246914],[77.59324030722144,11.319850558246914],[77.59341997027826,11.319491232133267]]],[[[77.59377929639192,11.318772579905971],[77.59341997027826,11.319131906019619],[77.59341997027826,11.319491232133267],[77.59306064416462,11.319311569076444],[77.59270131805097,11.319850558246914],[77.59234199193732,11.319670895190091],[77.59234199193732,11.318772579905971],[77.5928809811078,11.318772579905971],[77.5928809811078,11.317874264621851],[77.59324030722144,11.318053927678676],[77.59324030722144,11.317514938508204],[77.59270131805097,11.317514938508204],[77.59234199193732,11.318053927678676],[77.59252165499414,11.316796286280908],[77.59270131805097,11.31733527545138],[77.5928809811078,11.316975949337733],[77.59359963333509,11.31733527545138],[77.59341997027826,11.317874264621851],[77.5944979486192,11.318592916849148],[77.59431828556238,11.318952242962796],[77.59431828556238,11.318592916849148],[77.59395895944874,11.318592916849148],[77.59377929639192,11.318772579905971]],[[77.59341997027826,11.319131906019619],[77.59324030722144,11.318952242962796],[77.59341997027826,11.318952242962796],[77.59341997027826,11.319131906019619]],[[77.59252165499414,11.319131906019619],[77.59270131805097,11.319131906019619],[77.59270131805097,11.319311569076444],[77.59252165499414,11.319131906019619]],[[77.59252165499414,11.319491232133267],[77.59270131805097,11.319491232133267],[77.59270131805097,11.319670895190091],[77.59252165499414,11.319491232133267]],[[77.59306064416462,11.319131906019619],[77.59324030722144,11.319131906019619],[77.59324030722144,11.319311569076444],[77.59306064416462,11.319131906019619]],[[77.59306064416462,11.319131906019619],[77.59270131805097,11.318952242962796],[77.59359963333509,11.318233590735499],[77.59377929639192,11.318772579905971],[77.59324030722144,11.318772579905971],[77.59306064416462,11.319131906019619]]]]},"properties":{"transition":52,"ndbi_d":-0.007112033734681891,"vv_d":0.5978158934511258,"area_ha":2.622005844029718}},{"type":"Feature","geometry":{"geodesic":false,"type":"Polygon","coordinates":[[[77.6027624492331,11.418844902556886],[77.60294211228992,11.418305913386414],[77.60240312311946,11.417946587272766],[77.6020437970058,11.416149956704526],[77.60312177534675,11.416149956704526],[77.60294211228992,11.415790630590879],[77.60330143840358,11.415790630590879],[77.60366076451722,11.417048271988646],[77.60312177534675,11.416688945874998],[77.60330143840358,11.417407598102294],[77.60294211228992,11.417946587272766],[77.60330143840358,11.417946587272766],[77.60330143840358,11.418485576443237],[77.6027624492331,11.418844902556886]],[[77.6027624492331,11.416509282818174],[77.60240312311946,11.41632961976135],[77.6027624492331,11.41632961976135],[77.6027624492331,11.416509282818174]],[[77.60258278617628,11.417048271988646],[77.60222346006263,11.416688945874998],[77.60258278617628,11.416688945874998],[77.60258278617628,11.417048271988646]],[[77.6027624492331,11.417766924215941],[77.60258278617628,11.417407598102294],[77.60294211228992,11.417407598102294],[77.6027624492331,11.417766924215941]]]},"properties":{"transition":25,"ndbi_d":0.15704375288602132,"vv_d":0.07013414721052043,"area_ha":2.621099302546856}},{"type":"Feature","geometry":{"geodesic":false,"type":"Polygon","coordinates":[[[77.62737628801797,11.160848752957758],[77.62701696190433,11.159411448503167],[77.62773561413162,11.159411448503167],[77.62809494024528,11.158692796275872],[77.62863392941574,11.159591111559992],[77.62863392941574,11.16048942684411],[77.6282746033021,11.160848752957758],[77.62737628801797,11.160848752957758]]]},"properties":{"transition":54,"ndbi_d":0.0015223876956345823,"vv_d":-1.7980254540420337,"area_ha":2.584292186123372}},{"type":"Feature","geometry":{"geodesic":false,"type":"Polygon","coordinates":[[[77.4689134718993,11.173065840821785],[77.4689134718993,11.171269210253545],[77.46999145024024,11.171089547196722],[77.46963212412659,11.17144887331037],[77.46981178718342,11.17198786248084],[77.46945246106976,11.171628536367193],[77.46909313495611,11.17198786248084],[77.46963212412659,11.172347188594488],[77.46999145024024,11.17378449304908],[77.46999145024024,11.174143819162728],[77.46909313495611,11.174323482219553],[77.46927279801294,11.1746828083332],[77.46837448272882,11.174143819162728],[77.46837448272882,11.17378449304908],[77.46801515661518,11.173964156105903],[77.468194819672,11.173604829992255],[77.46855414578565,11.173604829992255],[77.46855414578565,11.173964156105903],[77.46873380884247,11.173604829992255],[77.46927279801294,11.173604829992255],[77.46909313495611,11.173245503878608],[77.46945246106976,11.17288617776496],[77.4689134718993,11.173065840821785]],[[77.46927279801294,11.172526851651313],[77.46909313495611,11.172347188594488],[77.46927279801294,11.172347188594488],[77.46927279801294,11.172526851651313]],[[77.46945246106976,11.172706514708137],[77.46927279801294,11.172526851651313],[77.46945246106976,11.172526851651313],[77.46945246106976,11.172706514708137]],[[77.46963212412659,11.173425166935433],[77.46927279801294,11.173245503878608],[77.46963212412659,11.173245503878608],[77.46963212412659,11.173425166935433]],[[77.46909313495611,11.174323482219553],[77.4689134718993,11.173964156105903],[77.46909313495611,11.173964156105903],[77.46909313495611,11.174323482219553]]]},"properties":{"transition":52,"ndbi_d":-0.01395718535632389,"vv_d":1.2982916995067662,"area_ha":2.584174890726186}},{"type":"Feature","geometry":{"geodesic":false,"type":"Polygon","coordinates":[[[77.46316425408092,11.173065840821785],[77.46280492796728,11.172347188594488],[77.46298459102411,11.172706514708137],[77.46334391713775,11.172347188594488],[77.46334391713775,11.173065840821785],[77.46388290630823,11.173425166935433],[77.46460155853552,11.173065840821785],[77.46460155853552,11.173604829992255],[77.46406256936505,11.173604829992255],[77.46460155853552,11.173964156105903],[77.46478122159235,11.1746828083332],[77.46514054770599,11.174503145276375],[77.46514054770599,11.174862471390023],[77.4644218954787,11.174862471390023],[77.46460155853552,11.174503145276375],[77.46424223242187,11.174503145276375],[77.46424223242187,11.174862471390023],[77.46388290630823,11.1746828083332],[77.46334391713775,11.175042134446848],[77.46298459102411,11.173604829992255],[77.46334391713775,11.174143819162728],[77.46352358019458,11.17378449304908],[77.46316425408092,11.173065840821785]],[[77.4637032432514,11.173604829992255],[77.46352358019458,11.173425166935433],[77.4637032432514,11.173425166935433],[77.4637032432514,11.173604829992255]],[[77.46424223242187,11.174323482219553],[77.46388290630823,11.173964156105903],[77.4644218954787,11.173964156105903],[77.46424223242187,11.174323482219553]],[[77.46388290630823,11.174503145276375],[77.4637032432514,11.174323482219553],[77.46388290630823,11.174323482219553],[77.46388290630823,11.174503145276375]]]},"properties":{"transition":52,"ndbi_d":-0.08480763170893735,"vv_d":0.5808815442489959,"area_ha":2.584167438788643}},{"type":"Feature","geometry":{"geodesic":false,"type":"Polygon","coordinates":[[[77.65216978985967,11.180432026151564],[77.6516308006892,11.180432026151564],[77.6516308006892,11.180072700037917],[77.65127147457555,11.180432026151564],[77.64947484400732,11.180252363094741],[77.64929518095049,11.179893036981092],[77.64947484400732,11.179533710867444],[77.64983417012097,11.179893036981092],[77.65181046374603,11.179713373924269],[77.65181046374603,11.179354047810621],[77.65091214846191,11.179174384753797],[77.65199012680286,11.178994721696974],[77.65252911597332,11.179533710867444],[77.65252911597332,11.180252363094741],[77.65216978985967,11.180432026151564]],[[77.65216978985967,11.179533710867444],[77.65199012680286,11.179354047810621],[77.65216978985967,11.179354047810621],[77.65216978985967,11.179533710867444]],[[77.65216978985967,11.180072700037917],[77.65199012680286,11.179893036981092],[77.65216978985967,11.179893036981092],[77.65216978985967,11.180072700037917]],[[77.6523494529165,11.180252363094741],[77.65216978985967,11.180072700037917],[77.6523494529165,11.180072700037917],[77.6523494529165,11.180252363094741]]]},"properties":{"transition":54,"ndbi_d":0.0063477227734190156,"vv_d":1.1511830961013523,"area_ha":2.584113952628682}},{"type":"Feature","geometry":{"geodesic":false,"type":"MultiPolygon","coordinates":[[[[77.7014174299893,11.19662166382559],[77.70157713048626,11.19678136432254],[77.70157713048626,11.196601701265717],[77.70148729895784,11.196601701265717],[77.70211611965672,11.196422038208892],[77.70229578271355,11.197140690436187],[77.70247544577038,11.19678136432254],[77.7033737610545,11.196961027379364],[77.7033737610545,11.196422038208892],[77.70283477188403,11.196422038208892],[77.7026551088272,11.196062712095245],[77.70409241328178,11.19624237515207],[77.70373308716815,11.196422038208892],[77.70391275022496,11.197140690436187],[77.70319409799767,11.197500016549837],[77.70283477188403,11.197320353493012],[77.70283477188403,11.19767967960666],[77.70229578271355,11.197859342663484],[77.70247544577038,11.197500016549837],[77.70085847825897,11.19678136432254],[77.7014174299893,11.19662166382559]],[[77.7019364565999,11.196961027379364],[77.70211611965672,11.196961027379364],[77.70211611965672,11.197140690436187],[77.7019364565999,11.196961027379364]],[[77.70247544577038,11.197140690436187],[77.7026551088272,11.197140690436187],[77.7026551088272,11.197320353493012],[77.70247544577038,11.197140690436187]]],[[[77.70148729895784,11.196601701265717],[77.7014174299893,11.19662166382559],[77.70139746742943,11.196601701265717],[77.70148729895784,11.196601701265717]]]]},"properties":{"transition":31,"ndbi_d":-0.17614497290659611,"vv_d":0.10120843324615335,"area_ha":2.5839625947695377}},{"type":"Feature","geometry":{"geodesic":false,"type":"Polygon","coordinates":[[[77.6530681051438,11.249063313858295],[77.65342743125744,11.248524324687825],[77.65252911597332,11.247805672460528],[77.65288844208698,11.247087020233232],[77.65252911597332,11.247266683290057],[77.65252911597332,11.24690735717641],[77.6530681051438,11.246727694119585],[77.65288844208698,11.245470052721817],[77.65270877903015,11.24511072660817],[77.65216978985967,11.245470052721817],[77.65252911597332,11.244751400494522],[77.65342743125744,11.24511072660817],[77.6530681051438,11.245470052721817],[77.6530681051438,11.246548031062762],[77.6537867573711,11.247087020233232],[77.65360709431427,11.248883650801472],[77.6530681051438,11.249063313858295]],[[77.65288844208698,11.247805672460528],[77.65270877903015,11.247626009403705],[77.65288844208698,11.247626009403705],[77.65288844208698,11.247805672460528]],[[77.65324776820061,11.247805672460528],[77.6530681051438,11.247266683290057],[77.65342743125744,11.247266683290057],[77.65324776820061,11.247805672460528]]]},"properties":{"transition":31,"ndbi_d":-0.20545228316702627,"vv_d":1.1057563399983739,"area_ha":2.58351504941958}},{"type":"Feature","geometry":{"geodesic":false,"type":"Polygon","coordinates":[[[77.46927279801294,11.262538043120088],[77.4689134718993,11.261999053949618],[77.46927279801294,11.26128040172232],[77.46909313495611,11.260921075608673],[77.46963212412659,11.26128040172232],[77.46981178718342,11.260382086438202],[77.46927279801294,11.260382086438202],[77.46909313495611,11.25984309726773],[77.46981178718342,11.25984309726773],[77.47017111329706,11.260202423381378],[77.47017111329706,11.261460064779145],[77.47106942858117,11.26217871700644],[77.47017111329706,11.261819390892793],[77.46945246106976,11.261999053949618],[77.46927279801294,11.262538043120088]]]},"properties":{"transition":51,"ndbi_d":-0.2634134850267208,"vv_d":6.74248803227343,"area_ha":2.5833865797966715}},{"type":"Feature","geometry":{"geodesic":false,"type":"MultiPolygon","coordinates":[[[[77.47627965722909,11.305297850644179],[77.4764593202859,11.304938524530531],[77.47609999417226,11.304399535360059],[77.47681864639955,11.304219872303236],[77.47663898334272,11.304938524530531],[77.47735763557002,11.305297850644179],[77.47753729862684,11.306375828985122],[77.4771779725132,11.306375828985122],[77.47699830945638,11.305477513701003],[77.4764593202859,11.305657176757826],[77.47627965722909,11.305297850644179]],[[77.4764593202859,11.305118187587354],[77.47681864639955,11.305118187587354],[77.47681864639955,11.305477513701003],[77.4764593202859,11.305118187587354]]],[[[77.47627965722909,11.305297850644179],[77.47609999417226,11.306016502871474],[77.47556100500178,11.305836839814651],[77.47466268971766,11.306555492041946],[77.47430336360402,11.306555492041946],[77.47430336360402,11.306196165928299],[77.47484235277449,11.306375828985122],[77.47466268971766,11.305477513701003],[77.47538134194495,11.304938524530531],[77.47627965722909,11.305297850644179]],[[77.47592033111543,11.305297850644179],[77.47609999417226,11.305297850644179],[77.47609999417226,11.305477513701003],[77.47592033111543,11.305297850644179]]]]},"properties":{"transition":52,"ndbi_d":0.0262965999903496,"vv_d":-0.32937124039298643,"area_ha":2.582988144289677}},{"type":"Feature","geometry":{"geodesic":false,"type":"Polygon","coordinates":[[[77.5373650965492,11.364227333282418],[77.5366464443219,11.362610365771003],[77.53844307489014,11.362610365771003],[77.53916172711745,11.36386800716877],[77.53862273794697,11.363149354941475],[77.53862273794697,11.364047670225595],[77.53772442266285,11.364047670225595],[77.53790408571967,11.363508681055123],[77.5373650965492,11.363508681055123],[77.5373650965492,11.364227333282418]],[[77.53772442266285,11.36296969188465],[77.5373650965492,11.362790028827828],[77.53772442266285,11.362790028827828],[77.53772442266285,11.36296969188465]],[[77.53844307489014,11.363329017998298],[77.53826341183333,11.363149354941475],[77.53844307489014,11.363149354941475],[77.53844307489014,11.363329017998298]],[[77.53826341183333,11.363688344111948],[77.5380837487765,11.363508681055123],[77.53826341183333,11.363508681055123],[77.53826341183333,11.363688344111948]]]},"properties":{"transition":21,"ndbi_d":-0.09447256851214633,"vv_d":2.4996605206970623,"area_ha":2.5824661778888256}},{"type":"Feature","geometry":{"geodesic":false,"type":"Polygon","coordinates":[[[77.71361455529345,11.3836309434194],[77.71307556612298,11.3836309434194],[77.71307556612298,11.382552965078457],[77.71379421835027,11.382013975907984],[77.71361455529345,11.381115660623866],[77.71487219669122,11.380037682282921],[77.71433320752075,11.381295323680689],[77.71487219669122,11.380756334510219],[77.71469253363439,11.381474986737514],[77.71505185974804,11.381474986737514],[77.71505185974804,11.382013975907984],[77.71469253363439,11.381834312851161],[77.71415354446393,11.382552965078457],[77.71379421835027,11.382193638964809],[77.71343489223663,11.382552965078457],[77.71361455529345,11.3836309434194]],[[77.71433320752075,11.381474986737514],[77.71415354446393,11.381295323680689],[77.71433320752075,11.381295323680689],[77.71433320752075,11.381474986737514]],[[77.71451287057756,11.381654649794337],[77.71433320752075,11.381474986737514],[77.71451287057756,11.381474986737514],[77.71451287057756,11.381654649794337]],[[77.71415354446393,11.381834312851161],[77.7139738814071,11.381654649794337],[77.71415354446393,11.381654649794337],[77.71415354446393,11.381834312851161]],[[77.71433320752075,11.382193638964809],[77.71415354446393,11.382013975907984],[77.71433320752075,11.382013975907984],[77.71433320752075,11.382193638964809]]]},"properties":{"transition":40,"ndbi_d":-0.09192081252959641,"vv_d":-1.3433532442349194,"area_ha":2.5822986290134273}},{"type":"Feature","geometry":{"geodesic":false,"type":"Polygon","coordinates":[[[77.7914086588982,11.164082687980589],[77.79158832195503,11.163543698810118],[77.79104933278455,11.163723361866941],[77.79104933278455,11.163364035753293],[77.7914086588982,11.163364035753293],[77.7914086588982,11.162465720469173],[77.79176798501184,11.162106394355526],[77.7914086588982,11.161926731298703],[77.79194764806867,11.161926731298703],[77.7921273111255,11.16228605741235],[77.79338495252327,11.161567405185055],[77.79338495252327,11.162825046582821],[77.79302562640962,11.162106394355526],[77.79266630029596,11.162106394355526],[77.79302562640962,11.162825046582821],[77.7921273111255,11.162465720469173],[77.79248663723915,11.163364035753293],[77.7921273111255,11.16318437269647],[77.7921273111255,11.163543698810118],[77.79176798501184,11.163543698810118],[77.79194764806867,11.164082687980589],[77.7914086588982,11.164082687980589]],[[77.79194764806867,11.163004709639646],[77.79158832195503,11.163004709639646],[77.79158832195503,11.162465720469173],[77.79194764806867,11.163004709639646]],[[77.79176798501184,11.163543698810118],[77.79158832195503,11.16318437269647],[77.79176798501184,11.16318437269647],[77.79176798501184,11.163543698810118]]]},"properties":{"transition":21,"ndbi_d":-0.20760516806577262,"vv_d":2.259394660979345,"area_ha":2.5451117620026875}},{"type":"Feature","geometry":{"geodesic":false,"type":"Polygon","coordinates":[[[77.74523525329445,11.164801340207884],[77.74505559023764,11.164262351037413],[77.7455945794081,11.164082687980589],[77.7455945794081,11.163723361866941],[77.74451660106716,11.163903024923766],[77.74451660106716,11.163543698810118],[77.74505559023764,11.163543698810118],[77.74487592718081,11.163004709639646],[77.74451660106716,11.163364035753293],[77.74361828578304,11.163364035753293],[77.74469626412399,11.163004709639646],[77.74505559023764,11.162465720469173],[77.7463132316354,11.163004709639646],[77.7463132316354,11.163364035753293],[77.74595390552176,11.16318437269647],[77.74577424246493,11.163543698810118],[77.74613356857857,11.164262351037413],[77.74523525329445,11.164801340207884]],[[77.7455945794081,11.163004709639646],[77.74541491635128,11.162825046582821],[77.7455945794081,11.162825046582821],[77.7455945794081,11.163004709639646]],[[77.74541491635128,11.163364035753293],[77.74523525329445,11.16318437269647],[77.74541491635128,11.16318437269647],[77.74541491635128,11.163364035753293]],[[77.74577424246493,11.163543698810118],[77.7455945794081,11.163364035753293],[77.74577424246493,11.163364035753293],[77.74577424246493,11.163543698810118]]]},"properties":{"transition":21,"ndbi_d":-0.20666871780099777,"vv_d":1.5228128214169552,"area_ha":2.5451051582080133}},{"type":"Feature","geometry":{"geodesic":false,"type":"MultiPolygon","coordinates":[[[[77.57293838180034,11.180791352265214],[77.57293838180034,11.180252363094741],[77.57419602319811,11.181330341435684],[77.57419602319811,11.180791352265214],[77.5749146754254,11.181150678378861],[77.57527400153904,11.180791352265214],[77.57509433848223,11.180432026151566],[77.5756333276527,11.180791352265214],[77.5756333276527,11.181330341435684],[77.5749146754254,11.181330341435684],[77.5749146754254,11.181689667549332],[77.57383669708446,11.181510004492509],[77.57365703402763,11.180971015322037],[77.57329770791398,11.181150678378861],[77.57329770791398,11.180791352265214],[77.57293838180034,11.180791352265214]]],[[[77.57293838180034,11.180791352265214],[77.57239939262986,11.18204899366298],[77.57204006651622,11.180971015322037],[77.57239939262986,11.181330341435684],[77.57221972957305,11.180611689208389],[77.57293838180034,11.180791352265214]]]]},"properties":{"transition":52,"ndbi_d":-0.040030214253168266,"vv_d":-0.2019917372673462,"area_ha":2.544950519633224}},{"type":"Feature","geometry":{"geodesic":false,"type":"Polygon","coordinates":[[[77.60437941674452,11.208639126072917],[77.6041997536877,11.208100136902445],[77.6034811014604,11.208100136902445],[77.6034811014604,11.206662832447854],[77.60491840591499,11.206662832447854],[77.60473874285816,11.207561147731974],[77.60509806897181,11.20738148467515],[77.60491840591499,11.207740810788797],[77.60527773202864,11.207740810788797],[77.60527773202864,11.208100136902445],[77.60455907980135,11.207920473845622],[77.60437941674452,11.20827979995927],[77.60473874285816,11.208459463016094],[77.60437941674452,11.208639126072917]],[[77.60384042757404,11.20738148467515],[77.60366076451722,11.207201821618327],[77.60384042757404,11.207201821618327],[77.60384042757404,11.20738148467515]],[[77.60402009063087,11.207740810788797],[77.60384042757404,11.207561147731974],[77.60402009063087,11.207561147731974],[77.60402009063087,11.207740810788797]]]},"properties":{"transition":52,"ndbi_d":-0.026804346349672416,"vv_d":0.6252874285812926,"area_ha":2.544718283472836}},{"type":"Feature","geometry":{"geodesic":false,"type":"Polygon","coordinates":[[[77.59719289447156,11.224988464243893],[77.59629457918744,11.224808801187068],[77.5966539053011,11.22444947507342],[77.5966539053011,11.224808801187068],[77.59737255752839,11.224629138130245],[77.59683356835791,11.22391048590295],[77.59719289447156,11.223191833675653],[77.59755222058521,11.223551159789302],[77.59755222058521,11.222652844505182],[77.59916918809662,11.222832507562005],[77.59845053586933,11.223371496732478],[77.59809120975568,11.222832507562005],[77.59809120975568,11.223730822846125],[77.59773188364203,11.224090148959773],[77.59809120975568,11.224090148959773],[77.5982708728125,11.224808801187068],[77.59791154669885,11.224269812016598],[77.59737255752839,11.224269812016598],[77.59773188364203,11.224629138130245],[77.59719289447156,11.224988464243893]],[[77.59737255752839,11.223730822846125],[77.59719289447156,11.223551159789302],[77.59737255752839,11.223551159789302],[77.59737255752839,11.223730822846125]]]},"properties":{"transition":52,"ndbi_d":-0.00150609916756646,"vv_d":0.40410164046854824,"area_ha":2.5445753794860306}},{"type":"Feature","geometry":{"geodesic":false,"type":"MultiPolygon","coordinates":[[[[77.79607989837562,11.448429419244228],[77.79590023531881,11.448129980819182],[77.79554090920516,11.448129980819182],[77.79607989837562,11.447770654705534],[77.79607989837562,11.448429419244228]]],[[[77.79610753884522,11.448475486693544],[77.79643922448928,11.448309643876007],[77.79643922448928,11.448668969989654],[77.79715787671657,11.448668969989654],[77.7973375397734,11.447770654705534],[77.79859518117117,11.447411328591887],[77.79931383339846,11.447770654705534],[77.79787652894387,11.447770654705534],[77.79805619200069,11.448129980819182],[77.79751720283022,11.44795031776236],[77.79751720283022,11.448309643876007],[77.79805619200069,11.448309643876007],[77.79805619200069,11.448668969989654],[77.7973375397734,11.44848930693283],[77.79751720283022,11.448668969989654],[77.79751720283022,11.449028296103302],[77.79697821365974,11.449207959160127],[77.79715787671657,11.449746948330597],[77.79679855060293,11.44938762221695],[77.79625956143245,11.449746948330597],[77.79643922448928,11.449028296103302],[77.79610753884522,11.448475486693544]],[[77.79643922448928,11.449207959160127],[77.7966188875461,11.449207959160127],[77.7966188875461,11.44938762221695],[77.79643922448928,11.449207959160127]]],[[[77.79607989837562,11.448429419244228],[77.79610753884522,11.448475486693544],[77.79607989837562,11.44848930693283],[77.79607989837562,11.448429419244228]]]]},"properties":{"transition":25,"ndbi_d":0.03441231471772951,"vv_d":-0.9901970943117911,"area_ha":2.542575190750917}},{"type":"Feature","geometry":{"geodesic":false,"type":"Polygon","coordinates":[[[77.55425342389064,11.158692796275872],[77.55443308694747,11.157974144048577],[77.553894097777,11.15761481793493],[77.55371443472018,11.157974144048577],[77.5531754455497,11.157075828764457],[77.5531754455497,11.155458861253042],[77.553894097777,11.155458861253042],[77.55407376083383,11.156357176537162],[77.55443308694747,11.156357176537162],[77.553894097777,11.157075828764457],[77.5546127500043,11.1581538071054],[77.55515173917476,11.157974144048577],[77.55497207611795,11.158333470162225],[77.55443308694747,11.1581538071054],[77.55425342389064,11.158692796275872]],[[77.55371443472018,11.15671650265081],[77.55353477166335,11.156357176537162],[77.55371443472018,11.156357176537162],[77.55371443472018,11.15671650265081]]]},"properties":{"transition":15,"ndbi_d":0.12076138994666508,"vv_d":-1.3430260028420864,"area_ha":2.5060065023010845}},{"type":"Feature","geometry":{"geodesic":false,"type":"Polygon","coordinates":[[[77.73786906796468,11.15905212238952],[77.73768940490785,11.158513133219047],[77.73858772019197,11.157435154878105],[77.73894704630563,11.157794480991752],[77.74038435076021,11.157794480991752],[77.74020468770338,11.158513133219047],[77.73966569853292,11.158692796275872],[77.73948603547609,11.158333470162225],[77.73858772019197,11.158872459332695],[77.73804873102151,11.158692796275872],[77.73786906796468,11.15905212238952]]]},"properties":{"transition":21,"ndbi_d":-0.25251385810588545,"vv_d":0.46090311209967305,"area_ha":2.5059950365777195}},{"type":"Feature","geometry":{"geodesic":false,"type":"Polygon","coordinates":[[[77.70750601136145,11.179713373924269],[77.70732634830462,11.179354047810621],[77.70660769607731,11.179533710867444],[77.70624836996367,11.179174384753797],[77.7064280330205,11.179713373924269],[77.70535005467956,11.179713373924269],[77.70535005467956,11.178276069469678],[77.70588904385002,11.178276069469678],[77.70588904385002,11.178815058640149],[77.70624836996367,11.178635395583326],[77.70624836996367,11.178994721696974],[77.70660769607731,11.178455732526501],[77.70678735913414,11.179174384753797],[77.70786533747508,11.178455732526501],[77.70804500053191,11.179533710867444],[77.70768567441826,11.179354047810621],[77.70750601136145,11.179713373924269]],[[77.70768567441826,11.179354047810621],[77.70732634830462,11.179174384753797],[77.70768567441826,11.179174384753797],[77.70768567441826,11.179354047810621]]]},"properties":{"transition":21,"ndbi_d":-0.27473008137894794,"vv_d":1.1755811114133645,"area_ha":2.505815025315721}},{"type":"Feature","geometry":{"geodesic":false,"type":"Polygon","coordinates":[[[77.77847291880688,11.184025287288042],[77.77811359269323,11.183306635060747],[77.77829325575006,11.1829473089471],[77.78026954937512,11.182587982833452],[77.77991022326147,11.182767645890275],[77.77991022326147,11.18384562423122],[77.779371234091,11.183665961174395],[77.77847291880688,11.184025287288042]]]},"properties":{"transition":24,"ndbi_d":0.07678557191684376,"vv_d":-1.5952570113550806,"area_ha":2.5057784648098274}},{"type":"Feature","geometry":{"geodesic":false,"type":"MultiPolygon","coordinates":[[[[77.46460155853552,11.288050197189083],[77.465140547706,11.288050197189083],[77.46478122159235,11.288409523302732],[77.46460155853552,11.288050197189083]]],[[[77.46460155853552,11.288050197189083],[77.46424223242188,11.288229860245908],[77.46442189547871,11.288050197189083],[77.46406256936505,11.287511208018612],[77.46460155853552,11.287690871075435],[77.46478122159235,11.28697221884814],[77.46334391713776,11.286792555791317],[77.46334391713776,11.286253566620845],[77.46388290630823,11.285894240507197],[77.46496088464917,11.285894240507197],[77.46460155853552,11.286792555791317],[77.46532021076283,11.286612892734492],[77.46532021076283,11.28697221884814],[77.46478122159235,11.287331544961788],[77.46460155853552,11.288050197189083]]]]},"properties":{"transition":52,"ndbi_d":0.003057318986975588,"vv_d":5.254520097557441,"area_ha":2.5048795959469206}},{"type":"Feature","geometry":{"geodesic":false,"type":"Polygon","coordinates":[[[77.78062887548877,11.29613503474616],[77.78044921243195,11.29523671946204],[77.77991022326147,11.29523671946204],[77.77991022326147,11.294697730291567],[77.779371234091,11.29433840417792],[77.77919157103418,11.2934400888938],[77.78062887548877,11.293799415007449],[77.78062887548877,11.29433840417792],[77.78026954937512,11.294518067234744],[77.78080853854559,11.294877393348392],[77.78080853854559,11.295416382518862],[77.78116786465924,11.295416382518862],[77.78116786465924,11.29613503474616],[77.78062887548877,11.29613503474616]]]},"properties":{"transition":1,"ndbi_d":-0.010643960516919293,"vv_d":3.5800660776727895,"area_ha":2.504810793047178}},{"type":"Feature","geometry":{"geodesic":false,"type":"Polygon","coordinates":[[[77.52748362842388,11.425672098716193],[77.5276632914807,11.42639075094349],[77.52730396536707,11.426211087886665],[77.52712430231024,11.42692974011396],[77.52694463925341,11.42639075094349],[77.52658531313976,11.426570414000313],[77.52640565008295,11.425851761773018],[77.52550733479882,11.425312772602545],[77.52514800868518,11.42549243565937],[77.52496834562835,11.425133109545722],[77.52568699785564,11.425133109545722],[77.52658531313976,11.42459412037525],[77.52676497619659,11.42549243565937],[77.52748362842388,11.425672098716193]],[[77.52712430231024,11.425672098716193],[77.52730396536707,11.425851761773018],[77.52712430231024,11.425851761773018],[77.52712430231024,11.425672098716193]],[[77.52658531313976,11.42549243565937],[77.52676497619659,11.42603142482984],[77.52658531313976,11.42603142482984],[77.52658531313976,11.42549243565937]]]},"properties":{"transition":21,"ndbi_d":-0.02019687112988322,"vv_d":2.259149888707432,"area_ha":2.503660468411692}},{"type":"Feature","geometry":{"geodesic":false,"type":"Polygon","coordinates":[[[77.47088976552436,11.175581123617318],[77.46945246106976,11.1746828083332],[77.46981178718342,11.1746828083332],[77.46981178718342,11.174323482219553],[77.47053043941071,11.174503145276375],[77.47106942858117,11.173065840821785],[77.47053043941071,11.173425166935433],[77.46999145024024,11.173245503878608],[77.47106942858117,11.17288617776496],[77.47142875469483,11.173065840821785],[77.471249091638,11.173964156105903],[77.47160841775165,11.1746828083332],[77.47106942858117,11.174503145276375],[77.47088976552436,11.175581123617318]],[[77.47088976552436,11.174323482219553],[77.47071010246754,11.174143819162728],[77.47088976552436,11.174143819162728],[77.47088976552436,11.174323482219553]],[[77.47106942858117,11.174503145276375],[77.47088976552436,11.174323482219553],[77.47106942858117,11.174323482219553],[77.47106942858117,11.174503145276375]],[[77.46999145024024,11.174862471390023],[77.46981178718342,11.1746828083332],[77.46999145024024,11.1746828083332],[77.46999145024024,11.174862471390023]],[[77.47071010246754,11.174862471390023],[77.47017111329706,11.1746828083332],[77.47071010246754,11.174503145276375],[77.47071010246754,11.174862471390023]],[[77.47017111329706,11.175042134446848],[77.46999145024024,11.174862471390023],[77.47017111329706,11.174862471390023],[77.47017111329706,11.175042134446848]],[[77.47088976552436,11.175042134446848],[77.47071010246754,11.174862471390023],[77.47088976552436,11.174862471390023],[77.47088976552436,11.175042134446848]]]},"properties":{"transition":52,"ndbi_d":0.03375848023486989,"vv_d":0.6702983533400829,"area_ha":2.4667021971699543}},{"type":"Feature","geometry":{"geodesic":false,"type":"Polygon","coordinates":[[[77.77218471181804,11.224808801187068],[77.77164572264758,11.224988464243893],[77.77092707042027,11.22391048590295],[77.77146605959075,11.223730822846125],[77.77164572264758,11.224629138130245],[77.77200504876122,11.22444947507342],[77.7718253857044,11.22391048590295],[77.77218471181804,11.22391048590295],[77.77236437487487,11.224269812016598],[77.77200504876122,11.224629138130245],[77.77272370098852,11.224629138130245],[77.7725440379317,11.225168127300716],[77.77290336404533,11.225168127300716],[77.77290336404533,11.224808801187068],[77.77344235321581,11.224988464243893],[77.77362201627264,11.225707116471188],[77.77308302710216,11.225886779528013],[77.77308302710216,11.225527453414365],[77.77272370098852,11.225527453414365],[77.77272370098852,11.226425768698483],[77.77200504876122,11.225886779528013],[77.77218471181804,11.224808801187068]],[[77.77344235321581,11.225707116471188],[77.77326269015899,11.22534779035754],[77.77344235321581,11.22534779035754],[77.77344235321581,11.225707116471188]]]},"properties":{"transition":31,"ndbi_d":-0.11232699518136326,"vv_d":0.3164046221775004,"area_ha":2.4662694988289493}},{"type":"Feature","geometry":{"geodesic":false,"type":"MultiPolygon","coordinates":[[[[77.47681864639955,11.250320955256063],[77.47627965722909,11.249602303028768],[77.47735763557002,11.249602303028768],[77.47681864639955,11.249961629142415],[77.4771779725132,11.250320955256063],[77.47681864639955,11.250320955256063]]],[[[77.4771779725132,11.25103960748336],[77.47771696168367,11.25103960748336],[77.47771696168367,11.251398933597008],[77.47825595085415,11.251219270540183],[77.47825595085415,11.251758259710655],[77.47771696168367,11.25157859665383],[77.47753729862684,11.251937922767478],[77.47735763557002,11.251398933597008],[77.4771779725132,11.251758259710655],[77.4771779725132,11.25103960748336]]],[[[77.47681864639955,11.250320955256063],[77.47681864639955,11.250680281369712],[77.47753729862684,11.250680281369712],[77.4771779725132,11.25103960748336],[77.47663898334272,11.250680281369712],[77.47663898334272,11.251758259710655],[77.47609999417226,11.25157859665383],[77.4757406680586,11.252297248881128],[77.47538134194495,11.252117585824303],[77.47592033111543,11.25157859665383],[77.47556100500178,11.250859944426535],[77.4764593202859,11.25103960748336],[77.4764593202859,11.250320955256063],[77.47681864639955,11.250320955256063]]]]},"properties":{"transition":52,"ndbi_d":0.013663296700484814,"vv_d":0.8636420288331943,"area_ha":2.466046834682433}},{"type":"Feature","geometry":{"geodesic":false,"type":"Polygon","coordinates":[[[77.54059903157203,11.256070173074429],[77.54077869462886,11.255531183903956],[77.5404193685152,11.255351520847132],[77.54006004240156,11.255890510017604],[77.54006004240156,11.255171857790309],[77.54077869462886,11.254992194733484],[77.54059903157203,11.254632868619836],[77.54095835768568,11.254273542506189],[77.54167700991297,11.254453205563014],[77.5418566729698,11.254093879449366],[77.5418566729698,11.254812531676661],[77.54149734685615,11.254812531676661],[77.5418566729698,11.255171857790309],[77.54131768379932,11.255171857790309],[77.54149734685615,11.255531183903956],[77.5418566729698,11.255351520847132],[77.54167700991297,11.256070173074429],[77.54059903157203,11.256070173074429]],[[77.54131768379932,11.25571084696078],[77.54113802074251,11.255531183903956],[77.54131768379932,11.255531183903956],[77.54131768379932,11.25571084696078]]]},"properties":{"transition":54,"ndbi_d":0.03523126814240915,"vv_d":3.3878718838396624,"area_ha":2.4660122621917884}},{"type":"Feature","geometry":{"geodesic":false,"type":"Polygon","coordinates":[[[77.5312565526172,11.277450076836473],[77.53107688956037,11.277090750722826],[77.5298192481626,11.277270413779648],[77.5298192481626,11.276551761552353],[77.53035823733308,11.276551761552353],[77.53035823733308,11.276192435438706],[77.5298192481626,11.27601277238188],[77.52945992204894,11.276372098495528],[77.52928025899213,11.275294120154586],[77.52999891121942,11.275294120154586],[77.53017857427625,11.27601277238188],[77.53071756344671,11.275653446268233],[77.53053790038989,11.27601277238188],[77.531436215674,11.276731424609178],[77.5312565526172,11.277450076836473]]]},"properties":{"transition":54,"ndbi_d":-0.002375916496569675,"vv_d":2.164298363721997,"area_ha":2.465829991802529}},{"type":"Feature","geometry":{"geodesic":false,"type":"Polygon","coordinates":[[[77.63600011474553,11.302782567848643],[77.63528146251822,11.3017045895077],[77.63564078863187,11.3017045895077],[77.6358204516887,11.301165600337228],[77.63564078863187,11.29990795893946],[77.63635944085917,11.299728295882637],[77.636539103916,11.300087621996285],[77.63617977780235,11.300087621996285],[77.63635944085917,11.30080627422358],[77.63600011474553,11.301345263394053],[77.63671876697282,11.300985937280403],[77.63671876697282,11.301884252564523],[77.63635944085917,11.302423241734996],[77.636539103916,11.302782567848643],[77.63600011474553,11.302782567848643]],[[77.63600011474553,11.300267285053108],[77.6358204516887,11.300087621996285],[77.63600011474553,11.300087621996285],[77.63600011474553,11.300267285053108]],[[77.63600011474553,11.300626611166756],[77.6358204516887,11.300446948109933],[77.63600011474553,11.300446948109933],[77.63600011474553,11.300626611166756]],[[77.63600011474553,11.301524926450876],[77.6358204516887,11.301345263394053],[77.63600011474553,11.301345263394053],[77.63600011474553,11.301524926450876]],[[77.63617977780235,11.302602904791819],[77.63600011474553,11.302063915621348],[77.63617977780235,11.302063915621348],[77.63617977780235,11.302602904791819]]]},"properties":{"transition":25,"ndbi_d":0.13895801068209704,"vv_d":-0.44084063438532234,"area_ha":2.4656155862827527}},{"type":"Feature","geometry":{"geodesic":false,"type":"MultiPolygon","coordinates":[[[[77.78332382134113,11.342128777293079],[77.78332382134113,11.342488103406726],[77.78386281051161,11.343206755634023],[77.7845814627389,11.343206755634023],[77.7845814627389,11.344105070918141],[77.78422213662525,11.344105070918141],[77.78368314745478,11.343566081747671],[77.78422213662525,11.343386418690846],[77.78296449522749,11.342847429520374],[77.78296449522749,11.341949114236256],[77.78332382134113,11.342128777293079]]],[[[77.78332382134113,11.342128777293079],[77.78332382134113,11.341410125065783],[77.78386281051161,11.341410125065783],[77.78332382134113,11.340511809781663],[77.78404247356843,11.340511809781663],[77.78368314745478,11.339972820611193],[77.78386281051161,11.339613494497545],[77.7845814627389,11.340691472838488],[77.78386281051161,11.340691472838488],[77.78404247356843,11.341949114236256],[77.78332382134113,11.342128777293079]],[[77.78350348439795,11.341589788122608],[77.78386281051161,11.341589788122608],[77.78386281051161,11.341769451179431],[77.78350348439795,11.341589788122608]]]]},"properties":{"transition":21,"ndbi_d":-0.20729417732310673,"vv_d":1.240940535607119,"area_ha":2.465266100436722}},{"type":"Feature","geometry":{"geodesic":false,"type":"Polygon","coordinates":[[[77.59791154669885,11.355603506554871],[77.59755222058521,11.354705191270751],[77.59791154669885,11.354525528213928],[77.59737255752839,11.35416620210028],[77.59773188364203,11.35416620210028],[77.59755222058521,11.353806875986631],[77.59845053586933,11.353806875986631],[77.59934885115345,11.355064517384399],[77.59916918809662,11.355603506554871],[77.59791154669885,11.355603506554871]],[[77.5989895250398,11.355244180441224],[77.59880986198297,11.355064517384399],[77.5989895250398,11.355064517384399],[77.5989895250398,11.355244180441224]],[[77.59863019892616,11.355423843498047],[77.59845053586933,11.355244180441224],[77.59863019892616,11.355244180441224],[77.59863019892616,11.355423843498047]]]},"properties":{"transition":21,"ndbi_d":-0.12615048823257288,"vv_d":1.645219767405028,"area_ha":2.465155662214509}},{"type":"Feature","geometry":{"geodesic":false,"type":"Polygon","coordinates":[[[77.76104560229496,11.163543698810118],[77.76068627618132,11.163004709639646],[77.7597879608972,11.163004709639646],[77.75996762395401,11.162465720469173],[77.76032695006766,11.162106394355526],[77.76068627618132,11.162465720469173],[77.76068627618132,11.161926731298703],[77.76194391757907,11.161747068241878],[77.76194391757907,11.162465720469173],[77.76140492840861,11.162465720469173],[77.76158459146544,11.162825046582821],[77.76122526535178,11.162825046582821],[77.76176425452226,11.163543698810118],[77.76104560229496,11.163543698810118]],[[77.76086593923814,11.162825046582821],[77.76032695006766,11.162645383525998],[77.76086593923814,11.162645383525998],[77.76086593923814,11.162825046582821]]]},"properties":{"transition":21,"ndbi_d":-0.08854777898429142,"vv_d":1.3651455113678153,"area_ha":2.427646018319646}},{"type":"Feature","geometry":{"geodesic":false,"type":"Polygon","coordinates":[[[77.75888964561308,11.170011568855777],[77.75853031949943,11.16965224274213],[77.7590693086699,11.168753927458011],[77.75763200421531,11.168933590514834],[77.75745234115848,11.169292916628482],[77.75799133032895,11.16965224274213],[77.75781166727214,11.170011568855777],[77.75709301504483,11.169113253571659],[77.75727267810166,11.168753927458011],[77.75781166727214,11.168753927458011],[77.75781166727214,11.168035275230714],[77.75817099338578,11.168214938287539],[77.75870998255625,11.167855612173891],[77.75853031949943,11.168394601344362],[77.75888964561308,11.168214938287539],[77.75942863478355,11.168574264401187],[77.75924897172672,11.168214938287539],[77.7597879608972,11.167855612173891],[77.75996762395401,11.168394601344362],[77.75924897172672,11.168753927458011],[77.75888964561308,11.170011568855777]],[[77.75888964561308,11.168574264401187],[77.75870998255625,11.168394601344362],[77.75888964561308,11.168394601344362],[77.75888964561308,11.168574264401187]]]},"properties":{"transition":31,"ndbi_d":-0.16049608496588566,"vv_d":0.7371731548087178,"area_ha":2.427594304361451}},{"type":"Feature","geometry":{"geodesic":false,"type":"MultiPolygon","coordinates":[[[[77.69061768402,11.18204899366298],[77.69061768402,11.1829473089471],[77.69025835790634,11.183126972003924],[77.69007869484952,11.182767645890276],[77.69061768402,11.18204899366298]]],[[[77.69097701013365,11.181689667549332],[77.69151599930412,11.18204899366298],[77.69061768402,11.18204899366298],[77.69061768402,11.181330341435684],[77.69007869484952,11.181510004492509],[77.69007869484952,11.180791352265214],[77.69079734707682,11.181330341435684],[77.69079734707682,11.180252363094741],[77.69169566236094,11.180072700037917],[77.69151599930412,11.180432026151566],[77.69223465153141,11.180432026151566],[77.69241431458823,11.181150678378861],[77.69097701013365,11.181150678378861],[77.69097701013365,11.181689667549332]],[[77.69097701013365,11.181689667549332],[77.69097701013365,11.181869330606157],[77.69079734707682,11.181689667549332],[77.69097701013365,11.181689667549332]],[[77.69151599930412,11.180611689208389],[77.69169566236094,11.180611689208389],[77.69169566236094,11.180791352265214],[77.69151599930412,11.180611689208389]]]]},"properties":{"transition":31,"ndbi_d":-0.03914870376578502,"vv_d":-1.1130808353893575,"area_ha":2.4274911206563856}},{"type":"Feature","geometry":{"geodesic":false,"type":"MultiPolygon","coordinates":[[[[77.66674246002229,11.205165640304662],[77.66654283440559,11.204866201879616],[77.66690216051924,11.204686538822791],[77.66674246002229,11.205165640304662]]],[[[77.66690216051924,11.205405191050088],[77.6672614866329,11.205764517163736],[77.66762081274653,11.205225527993264],[77.66833946497383,11.205225527993264],[77.66815980191701,11.204506875765968],[77.66851912803065,11.204506875765968],[77.66851912803065,11.205405191050088],[77.66923778025796,11.205764517163736],[77.66851912803065,11.205764517163736],[77.66833946497383,11.206483169391031],[77.66815980191701,11.205405191050088],[77.66798013886019,11.206303506334207],[77.66708182357607,11.205944180220559],[77.66708182357607,11.206842495504679],[77.66672249746242,11.206483169391031],[77.66690216051924,11.205405191050088]],[[77.66762081274653,11.205764517163736],[77.66780047580336,11.205764517163736],[77.66780047580336,11.205944180220559],[77.66762081274653,11.205764517163736]]],[[[77.66674246002229,11.205165640304662],[77.66690216051924,11.205405191050088],[77.66672249746242,11.205225527993264],[77.66674246002229,11.205165640304662]]]]},"properties":{"transition":21,"ndbi_d":-0.19608311029151082,"vv_d":2.0170703279764024,"area_ha":2.4272854278992506}},{"type":"Feature","geometry":{"geodesic":false,"type":"Polygon","coordinates":[[[77.50556473549138,11.216903626686817],[77.5050257463209,11.216005311402698],[77.50574439854819,11.215645985289049],[77.50574439854819,11.21474767000493],[77.50592406160501,11.215645985289049],[77.50718170300279,11.215645985289049],[77.50718170300279,11.216184974459521],[77.50556473549138,11.216903626686817]],[[77.50592406160501,11.216184974459521],[77.50574439854819,11.216005311402698],[77.50592406160501,11.216005311402698],[77.50592406160501,11.216184974459521]]]},"properties":{"transition":54,"ndbi_d":-0.0028952592289105297,"vv_d":0.2613021424415689,"area_ha":2.427197491985692}},{"type":"Feature","geometry":{"geodesic":false,"type":"Polygon","coordinates":[[[77.61282358041524,11.34356608174767],[77.61264391735841,11.342308440349901],[77.61372189569936,11.342128777293079],[77.61390155875618,11.341230462008959],[77.61444054792666,11.341589788122606],[77.6147998740403,11.341410125065783],[77.61444054792666,11.341769451179431],[77.6147998740403,11.342128777293079],[77.61515920015395,11.341589788122606],[77.61533886321078,11.342488103406726],[77.61462021098347,11.342308440349901],[77.61408122181301,11.342847429520374],[77.61336256958572,11.342847429520374],[77.61354223264253,11.343386418690846],[77.61282358041524,11.343206755634021],[77.61282358041524,11.34356608174767]],[[77.61336256958572,11.342847429520374],[77.61300324347206,11.34266776646355],[77.61408122181301,11.342128777293079],[77.61408122181301,11.34266776646355],[77.61336256958572,11.342847429520374]]]},"properties":{"transition":31,"ndbi_d":-0.0450018291690691,"vv_d":0.2805430780842593,"area_ha":2.426131448190213}},{"type":"Feature","geometry":{"geodesic":false,"type":"MultiPolygon","coordinates":[[[[77.59845053586933,11.391715780976476],[77.59845053586933,11.391176791806005],[77.59880986198299,11.39099712874918],[77.59880986198299,11.391356454862828],[77.59934885115345,11.391536117919653],[77.59916918809662,11.3918954440333],[77.59988784032393,11.392434433203773],[77.59988784032393,11.392973422374244],[77.59934885115345,11.392973422374244],[77.59916918809662,11.392434433203773],[77.59952851421028,11.392614096260596],[77.59952851421028,11.392254770146948],[77.59863019892616,11.392254770146948],[77.59845053586933,11.391715780976476]]],[[[77.59845053586933,11.391715780976476],[77.59809120975568,11.391715780976476],[77.59809120975568,11.391176791806005],[77.59647424224427,11.391356454862828],[77.59683356835792,11.390817465692358],[77.5959352530738,11.390817465692358],[77.59701323141475,11.39045813957871],[77.5982708728125,11.39099712874918],[77.59845053586933,11.391715780976476]]]]},"properties":{"transition":31,"ndbi_d":-0.08576805894206758,"vv_d":1.6121407813406408,"area_ha":2.4257131984167843}},{"type":"Feature","geometry":{"geodesic":false,"type":"Polygon","coordinates":[[[77.74595390552176,11.160309763787287],[77.74595390552176,11.159770774616815],[77.74541491635128,11.159770774616815],[77.7455945794081,11.160309763787287],[77.74451660106716,11.160309763787287],[77.74451660106716,11.15995043767364],[77.74541491635128,11.159231785446345],[77.7463132316354,11.15905212238952],[77.7470318838627,11.159591111559992],[77.7470318838627,11.160130100730463],[77.74595390552176,11.160309763787287]]]},"properties":{"transition":21,"ndbi_d":-0.07799671205012586,"vv_d":3.6958675724265158,"area_ha":2.3885140199799633}},{"type":"Feature","geometry":{"geodesic":false,"type":"MultiPolygon","coordinates":[[[[77.61821347211996,11.212951039436692],[77.61857279823361,11.211873061095748],[77.61893212434725,11.211873061095748],[77.61911178740408,11.212591713323045],[77.61857279823361,11.212232387209395],[77.61839313517679,11.21331036555034],[77.61821347211996,11.212951039436692]]],[[[77.61821347211996,11.212951039436692],[77.61803380906314,11.21331036555034],[77.61749481989267,11.21331036555034],[77.61749481989267,11.212951039436692],[77.61695583072219,11.21331036555034],[77.61659650460855,11.212951039436692],[77.61659650460855,11.212591713323045],[77.61713549377902,11.21241205026622],[77.61713549377902,11.211873061095748],[77.61785414600631,11.212052724152572],[77.61749481989267,11.2115137349821],[77.61821347211996,11.2115137349821],[77.61821347211996,11.21241205026622],[77.61785414600631,11.21241205026622],[77.61821347211996,11.212951039436692]],[[77.61695583072219,11.212951039436692],[77.61713549377902,11.212951039436692],[77.61713549377902,11.213130702493515],[77.61695583072219,11.212951039436692]],[[77.61713549377902,11.212591713323045],[77.61731515683584,11.212591713323045],[77.61731515683584,11.212951039436692],[77.61713549377902,11.212591713323045]],[[77.61731515683584,11.212052724152572],[77.61749481989267,11.212052724152572],[77.61749481989267,11.212232387209395],[77.61731515683584,11.212052724152572]]]]},"properties":{"transition":52,"ndbi_d":-0.029897582547387995,"vv_d":0.8112847586055016,"area_ha":2.388078640033752}},{"type":"Feature","geometry":{"geodesic":false,"type":"GeometryCollection","geometries":[{"type":"LineString","coordinates":[[77.64067135422295,11.285175588279902],[77.6410306803366,11.28553491439355]]},{"type":"Polygon","coordinates":[[[77.63923404976836,11.286253566620845],[77.63977303893883,11.28607390356402],[77.639593375882,11.285175588279902],[77.64013236505248,11.285355251336725],[77.639593375882,11.284816262166254],[77.64013236505248,11.284456936052605],[77.64013236505248,11.284816262166254],[77.64085101727977,11.284816262166254],[77.64067135422295,11.285175588279902],[77.63995270199565,11.28553491439355],[77.64049169116613,11.286253566620845],[77.6403120281093,11.286612892734492],[77.639593375882,11.286612892734492],[77.639593375882,11.28697221884814],[77.63995270199565,11.286792555791317],[77.64013236505248,11.287151881904965],[77.63995270199565,11.287690871075435],[77.639593375882,11.287511208018612],[77.63941371282519,11.28787053413226],[77.63923404976836,11.286253566620845]]]}]},"properties":{"transition":21,"ndbi_d":-0.099929613656685,"vv_d":2.559487337861928,"area_ha":2.3874698008363953}},{"type":"Feature","geometry":{"geodesic":false,"type":"MultiPolygon","coordinates":[[[[77.70211611965672,11.384888584817169],[77.70157713048626,11.385068247873992],[77.70157713048626,11.38452925870352],[77.7019364565999,11.38452925870352],[77.70211611965672,11.384888584817169]]],[[[77.70321655587978,11.386303431389656],[77.70355342411132,11.385966563158112],[77.70481106550909,11.386864878442232],[77.70463140245226,11.388122519839998],[77.70409241328178,11.38776319372635],[77.70427207633861,11.387044541499055],[77.70355342411132,11.386864878442232],[77.70321655587978,11.386303431389656]],[[77.70409241328178,11.386685215385407],[77.70427207633861,11.386685215385407],[77.70427207633861,11.386864878442232],[77.70409241328178,11.386685215385407]],[[77.70427207633861,11.387403867612703],[77.70445173939544,11.387403867612703],[77.70445173939544,11.38776319372635],[77.70427207633861,11.387403867612703]],[[77.70355342411132,11.386505552328583],[77.70373308716815,11.386505552328583],[77.70373308716815,11.386685215385407],[77.70355342411132,11.386505552328583]],[[77.70355342411132,11.386505552328583],[77.7033737610545,11.38632588927176],[77.70355342411132,11.38632588927176],[77.70355342411132,11.386505552328583]]],[[[77.70211611965672,11.384888584817169],[77.70229578271355,11.385247910930817],[77.7026551088272,11.385068247873992],[77.70283477188403,11.385607237044464],[77.70301443494084,11.385966563158112],[77.70211611965672,11.38542757398764],[77.70211611965672,11.384888584817169]]],[[[77.70301443494084,11.385966563158112],[77.70321655587978,11.386303431389656],[77.70319409799767,11.38632588927176],[77.70301443494084,11.385966563158112]]]]},"properties":{"transition":1,"ndbi_d":0.08125836983061639,"vv_d":1.7137231038731109,"area_ha":2.3866315860777636}},{"type":"Feature","geometry":{"geodesic":false,"type":"MultiPolygon","coordinates":[[[[77.77786206441368,11.389739487351413],[77.77739494046594,11.389739487351413],[77.77757460352277,11.389380161237765],[77.77786206441368,11.389739487351413]]],[[[77.77798526194093,11.38989348425598],[77.77829325575006,11.390278476521885],[77.77883224492054,11.39009881346506],[77.77883224492054,11.389739487351413],[77.779371234091,11.389919150408238],[77.779371234091,11.39045813957871],[77.78008988631831,11.390278476521885],[77.77955089714783,11.39045813957871],[77.77991022326148,11.39099712874918],[77.77901190797736,11.390817465692358],[77.77901190797736,11.391715780976476],[77.77865258186371,11.391715780976476],[77.77847291880688,11.390637802635533],[77.77757460352277,11.39099712874918],[77.77811359269324,11.390278476521885],[77.77798526194093,11.38989348425598]],[[77.77811359269324,11.39045813957871],[77.77829325575006,11.39045813957871],[77.77829325575006,11.390637802635533],[77.77811359269324,11.39045813957871]],[[77.77865258186371,11.39045813957871],[77.77901190797736,11.390278476521885],[77.77919157103418,11.390637802635533],[77.77865258186371,11.39045813957871]]],[[[77.77786206441368,11.389739487351413],[77.77793392963642,11.389739487351413],[77.77798526194093,11.38989348425598],[77.77786206441368,11.389739487351413]]]]},"properties":{"transition":25,"ndbi_d":0.025223833820582214,"vv_d":0.29545113882752666,"area_ha":2.3865966280977426}},{"type":"Feature","geometry":{"geodesic":false,"type":"MultiPolygon","coordinates":[[[[77.78993542183225,11.20400381920686],[77.78961202832997,11.203788223538673],[77.78997135444362,11.203967886595496],[77.78993542183225,11.20400381920686]]],[[[77.78993542183225,11.20400381920686],[77.79015101750043,11.20414754965232],[77.79086966972774,11.203967886595496],[77.79069000667091,11.20504586493644],[77.7914086588982,11.205405191050088],[77.7914086588982,11.205944180220559],[77.79051034361409,11.206483169391031],[77.79051034361409,11.205944180220559],[77.79015101750043,11.206123843277384],[77.78997135444362,11.205764517163736],[77.79051034361409,11.205764517163736],[77.79051034361409,11.205225527993264],[77.79051034361409,11.20504586493644],[77.79015101750043,11.204866201879616],[77.7897916913868,11.205405191050088],[77.78997135444362,11.204686538822791],[77.78961202832997,11.204866201879616],[77.78961202832997,11.204327212709144],[77.78993542183225,11.20400381920686]],[[77.79015101750043,11.20414754965232],[77.79015101750043,11.204327212709144],[77.78997135444362,11.20414754965232],[77.79015101750043,11.20414754965232]],[[77.79051034361409,11.205225527993264],[77.79086966972774,11.205225527993264],[77.79086966972774,11.205405191050088],[77.79051034361409,11.205225527993264]],[[77.7897916913868,11.204327212709144],[77.78997135444362,11.204327212709144],[77.78997135444362,11.204506875765968],[77.7897916913868,11.204327212709144]],[[77.79086966972774,11.205584854106911],[77.79104933278455,11.205584854106911],[77.79104933278455,11.205764517163736],[77.79086966972774,11.205584854106911]]]]},"properties":{"transition":31,"ndbi_d":-0.21503485965852936,"vv_d":2.247620865336598,"area_ha":2.348989854911652}},{"type":"Feature","geometry":{"geodesic":false,"type":"Polygon","coordinates":[[[77.60653537342641,11.210795082754805],[77.60653537342641,11.210435756641157],[77.60545739508547,11.21061541969798],[77.60563705814228,11.210256093584333],[77.60635571036958,11.210435756641157],[77.60635571036958,11.209896767470685],[77.60563705814228,11.209896767470685],[77.60563705814228,11.209537441357037],[77.60527773202864,11.20971710441386],[77.60563705814228,11.20917811524339],[77.60527773202864,11.208818789129742],[77.60563705814228,11.208100136902445],[77.60545739508547,11.207740810788797],[77.6058167211991,11.207920473845622],[77.6058167211991,11.208459463016094],[77.60653537342641,11.20827979995927],[77.60671503648322,11.208639126072917],[77.60653537342641,11.208998452186565],[77.6058167211991,11.208818789129742],[77.60671503648322,11.210076430527508],[77.60653537342641,11.210795082754805]]]},"properties":{"transition":52,"ndbi_d":0.003255245180237883,"vv_d":0.8455407520579814,"area_ha":2.348956316140991}},{"type":"Feature","geometry":{"geodesic":false,"type":"Polygon","coordinates":[[[77.71271624000933,11.241697128528516],[77.71271624000933,11.242056454642164],[77.71307556612298,11.241876791585339],[77.71307556612298,11.242415780755811],[77.71235691389569,11.242595443812636],[77.71235691389569,11.241697128528516],[77.71163826166838,11.241337802414868],[77.71217725083886,11.241158139358044],[77.71235691389569,11.241517465471691],[77.71235691389569,11.240798813244396],[77.71307556612298,11.240619150187573],[77.71307556612298,11.240259824073924],[77.71361455529345,11.240619150187573],[77.71415354446393,11.240439487130748],[77.71379421835027,11.240798813244396],[77.7139738814071,11.241517465471691],[77.71343489223663,11.241337802414868],[77.71343489223663,11.241697128528516],[77.71271624000933,11.241697128528516]],[[77.71271624000933,11.24097847630122],[77.7125365769525,11.240798813244396],[77.71271624000933,11.240798813244396],[77.71271624000933,11.24097847630122]],[[77.71307556612298,11.241337802414868],[77.71289590306615,11.240798813244396],[77.71343489223663,11.240619150187573],[77.71307556612298,11.241337802414868]],[[77.71343489223663,11.241337802414868],[77.71325522917981,11.241158139358044],[77.71343489223663,11.241158139358044],[77.71343489223663,11.241337802414868]],[[77.71271624000933,11.241517465471691],[77.7125365769525,11.241337802414868],[77.71271624000933,11.241337802414868],[77.71271624000933,11.241517465471691]],[[77.7125365769525,11.241697128528516],[77.71235691389569,11.241517465471691],[77.7125365769525,11.241517465471691],[77.7125365769525,11.241697128528516]]]},"properties":{"transition":21,"ndbi_d":-0.21758566897672912,"vv_d":3.0317931146272987,"area_ha":2.348695756074877}},{"type":"Feature","geometry":{"geodesic":false,"type":"MultiPolygon","coordinates":[[[[77.4531031228988,11.258944781983612],[77.45256413372833,11.25930410809726],[77.45256413372833,11.258944781983612],[77.4531031228988,11.258944781983612]]],[[[77.4531031228988,11.259483771154082],[77.4531031228988,11.258944781983612],[77.45346244901245,11.258944781983612],[77.45364211206926,11.25840579281314],[77.45328278595562,11.258226129756316],[77.45364211206926,11.258226129756316],[77.45400143818291,11.25750747752902],[77.4545404273534,11.25750747752902],[77.45400143818291,11.257687140585844],[77.45382177512609,11.258944781983612],[77.4547200904102,11.259124445040435],[77.4547200904102,11.259663434210907],[77.45436076429657,11.259663434210907],[77.4545404273534,11.25930410809726],[77.45400143818291,11.259483771154082],[77.45346244901245,11.259124445040435],[77.45346244901245,11.259483771154082],[77.45400143818291,11.259663434210907],[77.45328278595562,11.25984309726773],[77.45364211206926,11.260022760324555],[77.45346244901245,11.260561749495027],[77.4531031228988,11.260382086438202],[77.4531031228988,11.259663434210907],[77.45274379678514,11.259663434210907],[77.4531031228988,11.259483771154082]],[[77.4531031228988,11.259483771154082],[77.45328278595562,11.259483771154082],[77.45328278595562,11.259663434210907],[77.4531031228988,11.259483771154082]]]]},"properties":{"transition":52,"ndbi_d":-0.10664855289893846,"vv_d":1.7186987055380523,"area_ha":2.348550753324941}},{"type":"Feature","geometry":{"geodesic":false,"type":"Polygon","coordinates":[[[77.5952166008465,11.392973422374244],[77.59539626390333,11.392434433203771],[77.59467761167603,11.392254770146948],[77.59431828556238,11.39099712874918],[77.59503693778967,11.391176791806004],[77.5952166008465,11.390637802635533],[77.59593525307379,11.390458139578708],[77.59593525307379,11.392254770146948],[77.59557592696015,11.392254770146948],[77.59575559001696,11.392973422374244],[77.5952166008465,11.392973422374244]],[[77.59539626390333,11.391176791806004],[77.5952166008465,11.390817465692356],[77.59539626390333,11.390817465692356],[77.59539626390333,11.391176791806004]],[[77.59485727473285,11.391536117919651],[77.59467761167603,11.391176791806004],[77.59485727473285,11.391176791806004],[77.59485727473285,11.391536117919651]],[[77.5952166008465,11.391536117919651],[77.59503693778967,11.391176791806004],[77.5952166008465,11.391176791806004],[77.5952166008465,11.391536117919651]],[[77.59539626390333,11.392075107090124],[77.5952166008465,11.391715780976476],[77.59557592696015,11.391176791806004],[77.59539626390333,11.392075107090124]]]},"properties":{"transition":21,"ndbi_d":-0.21408173862534266,"vv_d":2.0413145542551705,"area_ha":2.3474628390486827}},{"type":"Feature","geometry":{"geodesic":false,"type":"Polygon","coordinates":[[[77.52299205200329,11.15581818736669],[77.52299205200329,11.155458861253042],[77.52245306283282,11.155458861253042],[77.522273399776,11.15581818736669],[77.52173441060552,11.15491987208257],[77.52137508449188,11.15491987208257],[77.52155474754869,11.155279198196217],[77.52119542143505,11.155458861253042],[77.52119542143505,11.15491987208257],[77.52209373671917,11.154380882912099],[77.52281238894646,11.15491987208257],[77.52442935645789,11.15491987208257],[77.52407003034423,11.155458861253042],[77.52353104117375,11.155279198196217],[77.52335137811694,11.15581818736669],[77.52299205200329,11.15581818736669]],[[77.52299205200329,11.155279198196217],[77.52281238894646,11.155099535139394],[77.52299205200329,11.155099535139394],[77.52299205200329,11.155279198196217]]]},"properties":{"transition":31,"ndbi_d":-0.23848805917521654,"vv_d":1.4766400269005377,"area_ha":2.310238529911024}},{"type":"Feature","geometry":{"geodesic":false,"type":"Polygon","coordinates":[[[77.7439776118967,11.197859342663483],[77.74379794883987,11.197320353493012],[77.74361828578304,11.19767967960666],[77.74289963355575,11.19767967960666],[77.7425403074421,11.197140690436187],[77.74289963355575,11.19678136432254],[77.74361828578304,11.196961027379363],[77.74379794883987,11.196242375152067],[77.74469626412399,11.196242375152067],[77.74451660106716,11.196961027379363],[77.74505559023764,11.19678136432254],[77.74505559023764,11.197140690436187],[77.74451660106716,11.197140690436187],[77.74451660106716,11.19767967960666],[77.7439776118967,11.197859342663483]],[[77.74415727495351,11.196961027379363],[77.7439776118967,11.196601701265715],[77.74415727495351,11.196601701265715],[77.74415727495351,11.196961027379363]],[[77.7439776118967,11.197140690436187],[77.74379794883987,11.196961027379363],[77.7439776118967,11.196961027379363],[77.7439776118967,11.197140690436187]]]},"properties":{"transition":25,"ndbi_d":-0.059569918398619075,"vv_d":0.8672440967228806,"area_ha":2.309904450104631}},{"type":"Feature","geometry":{"geodesic":false,"type":"Polygon","coordinates":[[[77.73966569853292,11.219778235596],[77.73984536158974,11.218520594198232],[77.73948603547609,11.218520594198232],[77.73930637241926,11.219059583368704],[77.7387673832488,11.219059583368704],[77.73894704630563,11.219778235596],[77.73858772019197,11.219778235596],[77.73858772019197,11.21887992031188],[77.73912670936245,11.217801941970936],[77.74056401381704,11.218700257255056],[77.74038435076021,11.219418909482352],[77.73966569853292,11.219778235596]],[[77.73930637241926,11.218700257255056],[77.73912670936245,11.218340931141409],[77.73930637241926,11.218340931141409],[77.73930637241926,11.218700257255056]]]},"properties":{"transition":21,"ndbi_d":-0.17496484985290947,"vv_d":2.55348220255083,"area_ha":2.3097308114283073}},{"type":"Feature","geometry":{"geodesic":false,"type":"Polygon","coordinates":[[[77.75116413416964,11.245470052721817],[77.75134379722647,11.244392074380874],[77.74972682971506,11.244751400494522],[77.74954716665823,11.244392074380874],[77.74990649277188,11.244032748267227],[77.7515234602833,11.244032748267227],[77.75134379722647,11.243314096039931],[77.75026581888552,11.243493759096754],[77.750804808056,11.242775106869459],[77.75134379722647,11.242954769926284],[77.75188278639695,11.243853085210402],[77.75188278639695,11.244751400494522],[77.7515234602833,11.244931063551347],[77.7515234602833,11.245470052721817],[77.75116413416964,11.245470052721817]],[[77.7515234602833,11.244392074380874],[77.75134379722647,11.24421241132405],[77.7515234602833,11.24421241132405],[77.7515234602833,11.244392074380874]]]},"properties":{"transition":21,"ndbi_d":-0.22665810233013609,"vv_d":2.9802009104728833,"area_ha":2.309528114948409}},{"type":"Feature","geometry":{"geodesic":false,"type":"MultiPolygon","coordinates":[[[[77.73697075268056,11.283558620768487],[77.73715041573739,11.28373828382531],[77.73661142656691,11.28463659910943],[77.73733007879422,11.284816262166254],[77.73733007879422,11.284456936052605],[77.73822839407833,11.284097609938957],[77.73840805713516,11.284456936052605],[77.73786906796468,11.28463659910943],[77.73858772019197,11.284816262166254],[77.73858772019197,11.285175588279902],[77.73768940490785,11.284816262166254],[77.73768940490785,11.28553491439355],[77.73733007879422,11.28553491439355],[77.73715041573739,11.284995925223077],[77.73679108962374,11.285175588279902],[77.73679108962374,11.284816262166254],[77.73625210045327,11.28463659910943],[77.73607243739644,11.283917946882134],[77.7364317635101,11.283917946882134],[77.73625210045327,11.283558620768487],[77.73679108962374,11.28373828382531],[77.73661142656691,11.283378957711662],[77.73697075268056,11.283558620768487]]],[[[77.73715041573739,11.28373828382531],[77.73715041573739,11.283558620768487],[77.73697075268056,11.283558620768487],[77.73768940490785,11.283199294654839],[77.73768940490785,11.284277272995782],[77.73715041573739,11.28373828382531]]]]},"properties":{"transition":31,"ndbi_d":-0.12226938700966411,"vv_d":0.5717685051038103,"area_ha":2.309205052417394}},{"type":"Feature","geometry":{"geodesic":false,"type":"MultiPolygon","coordinates":[[[[77.50948139013013,11.36422733328242],[77.50897833357102,11.36422733328242],[77.50933765968468,11.36386800716877],[77.50948139013013,11.36422733328242]]],[[[77.5095173227415,11.36476632245289],[77.5095173227415,11.365305311623363],[77.50915799662785,11.365484974680186],[77.50933765968468,11.364945985509715],[77.50897833357102,11.36476632245289],[77.5095173227415,11.36476632245289]]],[[[77.5102359749688,11.364047670225595],[77.5095173227415,11.363688344111948],[77.51005631191197,11.3633290179983],[77.50987664885515,11.362790028827828],[77.5102359749688,11.363149354941475],[77.51005631191197,11.363508681055123],[77.51059530108245,11.363508681055123],[77.51041563802562,11.363149354941475],[77.51113429025291,11.363149354941475],[77.51131395330974,11.363688344111948],[77.5102359749688,11.363688344111948],[77.5102359749688,11.364047670225595]]],[[[77.50948139013013,11.36422733328242],[77.5095173227415,11.36422733328242],[77.5095173227415,11.364317164810831],[77.50948139013013,11.36422733328242]]],[[[77.5095173227415,11.364317164810831],[77.50969698579833,11.36476632245289],[77.5102359749688,11.364406996339243],[77.5102359749688,11.364047670225595],[77.51059530108245,11.36386800716877],[77.51041563802562,11.364586659396068],[77.51095462719609,11.364586659396068],[77.51059530108245,11.365305311623363],[77.5095173227415,11.36476632245289],[77.5095173227415,11.364317164810831]],[[77.51041563802562,11.36476632245289],[77.51059530108245,11.36476632245289],[77.51059530108245,11.364945985509715],[77.51041563802562,11.36476632245289]]]]},"properties":{"transition":52,"ndbi_d":-0.1162475125441896,"vv_d":-0.012181611530865898,"area_ha":2.308561142714914}},{"type":"Feature","geometry":{"geodesic":false,"type":"GeometryCollection","geometries":[{"type":"LineString","coordinates":[[77.45705571014892,11.17612011278779],[77.45723537320575,11.17612011278779]]},{"type":"Polygon","coordinates":[[[77.45669638403527,11.17612011278779],[77.45705571014892,11.17612011278779],[77.45723537320575,11.176479438901438],[77.45723537320575,11.17612011278779],[77.45777436237621,11.17612011278779],[77.45813368848987,11.17558112361732],[77.45885234071716,11.17558112361732],[77.45921166683081,11.176479438901438],[77.45831335154669,11.176659101958263],[77.45831335154669,11.176299775844615],[77.45759469931939,11.176299775844615],[77.45759469931939,11.177198091128735],[77.4568760470921,11.177377754185558],[77.45705571014892,11.176838765015088],[77.45669638403527,11.17612011278779]],[[77.45849301460352,11.17612011278779],[77.45867267766033,11.17612011278779],[77.45867267766033,11.176299775844615],[77.45849301460352,11.17612011278779]]]}]},"properties":{"transition":52,"ndbi_d":-0.07273280572403094,"vv_d":2.3192781595230256,"area_ha":2.270916307523822}},{"type":"Feature","geometry":{"geodesic":false,"type":"MultiPolygon","coordinates":[[[[77.7860187671935,11.243673422153579],[77.78619843025031,11.243853085210404],[77.78583910413667,11.244571737437699],[77.78619843025031,11.244751400494524],[77.78583910413667,11.246188704949114],[77.78530011496619,11.245829378835467],[77.78530011496619,11.245290389664994],[77.78583910413667,11.244032748267227],[77.78494078885255,11.243314096039931],[77.78530011496619,11.243314096039931],[77.78530011496619,11.242954769926284],[77.78547977802302,11.243493759096756],[77.78583910413667,11.243314096039931],[77.7860187671935,11.243673422153579]],[[77.78565944107984,11.243673422153579],[77.78583910413667,11.243673422153579],[77.78583910413667,11.243853085210404],[77.78565944107984,11.243673422153579]]],[[[77.78619843025031,11.243853085210404],[77.78619843025031,11.243673422153579],[77.7860187671935,11.243673422153579],[77.7860187671935,11.242775106869459],[77.78655775636396,11.242775106869459],[77.78655775636396,11.243314096039931],[77.78619843025031,11.243314096039931],[77.78655775636396,11.244032748267227],[77.78619843025031,11.243853085210404]]]]},"properties":{"transition":31,"ndbi_d":-0.09104942637977415,"vv_d":0.9561042941932679,"area_ha":2.270382197730746}},{"type":"Feature","geometry":{"geodesic":false,"type":"GeometryCollection","geometries":[{"type":"LineString","coordinates":[[77.66097327964405,11.263256695347385],[77.66151226881452,11.262897369233738]]},{"type":"Polygon","coordinates":[[[77.66115294270088,11.261100738665498],[77.66151226881452,11.261100738665498],[77.66151226881452,11.261460064779145],[77.66223092104183,11.261280401722322],[77.66187159492817,11.26163972783597],[77.66223092104183,11.26253804312009],[77.66187159492817,11.26307703229056],[77.66151226881452,11.262897369233738],[77.66151226881452,11.26163972783597],[77.66115294270088,11.261100738665498]]]},{"type":"Polygon","coordinates":[[[77.66115294270088,11.261100738665498],[77.66079361658723,11.260561749495027],[77.66097327964405,11.260022760324555],[77.66187159492817,11.260022760324555],[77.66187159492817,11.260921075608675],[77.66151226881452,11.26074141255185],[77.66115294270088,11.261100738665498]],[[77.66115294270088,11.260382086438202],[77.66151226881452,11.260382086438202],[77.6613326057577,11.26074141255185],[77.66115294270088,11.260382086438202]]]}]},"properties":{"transition":21,"ndbi_d":-0.13821967877447605,"vv_d":3.096817967493271,"area_ha":2.270245452155314}},{"type":"Feature","geometry":{"geodesic":false,"type":"Polygon","coordinates":[[[77.71181792472521,11.27601277238188],[77.71145859861157,11.27457546792729],[77.71181792472521,11.274036478756818],[77.71145859861157,11.27367715264317],[77.71199758778204,11.27367715264317],[77.71289590306615,11.274755130984115],[77.71235691389569,11.275833109325058],[77.71181792472521,11.27601277238188]],[[77.71235691389569,11.274395804870466],[77.71217725083886,11.274216141813643],[77.71235691389569,11.274216141813643],[77.71235691389569,11.274395804870466]]]},"properties":{"transition":21,"ndbi_d":-0.10057680381879468,"vv_d":2.0722585437590952,"area_ha":2.2701415930250843}},{"type":"Feature","geometry":{"geodesic":false,"type":"Polygon","coordinates":[[[77.60671503648322,11.28283996854119],[77.60617604731276,11.282660305484367],[77.6058167211991,11.281402664086599],[77.60671503648322,11.281402664086599],[77.60689469954005,11.281761990200247],[77.60653537342641,11.281761990200247],[77.60653537342641,11.282121316313894],[77.6072540256537,11.28194165325707],[77.6072540256537,11.281582327143422],[77.60833200399465,11.281761990200247],[77.60833200399465,11.282121316313894],[77.607972677881,11.28194165325707],[77.60779301482417,11.282480642427542],[77.60671503648322,11.28283996854119]],[[77.60653537342641,11.281761990200247],[77.60635571036958,11.281582327143422],[77.60653537342641,11.281582327143422],[77.60653537342641,11.281761990200247]],[[77.60707436259688,11.282660305484367],[77.60689469954005,11.282480642427542],[77.60707436259688,11.282480642427542],[77.60707436259688,11.282660305484367]]]},"properties":{"transition":54,"ndbi_d":0.010745165825436085,"vv_d":-0.5665010949576639,"area_ha":2.270084111051271}},{"type":"Feature","geometry":{"geodesic":false,"type":"GeometryCollection","geometries":[{"type":"LineString","coordinates":[[77.78476112579573,11.296853686973455],[77.78440179968207,11.296853686973455]]},{"type":"Polygon","coordinates":[[[77.78476112579573,11.296853686973455],[77.78547977802302,11.295955371689336],[77.78619843025031,11.295955371689336],[77.78655775636396,11.295057056405216],[77.78691708247761,11.295057056405216],[77.78673741942079,11.29613503474616],[77.7860187671935,11.296494360859807],[77.78565944107984,11.297392676143927],[77.78494078885255,11.2979316653144],[77.78476112579573,11.297392676143927],[77.78547977802302,11.297213013087102],[77.78547977802302,11.296853686973455],[77.78476112579573,11.296853686973455]],[[77.78583910413667,11.29613503474616],[77.7860187671935,11.29613503474616],[77.7860187671935,11.296314697802984],[77.78583910413667,11.29613503474616]]]}]},"properties":{"transition":40,"ndbi_d":-0.15436907856853616,"vv_d":-5.223849832239332,"area_ha":2.269970163432092}},{"type":"Feature","geometry":{"geodesic":false,"type":"MultiPolygon","coordinates":[[[[77.63600011474553,11.341769451179431],[77.63564078863187,11.342128777293079],[77.63564078863187,11.341589788122608],[77.63600011474553,11.341769451179431]]],[[[77.63743741920013,11.341050798952136],[77.63743741920013,11.34033214672484],[77.63779674531376,11.34033214672484],[77.63779674531376,11.340691472838488],[77.63815607142742,11.34033214672484],[77.63815607142742,11.340691472838488],[77.63761708225694,11.341410125065783],[77.63743741920013,11.341050798952136]]],[[[77.63600011474553,11.341769451179431],[77.63653910391601,11.341410125065783],[77.63635944085918,11.340871135895311],[77.63707809308647,11.340871135895311],[77.63635944085918,11.34033214672484],[77.63671876697282,11.339074505327073],[77.63671876697282,11.339613494497545],[77.6372577561433,11.339793157554368],[77.63707809308647,11.34033214672484],[77.63743741920013,11.341050798952136],[77.63689843002965,11.341050798952136],[77.63689843002965,11.341410125065783],[77.63635944085918,11.341589788122608],[77.63671876697282,11.341949114236256],[77.63617977780235,11.342128777293079],[77.63600011474553,11.341769451179431]],[[77.63671876697282,11.339793157554368],[77.63707809308647,11.339972820611193],[77.63689843002965,11.34033214672484],[77.63671876697282,11.339793157554368]]]]},"properties":{"transition":31,"ndbi_d":-0.21478816688638822,"vv_d":1.4896615913589477,"area_ha":2.2696192517031837}},{"type":"Feature","geometry":{"geodesic":false,"type":"Polygon","coordinates":[[[77.73535378516914,11.345362712315909],[77.7349944590555,11.344464397031789],[77.73445546988502,11.344823723145437],[77.73481479599867,11.344464397031789],[77.73463513294185,11.34356608174767],[77.73535378516914,11.343925407861317],[77.73535378516914,11.34356608174767],[77.73571311128279,11.344105070918141],[77.73625210045326,11.343925407861317],[77.73625210045326,11.345183049259084],[77.73535378516914,11.345362712315909]],[[77.73517412211233,11.344284733974964],[77.7349944590555,11.344105070918141],[77.73517412211233,11.344105070918141],[77.73517412211233,11.344284733974964]],[[77.73607243739644,11.344464397031789],[77.73571311128279,11.344284733974964],[77.73607243739644,11.344284733974964],[77.73607243739644,11.344464397031789]],[[77.73535378516914,11.344823723145437],[77.73517412211233,11.344464397031789],[77.73535378516914,11.344464397031789],[77.73535378516914,11.344823723145437]]]},"properties":{"transition":1,"ndbi_d":0.05800674068902073,"vv_d":0.07067415442084728,"area_ha":2.269589653496156}},{"type":"Feature","geometry":{"geodesic":false,"type":"Polygon","coordinates":[[[77.79625956143245,11.375366442805502],[77.79715787671657,11.375546105862325],[77.79643922448928,11.376444421146445],[77.79697821365974,11.37626475808962],[77.7973375397734,11.376983410316916],[77.79679855060293,11.37716307337374],[77.7966188875461,11.376803747260093],[77.79625956143245,11.377522399487388],[77.79572057226198,11.376983410316916],[77.79590023531881,11.37626475808962],[77.79625956143245,11.376444421146445],[77.79643922448928,11.376085095032797],[77.79536124614833,11.375186779748677],[77.79625956143245,11.375366442805502]],[[77.79625956143245,11.375366442805502],[77.79625956143245,11.375546105862325],[77.79607989837562,11.375366442805502],[77.79625956143245,11.375366442805502]],[[77.79679855060293,11.376624084203268],[77.79697821365974,11.376624084203268],[77.79697821365974,11.376803747260093],[77.79679855060293,11.376624084203268]]]},"properties":{"transition":25,"ndbi_d":0.02347977123833422,"vv_d":1.7064622450440354,"area_ha":2.269335983588477}},{"type":"Feature","geometry":{"geodesic":false,"type":"Polygon","coordinates":[[[77.77703561435229,11.405370173295093],[77.776316962125,11.404651521067796],[77.77649662518182,11.403753205783678],[77.77613729906817,11.403753205783678],[77.77613729906817,11.404292194954149],[77.77577797295453,11.404471858010973],[77.77595763601134,11.404112531897326],[77.7755983098977,11.404112531897326],[77.7755983098977,11.40339387967003],[77.77595763601134,11.403753205783678],[77.77685595129546,11.40339387967003],[77.77757460352277,11.403932868840501],[77.77757460352277,11.404831184124621],[77.77721527740911,11.404831184124621],[77.77703561435229,11.405370173295093]],[[77.77685595129546,11.404471858010973],[77.77667628823865,11.404292194954149],[77.77685595129546,11.404292194954149],[77.77685595129546,11.404471858010973]]]},"properties":{"transition":21,"ndbi_d":-0.17513048619931115,"vv_d":2.0562528183613122,"area_ha":2.269113648669184}},{"type":"Feature","geometry":{"geodesic":false,"type":"GeometryCollection","geometries":[{"type":"LineString","coordinates":[[77.45831335154669,11.421539848409244],[77.45849301460352,11.421539848409244]]},{"type":"Polygon","coordinates":[[[77.45759469931939,11.42225850063654],[77.45813368848987,11.422078837579717],[77.45795402543304,11.421539848409244],[77.45831335154669,11.421539848409244],[77.45849301460352,11.421719511466069],[77.45849301460352,11.421539848409244],[77.45903200377398,11.421539848409244],[77.45903200377398,11.422617826750187],[77.45867267766033,11.422977152863837],[77.45921166683081,11.422977152863837],[77.45921166683081,11.422438163693364],[77.45957099294445,11.42225850063654],[77.45975065600128,11.42315681592066],[77.45921166683081,11.423516142034307],[77.45921166683081,11.42315681592066],[77.45867267766033,11.423516142034307],[77.45831335154669,11.42225850063654],[77.45759469931939,11.42225850063654]]]}]},"properties":{"transition":31,"ndbi_d":-0.2512876748685436,"vv_d":0.19534902313584498,"area_ha":2.268967966848746}},{"type":"Feature","geometry":{"geodesic":false,"type":"Polygon","coordinates":[[[77.64246798479118,11.440045143262106],[77.64210865867754,11.439146827977986],[77.64246798479118,11.438787501864338],[77.64300697396166,11.438967164921163],[77.64300697396166,11.438607838807515],[77.64354596313213,11.438607838807515],[77.64354596313213,11.439146827977986],[77.6440849523026,11.439506154091635],[77.64444427841624,11.439506154091635],[77.64426461535942,11.439146827977986],[77.6448036045299,11.439146827977986],[77.64444427841624,11.439685817148458],[77.64246798479118,11.440045143262106]],[[77.6433663000753,11.439146827977986],[77.64300697396166,11.438967164921163],[77.6433663000753,11.438967164921163],[77.6433663000753,11.439146827977986]],[[77.64354596313213,11.439685817148458],[77.64318663701849,11.439506154091635],[77.64354596313213,11.439506154091635],[77.64354596313213,11.439685817148458]]]},"properties":{"transition":25,"ndbi_d":-0.0016035057292199404,"vv_d":0.8462375494636237,"area_ha":2.2688327561598043}},{"type":"Feature","geometry":{"geodesic":false,"type":"MultiPolygon","coordinates":[[[[77.75888964561308,11.16228605741235],[77.75853031949943,11.162645383525998],[77.75853031949943,11.16228605741235],[77.75888964561308,11.16228605741235]]],[[[77.75942863478355,11.161208079071407],[77.75924897172673,11.161567405185055],[77.76014728701085,11.16138774212823],[77.75996762395403,11.16084875295776],[77.76032695006766,11.16138774212823],[77.76104560229497,11.16084875295776],[77.76176425452226,11.161028416014583],[77.76176425452226,11.16138774212823],[77.76104560229497,11.161208079071407],[77.76068627618132,11.16138774212823],[77.76086593923814,11.16174706824188],[77.7597879608972,11.16174706824188],[77.7597879608972,11.162106394355527],[77.75906930866991,11.162106394355527],[77.75888964561308,11.16228605741235],[77.75870998255625,11.161208079071407],[77.75924897172673,11.16084875295776],[77.75960829784037,11.16084875295776],[77.75942863478355,11.161208079071407]],[[77.75942863478355,11.161208079071407],[77.75924897172673,11.161028416014583],[77.75942863478355,11.161028416014583],[77.75942863478355,11.161208079071407]]]]},"properties":{"transition":21,"ndbi_d":-0.1641496610419269,"vv_d":1.486032370137974,"area_ha":2.231876540919615}},{"type":"Feature","geometry":{"geodesic":false,"type":"Polygon","coordinates":[[[77.48274752727474,11.164082687980589],[77.48292719033155,11.162645383525998],[77.48256786421791,11.162645383525998],[77.48256786421791,11.161926731298703],[77.48310685338838,11.162106394355526],[77.48346617950203,11.161567405185055],[77.48346617950203,11.162106394355526],[77.48418483172932,11.162465720469173],[77.48364584255886,11.16228605741235],[77.48382550561568,11.163364035753293],[77.48274752727474,11.164082687980589]],[[77.48346617950203,11.162825046582821],[77.4832865164452,11.162645383525998],[77.48346617950203,11.162645383525998],[77.48346617950203,11.162825046582821]]]},"properties":{"transition":52,"ndbi_d":-0.03258414016709777,"vv_d":1.0483937331866828,"area_ha":2.2318662605584314}},{"type":"Feature","geometry":{"geodesic":false,"type":"Polygon","coordinates":[[[77.47340504831989,11.218520594198232],[77.47322538526306,11.217801941970936],[77.47286605914942,11.217981605027761],[77.47286605914942,11.217442615857289],[77.47340504831989,11.217262952800464],[77.47340504831989,11.216544300573169],[77.47394403749037,11.216544300573169],[77.47394403749037,11.216903626686817],[77.47448302666083,11.217083289743641],[77.47484235277449,11.216903626686817],[77.47448302666083,11.217262952800464],[77.47466268971766,11.217801941970936],[77.47412370054718,11.217442615857289],[77.47394403749037,11.218161268084584],[77.47340504831989,11.218520594198232]]]},"properties":{"transition":54,"ndbi_d":0.08377702398585123,"vv_d":-1.039209605189476,"area_ha":2.2314453336517204}},{"type":"Feature","geometry":{"geodesic":false,"type":"Polygon","coordinates":[[[77.49550360430923,11.268646587052102],[77.4960425934797,11.268646587052102],[77.4960425934797,11.26900591316575],[77.49532394125241,11.268826250108924],[77.49514427819558,11.269365239279397],[77.49496461513876,11.268646587052102],[77.49460528902512,11.268826250108924],[77.49478495208193,11.269365239279397],[77.49316798457052,11.269365239279397],[77.49334764762735,11.268287260938454],[77.49550360430923,11.268646587052102]]]},"properties":{"transition":54,"ndbi_d":0.020216253478378222,"vv_d":1.5417048971652767,"area_ha":2.231047241821104}},{"type":"Feature","geometry":{"geodesic":false,"type":"MultiPolygon","coordinates":[[[[77.76554840765661,11.313360230319152],[77.76481852648827,11.312484372917135],[77.76535751565874,11.312484372917135],[77.76571684177239,11.313023362087607],[77.76554840765661,11.313360230319152]]],[[[77.76692956740595,11.313000904205504],[77.76715414622699,11.312664035973958],[77.76697448317016,11.313023362087607],[77.76692956740595,11.313000904205504]]],[[[77.76556061303044,11.313374876765954],[77.76607616788604,11.31320302514443],[77.76589650482921,11.313562351258078],[77.76625583094285,11.313562351258078],[77.76625583094285,11.31320302514443],[77.7666151570565,11.313382688201255],[77.7666151570565,11.312843699030783],[77.76692956740595,11.313000904205504],[77.76679482011333,11.31320302514443],[77.76697448317016,11.313562351258078],[77.7666151570565,11.313742014314903],[77.76751347234062,11.313562351258078],[77.76751347234062,11.313921677371725],[77.76625583094285,11.31410134042855],[77.76625583094285,11.313742014314903],[77.76571684177239,11.313742014314903],[77.76481852648827,11.315179318769493],[77.76481852648827,11.31464032959902],[77.76481852648827,11.31410134042855],[77.76517785260192,11.313562351258078],[77.76571684177239,11.313562351258078],[77.76556061303044,11.313374876765954]],[[77.76481852648827,11.31464032959902],[77.7649981895451,11.31464032959902],[77.7649981895451,11.314819992655845],[77.76481852648827,11.31464032959902]],[[77.76625583094285,11.313562351258078],[77.76643549399968,11.313562351258078],[77.76643549399968,11.313742014314903],[77.76625583094285,11.313562351258078]]],[[[77.76554840765661,11.313360230319152],[77.76556061303044,11.313374876765954],[77.76553717871556,11.313382688201255],[77.76554840765661,11.313360230319152]]]]},"properties":{"transition":31,"ndbi_d":-0.23428342622100262,"vv_d":2.157424730005806,"area_ha":2.230698668049101}},{"type":"Feature","geometry":{"geodesic":false,"type":"Polygon","coordinates":[[[77.47088976552436,11.336020233361065],[77.47088976552436,11.334942255020122],[77.47053043941071,11.334942255020122],[77.47053043941071,11.335660907247417],[77.47017111329706,11.335840570304242],[77.46999145024024,11.335481244190595],[77.47035077635388,11.33530158113377],[77.46999145024024,11.335121918076945],[77.47035077635388,11.334942255020122],[77.46963212412659,11.334942255020122],[77.46963212412659,11.33530158113377],[77.46927279801294,11.334942255020122],[77.46927279801294,11.33530158113377],[77.46873380884247,11.33530158113377],[77.4689134718993,11.334762591963297],[77.47214740692212,11.334762591963297],[77.47178808080848,11.33530158113377],[77.471249091638,11.33530158113377],[77.47142875469483,11.335840570304242],[77.47088976552436,11.336020233361065]],[[77.47142875469483,11.335121918076945],[77.47106942858117,11.335121918076945],[77.471249091638,11.334762591963297],[77.47142875469483,11.335121918076945]],[[77.47178808080848,11.335121918076945],[77.47160841775165,11.334942255020122],[77.47178808080848,11.334942255020122],[77.47178808080848,11.335121918076945]],[[77.471249091638,11.335840570304242],[77.47106942858117,11.335481244190595],[77.471249091638,11.335481244190595],[77.471249091638,11.335840570304242]]]},"properties":{"transition":52,"ndbi_d":0.04046149774895687,"vv_d":0.24049683151030668,"area_ha":2.230531885060876}},{"type":"Feature","geometry":{"geodesic":false,"type":"MultiPolygon","coordinates":[[[[77.46819481967201,11.341589788122608],[77.46837448272883,11.342128777293079],[77.46837448272883,11.341709563490829],[77.46855414578565,11.341949114236256],[77.46927279801295,11.341589788122608],[77.46873380884247,11.341589788122608],[77.46855414578565,11.341230462008959],[77.46963212412659,11.341589788122608],[77.46963212412659,11.341949114236256],[77.46909313495613,11.341949114236256],[77.46909313495613,11.342488103406726],[77.46927279801295,11.342847429520374],[77.46981178718342,11.342847429520374],[77.46981178718342,11.343206755634023],[77.46909313495613,11.343386418690846],[77.46909313495613,11.342847429520374],[77.46873380884247,11.342847429520374],[77.46855414578565,11.343386418690846],[77.46819481967201,11.343206755634023],[77.46837448272883,11.342308440349903],[77.46801515661518,11.342308440349903],[77.46783549355835,11.341769451179431],[77.46819481967201,11.341589788122608]],[[77.46855414578565,11.342128777293079],[77.46873380884247,11.342128777293079],[77.46873380884247,11.342308440349903],[77.46855414578565,11.342128777293079]],[[77.46855414578565,11.342488103406726],[77.46873380884247,11.342488103406726],[77.46873380884247,11.342667766463551],[77.46855414578565,11.342488103406726]]],[[[77.46828465120042,11.341589788122608],[77.46819481967201,11.341589788122608],[77.46801515661518,11.341230462008959],[77.46828465120042,11.341589788122608]]],[[[77.46828465120042,11.341589788122608],[77.46837448272883,11.341589788122608],[77.46837448272883,11.341709563490829],[77.46828465120042,11.341589788122608]]]]},"properties":{"transition":52,"ndbi_d":-0.04036276863597889,"vv_d":0.28199834399727935,"area_ha":2.2304754259113357}},{"type":"Feature","geometry":{"geodesic":false,"type":"MultiPolygon","coordinates":[[[[77.74667255774905,11.35003395179333],[77.74882851443094,11.35003395179333],[77.74882851443094,11.350572940963803],[77.74828952526047,11.350752604020627],[77.74810986220365,11.350393277906978],[77.74667255774905,11.35003395179333]]],[[[77.74667255774905,11.35003395179333],[77.74595390552176,11.349854288736507],[77.74451660106716,11.349854288736507],[77.7439776118967,11.349315299566035],[77.74469626412399,11.349315299566035],[77.74487592718081,11.349674625679683],[77.74631323163541,11.34949496262286],[77.74667255774905,11.35003395179333]]]]},"properties":{"transition":20,"ndbi_d":-0.26441008388473275,"vv_d":1.160352895655956,"area_ha":2.230412487438312}},{"type":"Feature","geometry":{"geodesic":false,"type":"Polygon","coordinates":[[[77.7914086588982,11.39746499879484],[77.79158832195503,11.39692600962437],[77.79104933278455,11.395848031283426],[77.79086966972773,11.396566683510722],[77.79033068055726,11.395848031283426],[77.78979169138678,11.39602769434025],[77.79015101750043,11.395668368226602],[77.78997135444361,11.394949715999307],[77.79122899584138,11.394949715999307],[77.79122899584138,11.39602769434025],[77.79158832195503,11.39602769434025],[77.79194764806867,11.396746346567545],[77.79194764806867,11.397285335738017],[77.7914086588982,11.39746499879484]],[[77.79051034361409,11.395668368226602],[77.79033068055726,11.395488705169777],[77.79051034361409,11.395488705169777],[77.79051034361409,11.395668368226602]]]},"properties":{"transition":25,"ndbi_d":0.01589462465671475,"vv_d":0.5541555493262591,"area_ha":2.2300558210847674}},{"type":"Feature","geometry":{"geodesic":false,"type":"Polygon","coordinates":[[[77.54922285829957,11.401237922988143],[77.54850420607228,11.40069893381767],[77.54760589078816,11.401058259931318],[77.5470669016177,11.4001599446472],[77.54724656467451,11.399441292419903],[77.54886353218593,11.4001599446472],[77.54886353218593,11.400519270760848],[77.54976184747005,11.40069893381767],[77.54958218441323,11.401237922988143],[77.54922285829957,11.401237922988143]],[[77.54814487995864,11.40069893381767],[77.54760589078816,11.400519270760848],[77.54814487995864,11.400339607704023],[77.54814487995864,11.40069893381767]]]},"properties":{"transition":51,"ndbi_d":-0.3949148837934461,"vv_d":3.414826477324449,"area_ha":2.230020813597475}},{"type":"Feature","geometry":{"geodesic":false,"type":"Polygon","coordinates":[[[77.46873380884247,11.154201219855274],[77.46837448272882,11.153662230684803],[77.4689134718993,11.153841893741626],[77.46873380884247,11.153482567627979],[77.46927279801294,11.153302904571154],[77.4689134718993,11.152763915400683],[77.46801515661518,11.152404589287036],[77.46801515661518,11.151865600116563],[77.46909313495611,11.152763915400683],[77.46945246106976,11.152045263173388],[77.47071010246754,11.152045263173388],[77.47017111329706,11.152224926230211],[77.46999145024024,11.152763915400683],[77.46945246106976,11.152763915400683],[77.47017111329706,11.153123241514331],[77.47017111329706,11.153482567627979],[77.46963212412659,11.153302904571154],[77.46909313495611,11.153662230684803],[77.46927279801294,11.154021556798451],[77.46873380884247,11.154201219855274]],[[77.46999145024024,11.152584252343859],[77.46945246106976,11.152224926230211],[77.46999145024024,11.152404589287036],[77.46999145024024,11.152584252343859]]]},"properties":{"transition":52,"ndbi_d":-0.02661057843816447,"vv_d":0.5715167507798553,"area_ha":2.1927855183104823}},{"type":"Feature","geometry":{"geodesic":false,"type":"Polygon","coordinates":[[[77.52622598702612,11.160848752957758],[77.52622598702612,11.158513133219047],[77.52640565008295,11.157794480991752],[77.52676497619659,11.157794480991752],[77.52676497619659,11.15905212238952],[77.52712430231024,11.159591111559992],[77.52658531313976,11.159411448503167],[77.52658531313976,11.159770774616815],[77.52712430231024,11.15995043767364],[77.52712430231024,11.160669089900935],[77.52640565008295,11.16048942684411],[77.52622598702612,11.160848752957758]],[[77.52676497619659,11.159231785446345],[77.52658531313976,11.15905212238952],[77.52676497619659,11.15905212238952],[77.52676497619659,11.159231785446345]],[[77.52640565008295,11.160130100730463],[77.52622598702612,11.15995043767364],[77.52640565008295,11.15995043767364],[77.52640565008295,11.160130100730463]],[[77.52694463925341,11.16048942684411],[77.52676497619659,11.160130100730463],[77.52694463925341,11.160130100730463],[77.52694463925341,11.16048942684411]]]},"properties":{"transition":50,"ndbi_d":-0.09465429317788221,"vv_d":-4.818524864090251,"area_ha":2.1927365068999225}},{"type":"Feature","geometry":{"geodesic":false,"type":"MultiPolygon","coordinates":[[[[77.78889337610268,11.175760786674143],[77.78889337610268,11.175221797503673],[77.78925270221632,11.175221797503673],[77.78889337610268,11.175760786674143]]],[[[77.78709674553443,11.176299775844615],[77.78727640859125,11.17612011278779],[77.78691708247761,11.17558112361732],[77.78727640859125,11.175401460560495],[77.7876357347049,11.176479438901438],[77.7883543869322,11.175401460560495],[77.78889337610268,11.175760786674143],[77.78907303915949,11.176299775844615],[77.78871371304585,11.175940449730968],[77.78853404998902,11.17701842807191],[77.78817472387537,11.17701842807191],[77.78799506081856,11.176299775844615],[77.78781539776173,11.17701842807191],[77.78727640859125,11.17701842807191],[77.78727640859125,11.176659101958263],[77.78655775636396,11.176838765015088],[77.78709674553443,11.176299775844615]],[[77.78709674553443,11.176299775844615],[77.78727640859125,11.176299775844615],[77.78727640859125,11.176479438901438],[77.78709674553443,11.176299775844615]]]]},"properties":{"transition":21,"ndbi_d":-0.16361740416115417,"vv_d":1.7793089267119115,"area_ha":2.192609687833639}},{"type":"Feature","geometry":{"geodesic":false,"type":"GeometryCollection","geometries":[{"type":"LineString","coordinates":[[77.72457400175972,11.219598572539176],[77.72475366481653,11.219598572539176]]},{"type":"Polygon","coordinates":[[[77.72385534953241,11.22067655088012],[77.72421467564607,11.219598572539176],[77.72457400175972,11.219598572539176],[77.72475366481653,11.219778235596],[77.72475366481653,11.219598572539176],[77.72547231704384,11.219598572539176],[77.72493332787336,11.219957898652824],[77.72493332787336,11.220496887823296],[77.72529265398701,11.22067655088012],[77.72475366481653,11.220856213936944],[77.7243943387029,11.22067655088012],[77.72457400175972,11.219957898652824],[77.72421467564607,11.219957898652824],[77.72421467564607,11.22067655088012],[77.72385534953241,11.22067655088012]]]},{"type":"Polygon","coordinates":[[[77.72331636036195,11.220496887823296],[77.72385534953241,11.22067655088012],[77.72385534953241,11.221035876993767],[77.7243943387029,11.221035876993767],[77.72421467564607,11.221395203107415],[77.72259770813466,11.221035876993767],[77.7229570342483,11.22067655088012],[77.72277737119147,11.220317224766472],[77.72331636036195,11.220137561709649],[77.72331636036195,11.220496887823296]],[[77.72331636036195,11.220496887823296],[77.72331636036195,11.22067655088012],[77.72313669730512,11.220496887823296],[77.72331636036195,11.220496887823296]],[[77.72313669730512,11.220856213936944],[77.72331636036195,11.220856213936944],[77.72331636036195,11.221035876993767],[77.72313669730512,11.220856213936944]]]}]},"properties":{"transition":21,"ndbi_d":-0.10899109681070383,"vv_d":1.5622871772953677,"area_ha":2.1922749754998416}},{"type":"Feature","geometry":{"geodesic":false,"type":"GeometryCollection","geometries":[{"type":"LineString","coordinates":[[77.74685222080588,11.27403647875682],[77.7470318838627,11.27403647875682]]},{"type":"Polygon","coordinates":[[[77.74649289469222,11.27403647875682],[77.74685222080588,11.27403647875682],[77.7470318838627,11.274216141813643],[77.7470318838627,11.27403647875682],[77.74721154691953,11.27403647875682],[77.74739120997636,11.273497489586347],[77.7470318838627,11.273317826529524],[77.74828952526047,11.273317826529524],[77.74828952526047,11.274216141813643],[77.74739120997636,11.273677152643172],[77.74739120997636,11.274755130984115],[77.74685222080588,11.275114457097763],[77.74613356857859,11.274755130984115],[77.74595390552176,11.273856815699995],[77.74649289469222,11.273677152643172],[77.74649289469222,11.27403647875682]],[[77.74649289469222,11.27403647875682],[77.74649289469222,11.274216141813643],[77.74631323163541,11.27403647875682],[77.74649289469222,11.27403647875682]],[[77.74631323163541,11.27457546792729],[77.74649289469222,11.27457546792729],[77.74649289469222,11.274755130984115],[77.74631323163541,11.27457546792729]]]}]},"properties":{"transition":31,"ndbi_d":-0.22199713625429598,"vv_d":-0.7052749982302211,"area_ha":2.1918660385500517}},{"type":"Feature","geometry":{"geodesic":false,"type":"Polygon","coordinates":[[[77.6733700305649,11.28751120801861],[77.6733700305649,11.288229860245908],[77.67283104139443,11.288948512473203],[77.67301070445124,11.290026490814146],[77.6726513783376,11.290026490814146],[77.67247171528078,11.289487501643674],[77.67211238916713,11.289487501643674],[77.67211238916713,11.288229860245908],[77.67283104139443,11.287870534132258],[77.67283104139443,11.287331544961788],[77.6733700305649,11.28751120801861]],[[77.67247171528078,11.28930783858685],[77.67229205222395,11.289128175530026],[77.67247171528078,11.289128175530026],[77.67247171528078,11.28930783858685]]]},"properties":{"transition":1,"ndbi_d":-0.19788855114685638,"vv_d":7.7737752693396684,"area_ha":2.1917556099459037}},{"type":"Feature","geometry":{"geodesic":false,"type":"Polygon","coordinates":[[[77.6801972267242,11.31050807929207],[77.6801972267242,11.311226731519367],[77.67965823755374,11.31140639457619],[77.67965823755374,11.31086740540572],[77.6785802592128,11.31086740540572],[77.67840059615597,11.309789427064775],[77.67947857449691,11.309609764007952],[77.67965823755374,11.310328416235247],[77.6801972267242,11.31050807929207]],[[77.67893958532643,11.31050807929207],[77.67875992226962,11.310328416235247],[77.67893958532643,11.310328416235247],[77.67893958532643,11.31050807929207]]]},"properties":{"transition":21,"ndbi_d":-0.2542600618409259,"vv_d":3.64068389965274,"area_ha":2.191589189462768}},{"type":"Feature","geometry":{"geodesic":false,"type":"Polygon","coordinates":[[[77.48184921199062,11.318413253792324],[77.48131022282014,11.318233590735499],[77.48095089670649,11.316975949337731],[77.48077123364968,11.317335275451379],[77.4802322444792,11.317155612394556],[77.48077123364968,11.316796286280908],[77.48148988587697,11.316975949337731],[77.48292719033155,11.316616623224084],[77.48274752727474,11.317155612394556],[77.48256786421791,11.316796286280908],[77.48202887504743,11.316975949337731],[77.48238820116109,11.317694601565027],[77.48184921199062,11.317694601565027],[77.48184921199062,11.318233590735499],[77.48220853810426,11.318233590735499],[77.48184921199062,11.318413253792324]],[[77.48184921199062,11.317514938508204],[77.48148988587697,11.317335275451379],[77.48184921199062,11.317335275451379],[77.48184921199062,11.317514938508204]]]},"properties":{"transition":52,"ndbi_d":0.015940918615732307,"vv_d":-0.06226773437054695,"area_ha":2.191535831287905}},{"type":"Feature","geometry":{"geodesic":false,"type":"MultiPolygon","coordinates":[[[[77.71433320752075,11.393692074601539],[77.71415354446393,11.393153085431068],[77.71487219669122,11.393153085431068],[77.71487219669122,11.393692074601539],[77.7154111858617,11.393512411544716],[77.7154111858617,11.394051400715187],[77.71433320752075,11.393692074601539]]],[[[77.71433320752075,11.393692074601539],[77.71451287057758,11.394410726828836],[77.71379421835029,11.394231063772011],[77.71379421835029,11.394590389885659],[77.71325522917981,11.394770052942484],[77.71325522917981,11.393692074601539],[77.71289590306615,11.393512411544716],[77.71289590306615,11.393871737658364],[77.71253657695252,11.393871737658364],[77.71217725083886,11.39279375931742],[77.71307556612298,11.393153085431068],[77.71343489223663,11.394051400715187],[77.71433320752075,11.393692074601539]]]]},"properties":{"transition":31,"ndbi_d":-0.23462999179693206,"vv_d":0.8554537777415542,"area_ha":2.190949003496017}},{"type":"Feature","geometry":{"geodesic":false,"type":"Polygon","coordinates":[[[77.57599265376633,11.40986174971569],[77.57581299070952,11.40932276054522],[77.57527400153904,11.409502423602042],[77.57527400153904,11.40896343443157],[77.5749146754254,11.409143097488395],[77.5749146754254,11.408604108317922],[77.57617231682316,11.408604108317922],[77.57527400153904,11.408065119147452],[77.57545366459587,11.40752612997698],[77.57617231682316,11.407346466920156],[77.57599265376633,11.408065119147452],[77.57635197987999,11.408065119147452],[77.57617231682316,11.4084244452611],[77.57653164293681,11.40896343443157],[77.57599265376633,11.409143097488395],[77.57635197987999,11.409502423602042],[77.57635197987999,11.40986174971569],[77.57599265376633,11.40986174971569]],[[77.57635197987999,11.40896343443157],[77.57617231682316,11.408783771374747],[77.57635197987999,11.408783771374747],[77.57635197987999,11.40896343443157]]]},"properties":{"transition":21,"ndbi_d":-0.15781708279973827,"vv_d":1.4135338155579886,"area_ha":2.1908340022883737}},{"type":"Feature","geometry":{"geodesic":false,"type":"Polygon","coordinates":[[[77.6643868777237,11.425672098716193],[77.66456654078053,11.42459412037525],[77.6643868777237,11.424953446488898],[77.66402755161005,11.424773783432075],[77.66402755161005,11.425133109545722],[77.66312923632593,11.424953446488898],[77.66348856243958,11.424414457318427],[77.66384788855324,11.424414457318427],[77.66384788855324,11.424773783432075],[77.6643868777237,11.42459412037525],[77.66384788855324,11.42369580509113],[77.66348856243958,11.423875468147955],[77.66330889938276,11.423336478977482],[77.66294957326912,11.423336478977482],[77.66294957326912,11.424234794261602],[77.66259024715546,11.424055131204778],[77.66294957326912,11.42315681592066],[77.66366822549641,11.42315681592066],[77.66456654078053,11.424414457318427],[77.66492586689418,11.424414457318427],[77.66492586689418,11.42549243565937],[77.6643868777237,11.425672098716193]],[[77.66384788855324,11.424953446488898],[77.66366822549641,11.424773783432075],[77.66384788855324,11.424773783432075],[77.66384788855324,11.424953446488898]]]},"properties":{"transition":34,"ndbi_d":0.01131497056277502,"vv_d":0.1992857694028938,"area_ha":2.190713035577737}},{"type":"Feature","geometry":{"geodesic":false,"type":"MultiPolygon","coordinates":[[[[77.46549987381964,11.157435154878105],[77.46549987381964,11.157794480991754],[77.46585919993329,11.157974144048577],[77.46532021076283,11.157974144048577],[77.46549987381964,11.157435154878105]]],[[[77.46549987381964,11.157435154878105],[77.465140547706,11.157255491821282],[77.46496088464917,11.157974144048577],[77.46496088464917,11.157075828764457],[77.46460155853552,11.157075828764457],[77.46460155853552,11.15671650265081],[77.46388290630823,11.157075828764457],[77.46388290630823,11.156536839593986],[77.46442189547871,11.156536839593986],[77.46406256936505,11.155997850423514],[77.46496088464917,11.156357176537162],[77.46532021076283,11.155818187366691],[77.465140547706,11.156536839593986],[77.46639818910377,11.156357176537162],[77.46549987381964,11.156896165707634],[77.46549987381964,11.157435154878105]]]]},"properties":{"transition":52,"ndbi_d":-0.049459457528692755,"vv_d":0.6848805903826292,"area_ha":2.153599444390269}},{"type":"Feature","geometry":{"geodesic":false,"type":"MultiPolygon","coordinates":[[[[77.75493705836296,11.16084875295776],[77.75511672141978,11.161208079071407],[77.75475739530613,11.16138774212823],[77.75493705836296,11.16174706824188],[77.7545777322493,11.16174706824188],[77.75493705836296,11.16084875295776]]],[[[77.75493705836296,11.16084875295776],[77.75403874307884,11.160130100730465],[77.75349975390836,11.160309763787287],[77.75367941696518,11.159231785446345],[77.75421840613566,11.159411448503167],[77.75403874307884,11.158872459332697],[77.75529638447661,11.159411448503167],[77.75475739530613,11.160489426844112],[77.75493705836296,11.16084875295776]],[[77.75475739530613,11.159411448503167],[77.75511672141978,11.159411448503167],[77.75511672141978,11.159591111559992],[77.75475739530613,11.159411448503167]],[[77.75475739530613,11.159770774616817],[77.75439806919248,11.159591111559992],[77.75475739530613,11.159591111559992],[77.75475739530613,11.159770774616817]],[[77.75475739530613,11.159770774616817],[77.75493705836296,11.159770774616817],[77.75493705836296,11.15995043767364],[77.75475739530613,11.159770774616817]]]]},"properties":{"transition":21,"ndbi_d":-0.24788515716791154,"vv_d":1.2205146891999983,"area_ha":2.153576309734565}},{"type":"Feature","geometry":{"geodesic":false,"type":"MultiPolygon","coordinates":[[[[77.5064630507755,11.172706514708137],[77.50664271383232,11.17324550387861],[77.50628338771867,11.172886177764962],[77.5064630507755,11.172706514708137]]],[[[77.50700203994596,11.171628536367194],[77.50754102911644,11.171628536367194],[77.50754102911644,11.17234718859449],[77.50825968134373,11.172706514708137],[77.5080800182869,11.173065840821785],[77.50843934440056,11.173065840821785],[77.50861900745738,11.173604829992257],[77.50718170300279,11.17324550387861],[77.50736136605961,11.172886177764962],[77.50754102911644,11.17324550387861],[77.50790035523009,11.173065840821785],[77.50736136605961,11.17234718859449],[77.50700203994596,11.172490919039948],[77.50700203994596,11.171987862480842],[77.50664271383232,11.171987862480842],[77.50698312804667,11.172498483797872],[77.5064630507755,11.172706514708137],[77.50664271383232,11.172526851651313],[77.5064630507755,11.171628536367194],[77.50718170300279,11.171089547196722],[77.50700203994596,11.171628536367194]],[[77.50700203994596,11.171628536367194],[77.50700203994596,11.171808199424017],[77.50664271383232,11.171628536367194],[77.50700203994596,11.171628536367194]]],[[[77.50698312804667,11.172498483797872],[77.50700203994596,11.172490919039948],[77.50700203994596,11.172526851651313],[77.50698312804667,11.172498483797872]]]]},"properties":{"transition":52,"ndbi_d":-0.027347729667301545,"vv_d":1.195306751061895,"area_ha":2.153483358257768}},{"type":"Feature","geometry":{"geodesic":false,"type":"Polygon","coordinates":[[[77.72205871896418,11.1867202331404],[77.722238382021,11.186360907026753],[77.72134006673689,11.1867202331404],[77.7215197297937,11.186001580913105],[77.72062141450958,11.186360907026753],[77.7208010775664,11.185103265628985],[77.7215197297937,11.184923602572162],[77.72098074062323,11.185821917856282],[77.7215197297937,11.185821917856282],[77.72169939285052,11.18528292868581],[77.72241804507782,11.185103265628985],[77.72259770813464,11.1867202331404],[77.72205871896418,11.1867202331404]],[[77.722238382021,11.185642254799458],[77.72205871896418,11.185462591742633],[77.722238382021,11.185462591742633],[77.722238382021,11.185642254799458]]]},"properties":{"transition":21,"ndbi_d":-0.13869024746077643,"vv_d":1.6774620447668507,"area_ha":2.153384354283072}},{"type":"Feature","geometry":{"geodesic":false,"type":"Polygon","coordinates":[[[77.49244933234323,11.19534405986795],[77.49244933234323,11.1949847337543],[77.49191034317275,11.1949847337543],[77.4922696692864,11.194625407640652],[77.49209000622957,11.194086418470182],[77.49137135400228,11.194266081527005],[77.49101202788863,11.193727092356534],[77.4908323648318,11.194266081527005],[77.49029337566134,11.193906755413357],[77.49047303871816,11.19354742929971],[77.49047303871816,11.193906755413357],[77.4908323648318,11.193906755413357],[77.4908323648318,11.193188103186062],[77.49191034317275,11.193727092356534],[77.49262899540005,11.193367766242886],[77.49244933234323,11.194086418470182],[77.49280865845687,11.194266081527005],[77.49280865845687,11.194805070697477],[77.49244933234323,11.19534405986795]]]},"properties":{"transition":50,"ndbi_d":-0.10078289513370361,"vv_d":-1.7398975249208635,"area_ha":2.1533231412937845}},{"type":"Feature","geometry":{"geodesic":false,"type":"MultiPolygon","coordinates":[[[[77.5801249040733,11.198757657947603],[77.58066389324377,11.198937321004427],[77.58048423018694,11.1994763101749],[77.58156220852788,11.19857799489078],[77.58192153464154,11.198937321004427],[77.58156220852788,11.198937321004427],[77.58156220852788,11.199655973231723],[77.58192153464154,11.1994763101749],[77.58174187158471,11.200194962402195],[77.58120288241425,11.200194962402195],[77.58138254547106,11.199655973231723],[77.58030456713011,11.199655973231723],[77.5801249040733,11.199296647118075],[77.58048423018694,11.198937321004427],[77.5801249040733,11.198757657947603]],[[77.58138254547106,11.199835636288547],[77.58156220852788,11.199835636288547],[77.58156220852788,11.20001529934537],[77.58138254547106,11.199835636288547]]],[[[77.5801249040733,11.198757657947603],[77.57976557795965,11.198937321004427],[77.57994524101647,11.1994763101749],[77.57922658878917,11.1994763101749],[77.579406251846,11.19857799489078],[77.57994524101647,11.19857799489078],[77.57994524101647,11.198218668777132],[77.5801249040733,11.198757657947603]]]]},"properties":{"transition":52,"ndbi_d":0.020971706627063793,"vv_d":0.1409410149228726,"area_ha":2.1532848529041684}},{"type":"Feature","geometry":{"geodesic":false,"type":"GeometryCollection","geometries":[{"type":"LineString","coordinates":[[77.68271250951975,11.20504586493644],[77.68271250951975,11.204686538822791]]},{"type":"Polygon","coordinates":[[[77.68271250951975,11.206303506334207],[77.68271250951975,11.20504586493644],[77.68325149869021,11.204866201879616],[77.6830718356334,11.205225527993264],[77.68343116174704,11.205405191050088],[77.68343116174704,11.205944180220559],[77.68325149869021,11.206842495504679],[77.68217352034927,11.207561147731974],[77.68253284646292,11.206662832447854],[77.68217352034927,11.206662832447854],[77.68217352034927,11.206123843277384],[77.68181419423563,11.206483169391031],[77.68181419423563,11.205944180220559],[77.68199385729245,11.205405191050088],[77.6823531834061,11.205405191050088],[77.6823531834061,11.206483169391031],[77.68271250951975,11.206303506334207]],[[77.68271250951975,11.206303506334207],[77.68289217257657,11.206303506334207],[77.68289217257657,11.206662832447854],[77.68271250951975,11.206303506334207]],[[77.68289217257657,11.205405191050088],[77.68325149869021,11.205405191050088],[77.68325149869021,11.205584854106911],[77.68289217257657,11.205405191050088]]]}]},"properties":{"transition":21,"ndbi_d":-0.17827094938944688,"vv_d":2.2403662254005714,"area_ha":2.153233404717047}},{"type":"Feature","geometry":{"geodesic":false,"type":"Polygon","coordinates":[[[77.75439806919248,11.207561147731974],[77.75439806919248,11.207201821618327],[77.75385908002201,11.207561147731974],[77.75385908002201,11.207201821618327],[77.7545777322493,11.206842495504679],[77.75385908002201,11.206303506334207],[77.75421840613565,11.20648316939103],[77.75421840613565,11.206123843277382],[77.7552963844766,11.205584854106911],[77.75493705836296,11.206123843277382],[77.7552963844766,11.206123843277382],[77.75565571059025,11.20738148467515],[77.7552963844766,11.207201821618327],[77.75511672141977,11.207561147731974],[77.75439806919248,11.207561147731974]],[[77.75475739530613,11.20738148467515],[77.7545777322493,11.207201821618327],[77.75475739530613,11.207201821618327],[77.75475739530613,11.20738148467515]]]},"properties":{"transition":51,"ndbi_d":-0.29981140385974536,"vv_d":2.999102839499273,"area_ha":2.1532290259233844}},{"type":"Feature","geometry":{"geodesic":false,"type":"Polygon","coordinates":[[[77.58803007857354,11.20827979995927],[77.5876707524599,11.208639126072917],[77.5869521002326,11.208639126072917],[77.58659277411896,11.20827979995927],[77.5862334480053,11.208459463016094],[77.58605378494848,11.207920473845622],[77.58838940468719,11.207561147731974],[77.58838940468719,11.208459463016094],[77.58803007857354,11.20827979995927]]]},"properties":{"transition":54,"ndbi_d":0.06011661900715395,"vv_d":0.7231892110926806,"area_ha":2.153218457320487}},{"type":"Feature","geometry":{"geodesic":false,"type":"Polygon","coordinates":[[[77.45579806875115,11.219059583368704],[77.45579806875115,11.218520594198232],[77.45489975346703,11.218520594198232],[77.45561840569432,11.218161268084584],[77.45597773180798,11.218340931141409],[77.45597773180798,11.21887992031188],[77.45669638403527,11.219239246425527],[77.45741503626256,11.21887992031188],[77.45633705792162,11.220496887823295],[77.45561840569432,11.220137561709647],[77.4561573948648,11.219778235596],[77.45561840569432,11.219598572539175],[77.45597773180798,11.219418909482352],[77.45579806875115,11.219059583368704]]]},"properties":{"transition":54,"ndbi_d":0.041057066490281034,"vv_d":1.094445685174515,"area_ha":2.153135148384174}},{"type":"Feature","geometry":{"geodesic":false,"type":"Polygon","coordinates":[[[77.52892093287848,11.246188704949112],[77.52856160676482,11.24600904189229],[77.52874126982165,11.245470052721817],[77.52820228065119,11.245470052721817],[77.52820228065119,11.244931063551347],[77.52928025899213,11.24511072660817],[77.52928025899213,11.244751400494522],[77.5298192481626,11.244751400494522],[77.53035823733308,11.24511072660817],[77.53017857427625,11.246188704949112],[77.52892093287848,11.246188704949112]],[[77.5298192481626,11.24511072660817],[77.52963958510577,11.244931063551347],[77.5298192481626,11.244931063551347],[77.5298192481626,11.24511072660817]],[[77.52874126982165,11.245290389664994],[77.52856160676482,11.24511072660817],[77.52874126982165,11.24511072660817],[77.52874126982165,11.245290389664994]],[[77.52963958510577,11.245290389664994],[77.52945992204894,11.24511072660817],[77.52963958510577,11.24511072660817],[77.52963958510577,11.245290389664994]],[[77.52945992204894,11.245470052721817],[77.52928025899213,11.245290389664994],[77.52945992204894,11.245290389664994],[77.52945992204894,11.245470052721817]],[[77.5298192481626,11.245829378835465],[77.52963958510577,11.245649715778642],[77.5298192481626,11.245649715778642],[77.5298192481626,11.245829378835465]],[[77.52928025899213,11.24600904189229],[77.5291005959353,11.245470052721817],[77.52928025899213,11.245470052721817],[77.52928025899213,11.24600904189229]],[[77.52999891121942,11.24600904189229],[77.5298192481626,11.245829378835465],[77.52999891121942,11.245829378835465],[77.52999891121942,11.24600904189229]]]},"properties":{"transition":52,"ndbi_d":0.07134681275029751,"vv_d":0.6746384581697193,"area_ha":2.1529404270941437}},{"type":"Feature","geometry":{"geodesic":false,"type":"Polygon","coordinates":[[[77.65181046374603,11.25014129219924],[77.65127147457555,11.249422639971943],[77.6501934962346,11.249422639971943],[77.64965450706414,11.24978196608559],[77.64983417012097,11.248883650801472],[77.64893585483685,11.248703987744648],[77.64983417012097,11.248703987744648],[77.65073248540509,11.24924297691512],[77.6523494529165,11.249063313858295],[77.65216978985967,11.249422639971943],[77.65252911597332,11.24978196608559],[77.65199012680286,11.24978196608559],[77.65216978985967,11.25014129219924],[77.65181046374603,11.25014129219924]]]},"properties":{"transition":1,"ndbi_d":-0.07525666710412637,"vv_d":1.0606764866806677,"area_ha":2.152910971824363}},{"type":"Feature","geometry":{"geodesic":false,"type":"Polygon","coordinates":[[[77.68900071650857,11.260202423381378],[77.68792273816763,11.260202423381378],[77.68828206428128,11.259124445040435],[77.68882105345175,11.25984309726773],[77.68900071650857,11.259124445040435],[77.68864139039493,11.25894478198361],[77.68882105345175,11.25840579281314],[77.68828206428128,11.258765118926787],[77.68846172733811,11.257866803642667],[77.6891803795654,11.258765118926787],[77.68971936873587,11.258765118926787],[77.6891803795654,11.25894478198361],[77.68936004262223,11.260022760324555],[77.68900071650857,11.260202423381378]]]},"properties":{"transition":21,"ndbi_d":-0.17310264729048042,"vv_d":2.9830707333897895,"area_ha":2.1528372764102404}},{"type":"Feature","geometry":{"geodesic":false,"type":"Polygon","coordinates":[[[77.79194764806867,11.286433229677668],[77.79122899584138,11.285714577450372],[77.7906900066709,11.285714577450372],[77.79051034361409,11.284995925223077],[77.79194764806867,11.2851755882799],[77.79230697418232,11.285714577450372],[77.79266630029596,11.2851755882799],[77.79320528946644,11.285355251336725],[77.79248663723915,11.285894240507195],[77.79266630029596,11.286433229677668],[77.79194764806867,11.286433229677668]],[[77.79230697418232,11.28607390356402],[77.7921273111255,11.285714577450372],[77.79230697418232,11.285714577450372],[77.79230697418232,11.28607390356402]]]},"properties":{"transition":1,"ndbi_d":0.05990733831634067,"vv_d":4.473490807905954,"area_ha":2.1526394367959276}},{"type":"Feature","geometry":{"geodesic":false,"type":"Polygon","coordinates":[[[77.52748362842388,11.363688344111948],[77.5260463239693,11.363149354941475],[77.52640565008295,11.362790028827828],[77.52676497619659,11.363149354941475],[77.52676497619659,11.36243070271418],[77.52748362842388,11.362251039657355],[77.52712430231024,11.36153238743006],[77.52784295453753,11.361712050486883],[77.52784295453753,11.36296969188465],[77.52748362842388,11.36296969188465],[77.52748362842388,11.363329017998298],[77.52820228065119,11.363508681055123],[77.52748362842388,11.363688344111948]]]},"properties":{"transition":21,"ndbi_d":-0.13147463536059315,"vv_d":2.8776074691120734,"area_ha":2.1520588205712703}},{"type":"Feature","geometry":{"geodesic":false,"type":"MultiPolygon","coordinates":[[[[77.55407376083383,11.374288464464557],[77.5546127500043,11.373390149180437],[77.55551106528841,11.373569812237262],[77.55569072834524,11.373210486123615],[77.55479241306112,11.373210486123615],[77.55479241306112,11.372851160009967],[77.55443308694748,11.373210486123615],[77.55443308694748,11.372851160009967],[77.55587039140207,11.372671496953142],[77.55587039140207,11.373569812237262],[77.5553314022316,11.374288464464557],[77.55407376083383,11.374288464464557]],[[77.55497207611795,11.373749475294087],[77.5553314022316,11.373749475294087],[77.5553314022316,11.37392913835091],[77.55497207611795,11.373749475294087]]],[[[77.55407376083383,11.374288464464557],[77.55425342389066,11.37482745363503],[77.55371443472018,11.375366442805502],[77.55353477166335,11.37482745363503],[77.55407376083383,11.374468127521382],[77.55371443472018,11.374108801407735],[77.55407376083383,11.374288464464557]]]]},"properties":{"transition":21,"ndbi_d":-0.18433905345472423,"vv_d":1.0697915836649448,"area_ha":2.151976216013456}},{"type":"Feature","geometry":{"geodesic":false,"type":"Polygon","coordinates":[[[77.74379794883987,11.446513013307767],[77.74343862272622,11.445435034966824],[77.74379794883987,11.44525537191],[77.74415727495351,11.44525537191],[77.7439776118967,11.44615368719412],[77.74469626412399,11.446333350250942],[77.74487592718081,11.44435705662588],[77.74433693801033,11.443997730512232],[77.74433693801033,11.443458741341761],[77.74469626412399,11.443279078284936],[77.74451660106716,11.443818067455409],[77.74487592718081,11.443818067455409],[77.74523525329445,11.444896045796352],[77.74523525329445,11.44615368719412],[77.74505559023764,11.446513013307767],[77.74379794883987,11.446513013307767]],[[77.74505559023764,11.445794361080472],[77.74487592718081,11.445614698023647],[77.74505559023764,11.445614698023647],[77.74505559023764,11.445794361080472]],[[77.74505559023764,11.44615368719412],[77.74487592718081,11.445974024137294],[77.74505559023764,11.445974024137294],[77.74505559023764,11.44615368719412]]]},"properties":{"transition":54,"ndbi_d":0.03426449856593866,"vv_d":0.2927661243068234,"area_ha":2.1514335992803013}},{"type":"Feature","geometry":{"geodesic":false,"type":"Polygon","coordinates":[[[77.63851539754106,11.153841893741626],[77.63815607142742,11.153662230684803],[77.63833573448423,11.152943578457506],[77.63797640837059,11.152943578457506],[77.63815607142742,11.152404589287036],[77.63923404976836,11.152404589287036],[77.63923404976836,11.151865600116563],[77.63977303893883,11.151865600116563],[77.63941371282517,11.153302904571154],[77.63851539754106,11.153841893741626]],[[77.63923404976836,11.153302904571154],[77.63905438671154,11.152763915400683],[77.63923404976836,11.152763915400683],[77.63923404976836,11.153302904571154]],[[77.63869506059788,11.153482567627979],[77.63851539754106,11.153302904571154],[77.63869506059788,11.153302904571154],[77.63869506059788,11.153482567627979]]]},"properties":{"transition":21,"ndbi_d":-0.20865286531409732,"vv_d":1.9769634598952532,"area_ha":2.114472370734885}},{"type":"Feature","geometry":{"geodesic":false,"type":"MultiPolygon","coordinates":[[[[77.4910543015459,11.20973824124249],[77.49137135400228,11.209896767470685],[77.49137135400228,11.209357778300214],[77.49101202788864,11.20917811524339],[77.49101202788864,11.20959732904564],[77.49083236483182,11.208998452186567],[77.4922696692864,11.208998452186567],[77.49280865845688,11.209717104413862],[77.49209000622959,11.209896767470685],[77.49137135400228,11.210795082754805],[77.4910543015459,11.20973824124249]]],[[[77.49101202788864,11.20959732904564],[77.4910543015459,11.20973824124249],[77.49101202788864,11.209717104413862],[77.49101202788864,11.20959732904564]]]]},"properties":{"transition":54,"ndbi_d":0.06817221264699819,"vv_d":-0.31530303252006275,"area_ha":2.1140576788033965}},{"type":"Feature","geometry":{"geodesic":false,"type":"Polygon","coordinates":[[[77.69151599930412,11.224629138130245],[77.69061768402,11.224269812016598],[77.69043802096317,11.222832507562005],[77.69115667319046,11.222832507562005],[77.69133633624729,11.223730822846125],[77.69169566236093,11.223730822846125],[77.69151599930412,11.223371496732478],[77.69187532541775,11.223551159789302],[77.69205498847458,11.224629138130245],[77.69151599930412,11.224629138130245]],[[77.69079734707681,11.223551159789302],[77.69061768402,11.223371496732478],[77.69079734707681,11.223371496732478],[77.69079734707681,11.223551159789302]],[[77.69187532541775,11.22444947507342],[77.69151599930412,11.224269812016598],[77.69187532541775,11.224269812016598],[77.69187532541775,11.22444947507342]]]},"properties":{"transition":1,"ndbi_d":0.1598272699586771,"vv_d":2.244322393969143,"area_ha":2.1139548454164534}},{"type":"Feature","geometry":{"geodesic":false,"type":"Polygon","coordinates":[[[77.76948976596569,11.225707116471188],[77.76931010290886,11.225168127300716],[77.76966942902251,11.224988464243893],[77.76931010290886,11.22444947507342],[77.76966942902251,11.22444947507342],[77.76966942902251,11.224090148959773],[77.7687711137384,11.223551159789302],[77.77056774430663,11.223730822846125],[77.77074740736346,11.224629138130245],[77.76948976596569,11.225707116471188]],[[77.76984909207934,11.224090148959773],[77.76966942902251,11.22391048590295],[77.76984909207934,11.22391048590295],[77.76984909207934,11.224090148959773]],[[77.77020841819298,11.224090148959773],[77.77002875513615,11.22391048590295],[77.77020841819298,11.22391048590295],[77.77020841819298,11.224090148959773]],[[77.77020841819298,11.224808801187068],[77.76984909207934,11.224629138130245],[77.77020841819298,11.224629138130245],[77.77020841819298,11.224808801187068]],[[77.76984909207934,11.224988464243893],[77.76966942902251,11.224808801187068],[77.76984909207934,11.224808801187068],[77.76984909207934,11.224988464243893]]]},"properties":{"transition":31,"ndbi_d":-0.17938800585559672,"vv_d":1.679449035283331,"area_ha":2.113949690661856}},{"type":"Feature","geometry":{"geodesic":false,"type":"Polygon","coordinates":[[[77.57527400153904,11.236666562937446],[77.5749146754254,11.236486899880623],[77.5749146754254,11.23594791071015],[77.57545366459587,11.236127573766975],[77.57545366459587,11.235768247653327],[77.57509433848222,11.235768247653327],[77.57545366459587,11.235588584596503],[77.57527400153904,11.234869932369207],[77.57509433848222,11.23540892153968],[77.57383669708446,11.235049595426032],[77.5749146754254,11.235049595426032],[77.57509433848222,11.234690269312383],[77.57581299070952,11.234869932369207],[77.5756333276527,11.23451060625556],[77.57599265376633,11.234330943198735],[77.57581299070952,11.234690269312383],[77.57617231682316,11.235229258482855],[77.57581299070952,11.235229258482855],[77.57581299070952,11.235588584596503],[77.57635197987999,11.23594791071015],[77.57581299070952,11.235768247653327],[77.57581299070952,11.236666562937446],[77.57527400153904,11.236666562937446]]]},"properties":{"transition":52,"ndbi_d":0.056101660847801854,"vv_d":-0.012760710949989288,"area_ha":2.113868340542927}},{"type":"Feature","geometry":{"geodesic":false,"type":"Polygon","coordinates":[[[77.468194819672,11.356681484895814],[77.46801515661518,11.355962832668519],[77.46855414578565,11.355783169611694],[77.46855414578565,11.355423843498047],[77.4689134718993,11.355783169611694],[77.4689134718993,11.355244180441224],[77.46945246106976,11.354705191270751],[77.47035077635388,11.355064517384399],[77.47053043941071,11.354345865157104],[77.47106942858117,11.354345865157104],[77.47106942858117,11.355064517384399],[77.47053043941071,11.354884854327576],[77.47035077635388,11.355783169611694],[77.46999145024024,11.355244180441224],[77.46927279801294,11.355064517384399],[77.46909313495611,11.356142495725344],[77.46945246106976,11.356322158782167],[77.468194819672,11.356681484895814]],[[77.47017111329706,11.355244180441224],[77.46999145024024,11.355064517384399],[77.47017111329706,11.355064517384399],[77.47017111329706,11.355244180441224]],[[77.46837448272882,11.356322158782167],[77.468194819672,11.356142495725344],[77.46837448272882,11.356142495725344],[77.46837448272882,11.356322158782167]]]},"properties":{"transition":52,"ndbi_d":0.03934386740783574,"vv_d":-0.8562467141231198,"area_ha":2.1129843058399804}},{"type":"Feature","geometry":{"geodesic":false,"type":"Polygon","coordinates":[[[77.79230697418232,11.372671496953142],[77.79176798501184,11.371054529441727],[77.79104933278455,11.370515540271255],[77.79122899584138,11.370156214157607],[77.79266630029596,11.370335877214432],[77.79230697418232,11.370515540271255],[77.79266630029596,11.371234192498552],[77.7921273111255,11.3715935186122],[77.79230697418232,11.371952844725847],[77.79266630029596,11.371773181669022],[77.79230697418232,11.372671496953142]],[[77.79194764806867,11.370874866384902],[77.79176798501184,11.37069520332808],[77.79194764806867,11.37069520332808],[77.79194764806867,11.370874866384902]]]},"properties":{"transition":25,"ndbi_d":-0.01880062575569523,"vv_d":2.24160212084931,"area_ha":2.1128695183495116}},{"type":"Feature","geometry":{"geodesic":false,"type":"MultiPolygon","coordinates":[[[[77.47788100186989,11.370773317699049],[77.47753729862684,11.370515540271256],[77.4778966247405,11.37069520332808],[77.47788100186989,11.370773317699049]]],[[[77.47788100186989,11.370773317699049],[77.47825595085415,11.371054529441727],[77.47897460308144,11.370156214157609],[77.47879494002461,11.37069520332808],[77.47933392919508,11.370515540271256],[77.4795135922519,11.370874866384904],[77.47915426613827,11.370874866384904],[77.47897460308144,11.3715935186122],[77.47969325530873,11.371413855555375],[77.4795135922519,11.371952844725847],[77.47897460308144,11.371952844725847],[77.47843561391096,11.371952844725847],[77.47825595085415,11.3715935186122],[77.47807628779732,11.371952844725847],[77.47771696168367,11.3715935186122],[77.47788100186989,11.370773317699049]],[[77.47843561391096,11.371234192498552],[77.47861527696779,11.371234192498552],[77.47861527696779,11.371413855555375],[77.47843561391096,11.371234192498552]],[[77.47843561391096,11.371234192498552],[77.47825595085415,11.371054529441727],[77.47843561391096,11.371054529441727],[77.47843561391096,11.371234192498552]]]]},"properties":{"transition":21,"ndbi_d":-0.2987058472440199,"vv_d":3.7848399749894517,"area_ha":2.1128679271834674}},{"type":"Feature","geometry":{"geodesic":false,"type":"Polygon","coordinates":[[[77.7989545072848,11.398542977135785],[77.79841551811434,11.398542977135785],[77.79877484422798,11.398183651022137],[77.79823585505751,11.39746499879484],[77.79859518117115,11.39692600962437],[77.79913417034163,11.397285335738017],[77.79913417034163,11.39692600962437],[77.79949349645528,11.39692600962437],[77.79985282256892,11.39836331407896],[77.7989545072848,11.398542977135785]]]},"properties":{"transition":25,"ndbi_d":0.006215364445880469,"vv_d":-0.7466015009247315,"area_ha":2.1126712259268134}}]}